[run_kn] log -> /speech/abhishek/indic-nar-filler_asr/logs/train_kn_ep15resume_constlr2e6_75ep_dualwandb2_20260917_152619.log
[run] env=/speech/abhishek/miniconda3/envs/indic-nar-filler_asr GPUs=6,7,8,9 (n=4)  eff_batch=256  out=/speech/abhishek/indic-nar-filler_asr/runs/kn_en_d2vaqcKN_sa8_ACMLM_alibi_fps50_fw003_exp
[run] encoder=/speech/abhishek/kannada_data/encoders/SPRING_INX_data2vec_aqc_Kannada.pt
W0917 15:26:20.715000 133511268250688 torch/distributed/run.py:779] 
W0917 15:26:20.715000 133511268250688 torch/distributed/run.py:779] *****************************************
W0917 15:26:20.715000 133511268250688 torch/distributed/run.py:779] Setting OMP_NUM_THREADS environment variable for each process to be 1 in default, to avoid your system being overloaded, please further tune the variable for optimal performance in your application as needed. 
W0917 15:26:20.715000 133511268250688 torch/distributed/run.py:779] *****************************************
[W917 15:26:24.171075644 CUDAAllocatorConfig.h:28] Warning: expandable_segments not supported on this platform (function operator())
[W917 15:26:24.624938392 CUDAAllocatorConfig.h:28] Warning: expandable_segments not supported on this platform (function operator())
[W917 15:26:24.644776313 CUDAAllocatorConfig.h:28] Warning: expandable_segments not supported on this platform (function operator())
[W917 15:26:24.693587522 CUDAAllocatorConfig.h:28] Warning: expandable_segments not supported on this platform (function operator())
INFO:Data2VecAQCEncoder:[data2vec_aqc] ckpt:             /speech/abhishek/kannada_data/encoders/SPRING_INX_data2vec_aqc_Kannada.pt
INFO:Data2VecAQCEncoder:[data2vec_aqc] outer _name:      wav2vec_ctc  (CTC fine-tuned)
INFO:Data2VecAQCEncoder:[data2vec_aqc] inner _name:      data2vec_audio
INFO:Data2VecAQCEncoder:[data2vec_aqc] layer_norm_first: False
INFO:Data2VecAQCEncoder:[data2vec_aqc] tgt_layer:        None (None=run all blocks)
INFO:Data2VecAQCEncoder:[data2vec_aqc] dropped outside w2v_model.*: ['w2v_encoder.proj.bias', 'w2v_encoder.proj.weight']
INFO:Data2VecAQCEncoder:[data2vec_aqc] dropped INSIDE body (AQC extras): ['contr_proj.bias', 'contr_proj.weight', 'project_q.bias', 'project_q.weight', 'quantizer.vars', 'quantizer.weight_proj.bias', 'quantizer.weight_proj.weight']
INFO:Data2VecAQCEncoder:[data2vec_aqc] missing keys (expect empty/pretraining-only): []
INFO:Data2VecAQCEncoder:[data2vec_aqc] ckpt:             /speech/abhishek/kannada_data/encoders/SPRING_INX_data2vec_aqc_Kannada.pt
INFO:Data2VecAQCEncoder:[data2vec_aqc] outer _name:      wav2vec_ctc  (CTC fine-tuned)
INFO:Data2VecAQCEncoder:[data2vec_aqc] inner _name:      data2vec_audio
INFO:Data2VecAQCEncoder:[data2vec_aqc] layer_norm_first: False
INFO:Data2VecAQCEncoder:[data2vec_aqc] tgt_layer:        None (None=run all blocks)
INFO:Data2VecAQCEncoder:[data2vec_aqc] dropped outside w2v_model.*: ['w2v_encoder.proj.bias', 'w2v_encoder.proj.weight']
INFO:Data2VecAQCEncoder:[data2vec_aqc] dropped INSIDE body (AQC extras): ['contr_proj.bias', 'contr_proj.weight', 'project_q.bias', 'project_q.weight', 'quantizer.vars', 'quantizer.weight_proj.bias', 'quantizer.weight_proj.weight']
INFO:Data2VecAQCEncoder:[data2vec_aqc] missing keys (expect empty/pretraining-only): []
INFO:Data2VecAQCEncoder:[data2vec_aqc] ckpt:             /speech/abhishek/kannada_data/encoders/SPRING_INX_data2vec_aqc_Kannada.pt
INFO:Data2VecAQCEncoder:[data2vec_aqc] outer _name:      wav2vec_ctc  (CTC fine-tuned)
INFO:Data2VecAQCEncoder:[data2vec_aqc] inner _name:      data2vec_audio
INFO:Data2VecAQCEncoder:[data2vec_aqc] layer_norm_first: False
INFO:Data2VecAQCEncoder:[data2vec_aqc] tgt_layer:        None (None=run all blocks)
INFO:Data2VecAQCEncoder:[data2vec_aqc] dropped outside w2v_model.*: ['w2v_encoder.proj.bias', 'w2v_encoder.proj.weight']
INFO:Data2VecAQCEncoder:[data2vec_aqc] dropped INSIDE body (AQC extras): ['contr_proj.bias', 'contr_proj.weight', 'project_q.bias', 'project_q.weight', 'quantizer.vars', 'quantizer.weight_proj.bias', 'quantizer.weight_proj.weight']
INFO:Data2VecAQCEncoder:[data2vec_aqc] missing keys (expect empty/pretraining-only): []
INFO:Data2VecAQCEncoder:[data2vec_aqc] ckpt:             /speech/abhishek/kannada_data/encoders/SPRING_INX_data2vec_aqc_Kannada.pt
INFO:Data2VecAQCEncoder:[data2vec_aqc] outer _name:      wav2vec_ctc  (CTC fine-tuned)
INFO:Data2VecAQCEncoder:[data2vec_aqc] inner _name:      data2vec_audio
INFO:Data2VecAQCEncoder:[data2vec_aqc] layer_norm_first: False
INFO:Data2VecAQCEncoder:[data2vec_aqc] tgt_layer:        None (None=run all blocks)
INFO:Data2VecAQCEncoder:[data2vec_aqc] dropped outside w2v_model.*: ['w2v_encoder.proj.bias', 'w2v_encoder.proj.weight']
INFO:Data2VecAQCEncoder:[data2vec_aqc] dropped INSIDE body (AQC extras): ['contr_proj.bias', 'contr_proj.weight', 'project_q.bias', 'project_q.weight', 'quantizer.vars', 'quantizer.weight_proj.bias', 'quantizer.weight_proj.weight']
INFO:Data2VecAQCEncoder:[data2vec_aqc] missing keys (expect empty/pretraining-only): []
/speech/abhishek/indic-nar-filler_asr/train.py:109: FutureWarning: You are using `torch.load` with `weights_only=False` (the current default value), which uses the default pickle module implicitly. It is possible to construct malicious pickle data which will execute arbitrary code during unpickling (See https://github.com/pytorch/pytorch/blob/main/SECURITY.md#untrusted-models for more details). In a future release, the default value for `weights_only` will be flipped to `True`. This limits the functions that could be executed during unpickling. Arbitrary objects will no longer be allowed to be loaded via this mode unless they are explicitly allowlisted by the user via `torch.serialization.add_safe_globals`. We recommend you start setting `weights_only=True` for any use case where you don't have full control of the loaded file. Please open an issue on GitHub for any issues related to this experimental feature.
  ck = torch.load(path, map_location="cpu")
/speech/abhishek/indic-nar-filler_asr/train.py:109: FutureWarning: You are using `torch.load` with `weights_only=False` (the current default value), which uses the default pickle module implicitly. It is possible to construct malicious pickle data which will execute arbitrary code during unpickling (See https://github.com/pytorch/pytorch/blob/main/SECURITY.md#untrusted-models for more details). In a future release, the default value for `weights_only` will be flipped to `True`. This limits the functions that could be executed during unpickling. Arbitrary objects will no longer be allowed to be loaded via this mode unless they are explicitly allowlisted by the user via `torch.serialization.add_safe_globals`. We recommend you start setting `weights_only=True` for any use case where you don't have full control of the loaded file. Please open an issue on GitHub for any issues related to this experimental feature.
  ck = torch.load(path, map_location="cpu")
/speech/abhishek/indic-nar-filler_asr/train.py:109: FutureWarning: You are using `torch.load` with `weights_only=False` (the current default value), which uses the default pickle module implicitly. It is possible to construct malicious pickle data which will execute arbitrary code during unpickling (See https://github.com/pytorch/pytorch/blob/main/SECURITY.md#untrusted-models for more details). In a future release, the default value for `weights_only` will be flipped to `True`. This limits the functions that could be executed during unpickling. Arbitrary objects will no longer be allowed to be loaded via this mode unless they are explicitly allowlisted by the user via `torch.serialization.add_safe_globals`. We recommend you start setting `weights_only=True` for any use case where you don't have full control of the loaded file. Please open an issue on GitHub for any issues related to this experimental feature.
  ck = torch.load(path, map_location="cpu")
/speech/abhishek/indic-nar-filler_asr/train.py:109: FutureWarning: You are using `torch.load` with `weights_only=False` (the current default value), which uses the default pickle module implicitly. It is possible to construct malicious pickle data which will execute arbitrary code during unpickling (See https://github.com/pytorch/pytorch/blob/main/SECURITY.md#untrusted-models for more details). In a future release, the default value for `weights_only` will be flipped to `True`. This limits the functions that could be executed during unpickling. Arbitrary objects will no longer be allowed to be loaded via this mode unless they are explicitly allowlisted by the user via `torch.serialization.add_safe_globals`. We recommend you start setting `weights_only=True` for any use case where you don't have full control of the loaded file. Please open an issue on GitHub for any issues related to this experimental feature.
  ck = torch.load(path, map_location="cpu")
[resume] constant LR pinned to 2.00e-06
[resume] from /speech/abhishek/indic-nar-filler_asr/runs/kn_en_d2vaqcKN_sa8_ACMLM_alibi_fps50_fw003_exp/best_ep15.pt: step=28020 -> epoch=16 (skip 0 micro-batches) best_val=0.5689
[wandb] resuming run id 06tgvd3w
DEBUG:asyncio:Using selector: EpollSelector
DEBUG:git.cmd:Popen(['git', 'version'], cwd=/speech/abhishek/indic-nar-filler_asr, stdin=None, shell=False, universal_newlines=False)
DEBUG:git.cmd:Popen(['git', 'version'], cwd=/speech/abhishek/indic-nar-filler_asr, stdin=None, shell=False, universal_newlines=False)
DEBUG:git.util:sys.platform='linux', git_executable='git'
wandb: [wandb.login()] Loaded credentials for https://api.wandb.ai from /speech/abhishek/.netrc.
DEBUG:urllib3.connectionpool:Starting new HTTPS connection (1): api.wandb.ai:443
DEBUG:urllib3.connectionpool:https://api.wandb.ai:443 "POST /graphql HTTP/1.1" 200 380
wandb: Currently logged in as: abhisingh964800 (abhisingh964800-iit-madras-foundation) to https://api.wandb.ai. Use `wandb login --relogin` to force relogin
DEBUG:git.util:sys.platform='linux', git_executable='git'
wandb: setting up run 06tgvd3w
wandb: Tracking run with wandb version 0.27.0
wandb: Run data is saved locally in /speech/abhishek/indic-nar-filler_asr/wandb/run-20260917_152645-06tgvd3w
wandb: Run `wandb offline` to turn off syncing.
wandb: Resuming run kn_en_d2vaqcKN_sa8_ACMLM_alibi_fps50_fw003_exp
wandb: ⭐️ View project at https://wandb.ai/abhisingh964800-iit-madras-foundation/indic_nar_kn_en
wandb: 🚀 View run at https://wandb.ai/abhisingh964800-iit-madras-foundation/indic_nar_kn_en/runs/06tgvd3w
wandb run (resumed): https://wandb.ai/abhisingh964800-iit-madras-foundation/indic_nar_kn_en/runs/06tgvd3w
DEBUG:urllib3.connectionpool:Starting new HTTPS connection (1): api.wandb.ai:443
DEBUG:urllib3.connectionpool:https://api.wandb.ai:443 "POST /graphql HTTP/1.1" 200 380
DEBUG:git.util:sys.platform='linux', git_executable='git'
wandb: setting up run lwi6nrah
wandb: Tracking run with wandb version 0.27.0
wandb: Run data is saved locally in /speech/abhishek/indic-nar-filler_asr/wandb/run-20260917_152648-lwi6nrah
wandb: Run `wandb offline` to turn off syncing.
wandb: Syncing run kn_en_ep15resume_constlr2e6_75ep_LIVE
wandb: ⭐️ View project at https://wandb.ai/abhisingh964800-iit-madras-foundation/indic_nar_kn_en
wandb: 🚀 View run at https://wandb.ai/abhisingh964800-iit-madras-foundation/indic_nar_kn_en/runs/lwi6nrah
wandb run (live mirror): https://wandb.ai/abhisingh964800-iit-madras-foundation/indic_nar_kn_en/runs/lwi6nrah
[setup] world=4 train=478302 dev=500 trainable=100.97M pos_mode=alibi PE=True sa_layers=8 fps=50 sched=constant mask=0.2-0.3x10 eff_batch=256 steps/epoch=1868 total_steps=140100
[log] config=/speech/abhishek/indic-nar-filler_asr/log_config.json disabled=none
/speech/abhishek/indic-nar-filler_asr/deps/fairseq/examples/data2vec/models/data2vec_audio.py:190: FutureWarning: Positional args are being deprecated, use kwargs instead. Refer to https://pytorch.org/docs/main/generated/torch.nn.Module.html#torch.nn.Module.state_dict for details.
  state = super().state_dict(destination, prefix, keep_vars)
[ckpt-audit] checkpoint will save 100 trainable tensors / 100.97M params  (hubert tensors included=0)
[select] best.pt = argmin eval/iter_WER; other metrics are diagnostics only
[data-audit] ACMLM transform, 1 train clip: T=656 graded(masked)_slots=217
   frame:input[->CEtarget], first 24/656  (<mask>=input hole; -> = supervised slot)
   0:<s> 1:ನ 2:ಿ 3:ರ 4:ು 5:<mask>->ದ 6:<mask>->್ 7:ಯ 8:<mask>->ೋ 9:<mask>->ಗ 10:| 11:ಸ 12:<mask>->ಮ 13:ಸ 14:್ 15:ಸ 16:ೆ 17:| 18:<mask>->ಬ 19:ಗ 20:್ 21:ಗ 22:ೆ 23:|
[frozen-audit] after model.train(): hubert.training=False hubert_trainable_tensors=0  (expect False / 0 -> no layerdrop, no dropout, deterministic tap)
ep16 step28025/140100 loss=0.9974 acc=0.857 lr=2.00e-06 gnorm=3.23 136 smp/s
wandb: WARNING Tried to log to step 28025 that is less than the current step 37651. Steps must be monotonically increasing, so this data will be ignored. See https://wandb.me/define-metric to log data out of order.
ep16 step28050/140100 loss=1.0872 acc=0.902 lr=2.00e-06 gnorm=2.13 161 smp/s
wandb: WARNING Tried to log to step 28050 that is less than the current step 37651. Steps must be monotonically increasing, so this data will be ignored. See https://wandb.me/define-metric to log data out of order.
ep16 step28075/140100 loss=1.0079 acc=0.891 lr=2.00e-06 gnorm=4.63 162 smp/s
wandb: WARNING Tried to log to step 28075 that is less than the current step 37651. Steps must be monotonically increasing, so this data will be ignored. See https://wandb.me/define-metric to log data out of order.
ep16 step28100/140100 loss=1.0721 acc=0.870 lr=2.00e-06 gnorm=1.46 163 smp/s
wandb: WARNING Tried to log to step 28100 that is less than the current step 37651. Steps must be monotonically increasing, so this data will be ignored. See https://wandb.me/define-metric to log data out of order.
ep16 step28125/140100 loss=0.9801 acc=0.881 lr=2.00e-06 gnorm=2.71 162 smp/s
wandb: WARNING Tried to log to step 28125 that is less than the current step 37651. Steps must be monotonically increasing, so this data will be ignored. See https://wandb.me/define-metric to log data out of order.
ep16 step28150/140100 loss=0.8982 acc=0.923 lr=2.00e-06 gnorm=2.22 162 smp/s
wandb: WARNING Tried to log to step 28150 that is less than the current step 37651. Steps must be monotonically increasing, so this data will be ignored. See https://wandb.me/define-metric to log data out of order.
ep16 step28175/140100 loss=0.7697 acc=0.872 lr=2.00e-06 gnorm=1.55 162 smp/s
wandb: WARNING Tried to log to step 28175 that is less than the current step 37651. Steps must be monotonically increasing, so this data will be ignored. See https://wandb.me/define-metric to log data out of order.
ep16 step28200/140100 loss=0.9612 acc=0.903 lr=2.00e-06 gnorm=3.58 161 smp/s
wandb: WARNING Tried to log to step 28200 that is less than the current step 37651. Steps must be monotonically increasing, so this data will be ignored. See https://wandb.me/define-metric to log data out of order.
ep16 step28225/140100 loss=0.8557 acc=0.908 lr=2.00e-06 gnorm=2.07 162 smp/s
wandb: WARNING Tried to log to step 28225 that is less than the current step 37651. Steps must be monotonically increasing, so this data will be ignored. See https://wandb.me/define-metric to log data out of order.
ep16 step28250/140100 loss=1.0386 acc=0.937 lr=2.00e-06 gnorm=2.67 161 smp/s
wandb: WARNING Tried to log to step 28250 that is less than the current step 37651. Steps must be monotonically increasing, so this data will be ignored. See https://wandb.me/define-metric to log data out of order.
ep16 step28275/140100 loss=1.0230 acc=0.905 lr=2.00e-06 gnorm=2.86 161 smp/s
wandb: WARNING Tried to log to step 28275 that is less than the current step 37651. Steps must be monotonically increasing, so this data will be ignored. See https://wandb.me/define-metric to log data out of order.
ep16 step28300/140100 loss=0.8092 acc=0.889 lr=2.00e-06 gnorm=3.36 161 smp/s
wandb: WARNING Tried to log to step 28300 that is less than the current step 37651. Steps must be monotonically increasing, so this data will be ignored. See https://wandb.me/define-metric to log data out of order.
ep16 step28325/140100 loss=0.6608 acc=0.925 lr=2.00e-06 gnorm=2.96 161 smp/s
wandb: WARNING Tried to log to step 28325 that is less than the current step 37651. Steps must be monotonically increasing, so this data will be ignored. See https://wandb.me/define-metric to log data out of order.
ep16 step28350/140100 loss=0.9256 acc=0.908 lr=2.00e-06 gnorm=1.70 161 smp/s
wandb: WARNING Tried to log to step 28350 that is less than the current step 37651. Steps must be monotonically increasing, so this data will be ignored. See https://wandb.me/define-metric to log data out of order.
ep16 step28375/140100 loss=0.9694 acc=0.943 lr=2.00e-06 gnorm=2.76 161 smp/s
wandb: WARNING Tried to log to step 28375 that is less than the current step 37651. Steps must be monotonically increasing, so this data will be ignored. See https://wandb.me/define-metric to log data out of order.
ep16 step28400/140100 loss=1.1267 acc=0.902 lr=2.00e-06 gnorm=1.89 161 smp/s
wandb: WARNING Tried to log to step 28400 that is less than the current step 37651. Steps must be monotonically increasing, so this data will be ignored. See https://wandb.me/define-metric to log data out of order.
ep16 step28425/140100 loss=0.9291 acc=0.954 lr=2.00e-06 gnorm=1.36 161 smp/s
wandb: WARNING Tried to log to step 28425 that is less than the current step 37651. Steps must be monotonically increasing, so this data will be ignored. See https://wandb.me/define-metric to log data out of order.
ep16 step28450/140100 loss=1.0922 acc=0.863 lr=2.00e-06 gnorm=1.41 161 smp/s
wandb: WARNING Tried to log to step 28450 that is less than the current step 37651. Steps must be monotonically increasing, so this data will be ignored. See https://wandb.me/define-metric to log data out of order.
ep16 step28475/140100 loss=0.9444 acc=0.902 lr=2.00e-06 gnorm=2.13 161 smp/s
wandb: WARNING Tried to log to step 28475 that is less than the current step 37651. Steps must be monotonically increasing, so this data will be ignored. See https://wandb.me/define-metric to log data out of order.
ep16 step28500/140100 loss=0.7638 acc=0.942 lr=2.00e-06 gnorm=1.96 161 smp/s
wandb: WARNING Tried to log to step 28500 that is less than the current step 37651. Steps must be monotonically increasing, so this data will be ignored. See https://wandb.me/define-metric to log data out of order.
ep16 step28525/140100 loss=1.1849 acc=0.865 lr=2.00e-06 gnorm=1.94 161 smp/s
wandb: WARNING Tried to log to step 28525 that is less than the current step 37651. Steps must be monotonically increasing, so this data will be ignored. See https://wandb.me/define-metric to log data out of order.
ep16 step28550/140100 loss=0.8316 acc=0.940 lr=2.00e-06 gnorm=1.87 161 smp/s
wandb: WARNING Tried to log to step 28550 that is less than the current step 37651. Steps must be monotonically increasing, so this data will be ignored. See https://wandb.me/define-metric to log data out of order.
ep16 step28575/140100 loss=0.9711 acc=0.894 lr=2.00e-06 gnorm=1.94 161 smp/s
wandb: WARNING Tried to log to step 28575 that is less than the current step 37651. Steps must be monotonically increasing, so this data will be ignored. See https://wandb.me/define-metric to log data out of order.
ep16 step28600/140100 loss=0.8409 acc=0.928 lr=2.00e-06 gnorm=3.41 161 smp/s
wandb: WARNING Tried to log to step 28600 that is less than the current step 37651. Steps must be monotonically increasing, so this data will be ignored. See https://wandb.me/define-metric to log data out of order.
ep16 step28625/140100 loss=0.7222 acc=0.942 lr=2.00e-06 gnorm=1.57 161 smp/s
wandb: WARNING Tried to log to step 28625 that is less than the current step 37651. Steps must be monotonically increasing, so this data will be ignored. See https://wandb.me/define-metric to log data out of order.
ep16 step28650/140100 loss=1.0185 acc=0.879 lr=2.00e-06 gnorm=2.10 161 smp/s
wandb: WARNING Tried to log to step 28650 that is less than the current step 37651. Steps must be monotonically increasing, so this data will be ignored. See https://wandb.me/define-metric to log data out of order.
ep16 step28675/140100 loss=1.0518 acc=0.869 lr=2.00e-06 gnorm=5.33 161 smp/s
wandb: WARNING Tried to log to step 28675 that is less than the current step 37651. Steps must be monotonically increasing, so this data will be ignored. See https://wandb.me/define-metric to log data out of order.
ep16 step28700/140100 loss=0.9741 acc=0.904 lr=2.00e-06 gnorm=3.46 161 smp/s
wandb: WARNING Tried to log to step 28700 that is less than the current step 37651. Steps must be monotonically increasing, so this data will be ignored. See https://wandb.me/define-metric to log data out of order.
ep16 step28725/140100 loss=0.7759 acc=0.923 lr=2.00e-06 gnorm=1.65 161 smp/s
wandb: WARNING Tried to log to step 28725 that is less than the current step 37651. Steps must be monotonically increasing, so this data will be ignored. See https://wandb.me/define-metric to log data out of order.
ep16 step28750/140100 loss=0.7439 acc=0.919 lr=2.00e-06 gnorm=2.80 161 smp/s
wandb: WARNING Tried to log to step 28750 that is less than the current step 37651. Steps must be monotonically increasing, so this data will be ignored. See https://wandb.me/define-metric to log data out of order.
ep16 step28775/140100 loss=1.0037 acc=0.949 lr=2.00e-06 gnorm=2.49 161 smp/s
wandb: WARNING Tried to log to step 28775 that is less than the current step 37651. Steps must be monotonically increasing, so this data will be ignored. See https://wandb.me/define-metric to log data out of order.
ep16 step28800/140100 loss=0.8594 acc=0.942 lr=2.00e-06 gnorm=2.48 161 smp/s
wandb: WARNING Tried to log to step 28800 that is less than the current step 37651. Steps must be monotonically increasing, so this data will be ignored. See https://wandb.me/define-metric to log data out of order.
ep16 step28825/140100 loss=1.1420 acc=0.890 lr=2.00e-06 gnorm=4.91 161 smp/s
wandb: WARNING Tried to log to step 28825 that is less than the current step 37651. Steps must be monotonically increasing, so this data will be ignored. See https://wandb.me/define-metric to log data out of order.
ep16 step28850/140100 loss=1.1110 acc=0.884 lr=2.00e-06 gnorm=1.79 161 smp/s
wandb: WARNING Tried to log to step 28850 that is less than the current step 37651. Steps must be monotonically increasing, so this data will be ignored. See https://wandb.me/define-metric to log data out of order.
ep16 step28875/140100 loss=0.8584 acc=0.950 lr=2.00e-06 gnorm=1.84 161 smp/s
wandb: WARNING Tried to log to step 28875 that is less than the current step 37651. Steps must be monotonically increasing, so this data will be ignored. See https://wandb.me/define-metric to log data out of order.
ep16 step28900/140100 loss=1.0173 acc=0.876 lr=2.00e-06 gnorm=1.70 161 smp/s
wandb: WARNING Tried to log to step 28900 that is less than the current step 37651. Steps must be monotonically increasing, so this data will be ignored. See https://wandb.me/define-metric to log data out of order.
ep16 step28925/140100 loss=0.9552 acc=0.916 lr=2.00e-06 gnorm=3.43 161 smp/s
wandb: WARNING Tried to log to step 28925 that is less than the current step 37651. Steps must be monotonically increasing, so this data will be ignored. See https://wandb.me/define-metric to log data out of order.
ep16 step28950/140100 loss=1.1410 acc=0.849 lr=2.00e-06 gnorm=2.13 161 smp/s
wandb: WARNING Tried to log to step 28950 that is less than the current step 37651. Steps must be monotonically increasing, so this data will be ignored. See https://wandb.me/define-metric to log data out of order.
ep16 step28975/140100 loss=1.0087 acc=0.903 lr=2.00e-06 gnorm=1.41 161 smp/s
wandb: WARNING Tried to log to step 28975 that is less than the current step 37651. Steps must be monotonically increasing, so this data will be ignored. See https://wandb.me/define-metric to log data out of order.
ep16 step29000/140100 loss=0.6910 acc=0.961 lr=2.00e-06 gnorm=1.84 161 smp/s
wandb: WARNING Tried to log to step 29000 that is less than the current step 37651. Steps must be monotonically increasing, so this data will be ignored. See https://wandb.me/define-metric to log data out of order.
ep16 step29025/140100 loss=0.8442 acc=0.895 lr=2.00e-06 gnorm=1.74 161 smp/s
wandb: WARNING Tried to log to step 29025 that is less than the current step 37651. Steps must be monotonically increasing, so this data will be ignored. See https://wandb.me/define-metric to log data out of order.
ep16 step29050/140100 loss=0.9370 acc=0.928 lr=2.00e-06 gnorm=2.05 161 smp/s
wandb: WARNING Tried to log to step 29050 that is less than the current step 37651. Steps must be monotonically increasing, so this data will be ignored. See https://wandb.me/define-metric to log data out of order.
ep16 step29075/140100 loss=0.9159 acc=0.902 lr=2.00e-06 gnorm=1.98 161 smp/s
wandb: WARNING Tried to log to step 29075 that is less than the current step 37651. Steps must be monotonically increasing, so this data will be ignored. See https://wandb.me/define-metric to log data out of order.
ep16 step29100/140100 loss=0.7823 acc=0.906 lr=2.00e-06 gnorm=1.94 160 smp/s
wandb: WARNING Tried to log to step 29100 that is less than the current step 37651. Steps must be monotonically increasing, so this data will be ignored. See https://wandb.me/define-metric to log data out of order.
ep16 step29125/140100 loss=0.7561 acc=0.937 lr=2.00e-06 gnorm=1.52 160 smp/s
wandb: WARNING Tried to log to step 29125 that is less than the current step 37651. Steps must be monotonically increasing, so this data will be ignored. See https://wandb.me/define-metric to log data out of order.
ep16 step29150/140100 loss=1.0250 acc=0.921 lr=2.00e-06 gnorm=2.21 160 smp/s
wandb: WARNING Tried to log to step 29150 that is less than the current step 37651. Steps must be monotonically increasing, so this data will be ignored. See https://wandb.me/define-metric to log data out of order.
ep16 step29175/140100 loss=1.2791 acc=0.917 lr=2.00e-06 gnorm=2.20 160 smp/s
wandb: WARNING Tried to log to step 29175 that is less than the current step 37651. Steps must be monotonically increasing, so this data will be ignored. See https://wandb.me/define-metric to log data out of order.
ep16 step29200/140100 loss=1.0759 acc=0.937 lr=2.00e-06 gnorm=1.47 160 smp/s
wandb: WARNING Tried to log to step 29200 that is less than the current step 37651. Steps must be monotonically increasing, so this data will be ignored. See https://wandb.me/define-metric to log data out of order.
ep16 step29225/140100 loss=1.0093 acc=0.930 lr=2.00e-06 gnorm=1.92 160 smp/s
wandb: WARNING Tried to log to step 29225 that is less than the current step 37651. Steps must be monotonically increasing, so this data will be ignored. See https://wandb.me/define-metric to log data out of order.
ep16 step29250/140100 loss=0.9360 acc=0.894 lr=2.00e-06 gnorm=2.90 160 smp/s
wandb: WARNING Tried to log to step 29250 that is less than the current step 37651. Steps must be monotonically increasing, so this data will be ignored. See https://wandb.me/define-metric to log data out of order.
ep16 step29275/140100 loss=0.9525 acc=0.863 lr=2.00e-06 gnorm=2.42 160 smp/s
wandb: WARNING Tried to log to step 29275 that is less than the current step 37651. Steps must be monotonically increasing, so this data will be ignored. See https://wandb.me/define-metric to log data out of order.
ep16 step29300/140100 loss=0.9058 acc=0.913 lr=2.00e-06 gnorm=2.04 160 smp/s
wandb: WARNING Tried to log to step 29300 that is less than the current step 37651. Steps must be monotonically increasing, so this data will be ignored. See https://wandb.me/define-metric to log data out of order.
ep16 step29325/140100 loss=1.1853 acc=0.870 lr=2.00e-06 gnorm=1.78 160 smp/s
wandb: WARNING Tried to log to step 29325 that is less than the current step 37651. Steps must be monotonically increasing, so this data will be ignored. See https://wandb.me/define-metric to log data out of order.
ep16 step29350/140100 loss=0.7606 acc=0.932 lr=2.00e-06 gnorm=2.66 160 smp/s
wandb: WARNING Tried to log to step 29350 that is less than the current step 37651. Steps must be monotonically increasing, so this data will be ignored. See https://wandb.me/define-metric to log data out of order.
ep16 step29375/140100 loss=1.0169 acc=0.925 lr=2.00e-06 gnorm=2.39 160 smp/s
wandb: WARNING Tried to log to step 29375 that is less than the current step 37651. Steps must be monotonically increasing, so this data will be ignored. See https://wandb.me/define-metric to log data out of order.
ep16 step29400/140100 loss=0.8152 acc=0.912 lr=2.00e-06 gnorm=1.92 160 smp/s
wandb: WARNING Tried to log to step 29400 that is less than the current step 37651. Steps must be monotonically increasing, so this data will be ignored. See https://wandb.me/define-metric to log data out of order.
ep16 step29425/140100 loss=1.0742 acc=0.930 lr=2.00e-06 gnorm=2.95 160 smp/s
wandb: WARNING Tried to log to step 29425 that is less than the current step 37651. Steps must be monotonically increasing, so this data will be ignored. See https://wandb.me/define-metric to log data out of order.
ep16 step29450/140100 loss=0.8321 acc=0.912 lr=2.00e-06 gnorm=1.61 160 smp/s
wandb: WARNING Tried to log to step 29450 that is less than the current step 37651. Steps must be monotonically increasing, so this data will be ignored. See https://wandb.me/define-metric to log data out of order.
ep16 step29475/140100 loss=1.0554 acc=0.980 lr=2.00e-06 gnorm=2.22 160 smp/s
wandb: WARNING Tried to log to step 29475 that is less than the current step 37651. Steps must be monotonically increasing, so this data will be ignored. See https://wandb.me/define-metric to log data out of order.
ep16 step29500/140100 loss=1.0031 acc=0.940 lr=2.00e-06 gnorm=3.26 160 smp/s
wandb: WARNING Tried to log to step 29500 that is less than the current step 37651. Steps must be monotonically increasing, so this data will be ignored. See https://wandb.me/define-metric to log data out of order.
ep16 step29525/140100 loss=1.0345 acc=0.898 lr=2.00e-06 gnorm=4.02 160 smp/s
wandb: WARNING Tried to log to step 29525 that is less than the current step 37651. Steps must be monotonically increasing, so this data will be ignored. See https://wandb.me/define-metric to log data out of order.
ep16 step29550/140100 loss=1.0290 acc=0.795 lr=2.00e-06 gnorm=2.14 160 smp/s
wandb: WARNING Tried to log to step 29550 that is less than the current step 37651. Steps must be monotonically increasing, so this data will be ignored. See https://wandb.me/define-metric to log data out of order.
ep16 step29575/140100 loss=0.8370 acc=0.907 lr=2.00e-06 gnorm=2.95 160 smp/s
wandb: WARNING Tried to log to step 29575 that is less than the current step 37651. Steps must be monotonically increasing, so this data will be ignored. See https://wandb.me/define-metric to log data out of order.
ep16 step29600/140100 loss=1.0279 acc=0.916 lr=2.00e-06 gnorm=1.96 160 smp/s
wandb: WARNING Tried to log to step 29600 that is less than the current step 37651. Steps must be monotonically increasing, so this data will be ignored. See https://wandb.me/define-metric to log data out of order.
ep16 step29625/140100 loss=1.0572 acc=0.844 lr=2.00e-06 gnorm=2.97 160 smp/s
wandb: WARNING Tried to log to step 29625 that is less than the current step 37651. Steps must be monotonically increasing, so this data will be ignored. See https://wandb.me/define-metric to log data out of order.
ep16 step29650/140100 loss=0.9617 acc=0.865 lr=2.00e-06 gnorm=2.14 160 smp/s
wandb: WARNING Tried to log to step 29650 that is less than the current step 37651. Steps must be monotonically increasing, so this data will be ignored. See https://wandb.me/define-metric to log data out of order.
ep16 step29675/140100 loss=1.0917 acc=0.872 lr=2.00e-06 gnorm=2.06 160 smp/s
wandb: WARNING Tried to log to step 29675 that is less than the current step 37651. Steps must be monotonically increasing, so this data will be ignored. See https://wandb.me/define-metric to log data out of order.
ep16 step29700/140100 loss=1.0525 acc=0.871 lr=2.00e-06 gnorm=2.00 160 smp/s
wandb: WARNING Tried to log to step 29700 that is less than the current step 37651. Steps must be monotonically increasing, so this data will be ignored. See https://wandb.me/define-metric to log data out of order.
ep16 step29725/140100 loss=1.0058 acc=0.854 lr=2.00e-06 gnorm=1.67 160 smp/s
wandb: WARNING Tried to log to step 29725 that is less than the current step 37651. Steps must be monotonically increasing, so this data will be ignored. See https://wandb.me/define-metric to log data out of order.
ep16 step29750/140100 loss=0.9629 acc=0.907 lr=2.00e-06 gnorm=2.33 160 smp/s
wandb: WARNING Tried to log to step 29750 that is less than the current step 37651. Steps must be monotonically increasing, so this data will be ignored. See https://wandb.me/define-metric to log data out of order.
ep16 step29775/140100 loss=0.8025 acc=0.922 lr=2.00e-06 gnorm=3.50 160 smp/s
wandb: WARNING Tried to log to step 29775 that is less than the current step 37651. Steps must be monotonically increasing, so this data will be ignored. See https://wandb.me/define-metric to log data out of order.
ep16 step29800/140100 loss=0.9764 acc=0.887 lr=2.00e-06 gnorm=1.66 160 smp/s
wandb: WARNING Tried to log to step 29800 that is less than the current step 37651. Steps must be monotonically increasing, so this data will be ignored. See https://wandb.me/define-metric to log data out of order.
ep16 step29825/140100 loss=0.9659 acc=0.919 lr=2.00e-06 gnorm=2.14 160 smp/s
wandb: WARNING Tried to log to step 29825 that is less than the current step 37651. Steps must be monotonically increasing, so this data will be ignored. See https://wandb.me/define-metric to log data out of order.
ep16 step29850/140100 loss=0.6400 acc=0.961 lr=2.00e-06 gnorm=2.26 160 smp/s
wandb: WARNING Tried to log to step 29850 that is less than the current step 37651. Steps must be monotonically increasing, so this data will be ignored. See https://wandb.me/define-metric to log data out of order.
ep16 step29875/140100 loss=1.0514 acc=0.907 lr=2.00e-06 gnorm=1.88 160 smp/s
wandb: WARNING Tried to log to step 29875 that is less than the current step 37651. Steps must be monotonically increasing, so this data will be ignored. See https://wandb.me/define-metric to log data out of order.
ep17 step29900/140100 loss=0.8441 acc=0.889 lr=2.00e-06 gnorm=1.36 160 smp/s
wandb: WARNING Tried to log to step 29900 that is less than the current step 37651. Steps must be monotonically increasing, so this data will be ignored. See https://wandb.me/define-metric to log data out of order.
ep17 step29925/140100 loss=0.9496 acc=0.900 lr=2.00e-06 gnorm=1.86 160 smp/s
wandb: WARNING Tried to log to step 29925 that is less than the current step 37651. Steps must be monotonically increasing, so this data will be ignored. See https://wandb.me/define-metric to log data out of order.
ep17 step29950/140100 loss=1.1833 acc=0.878 lr=2.00e-06 gnorm=1.88 160 smp/s
wandb: WARNING Tried to log to step 29950 that is less than the current step 37651. Steps must be monotonically increasing, so this data will be ignored. See https://wandb.me/define-metric to log data out of order.
ep17 step29975/140100 loss=0.7998 acc=0.900 lr=2.00e-06 gnorm=1.88 160 smp/s
wandb: WARNING Tried to log to step 29975 that is less than the current step 37651. Steps must be monotonically increasing, so this data will be ignored. See https://wandb.me/define-metric to log data out of order.
ep17 step30000/140100 loss=0.8195 acc=0.918 lr=2.00e-06 gnorm=1.97 160 smp/s
wandb: WARNING Tried to log to step 30000 that is less than the current step 37651. Steps must be monotonically increasing, so this data will be ignored. See https://wandb.me/define-metric to log data out of order.
[eval @ 30000] WER=0.827 CER=0.413 SER=1.000 loss=0.741 content_acc=0.351 fill_rate=0.688 entropy=0.678 distinct=82
[eval @ 30000] iter32  WER=0.575 CER=0.208 SER=0.940 (mask-predict decode, n=200 clips)
   Full: ಸ ಾ ಂ ಸ ್ ಕ ೃ ೃ ಿ ಕ | ನ ಗ ರ ಿ | ಮ ೈ ಸ ೂ ರ ಿ ನ ಲ ್ ಲ ಿ | ಕ ೊ ರ ರ ನ ಾ ಾ | ೋ ೋ ಕ ು ು | ಹ ೆ ಚ ್ ಚ ತ ತ ತ ಿ ಿ ರ ು ವ | ಹ ಿ ನ ನ ನ ೆ ೆ ಯ ಲ ಲ ್ ಲ ಿ | 
   Hyp : ಸಸಾಂಸ್ಕೃೃಿಕ ನಗರಿ ಮೈಸೂರಿನಲ್ಲಿ ಕೊರರನಾಾ ೋೋಕುು ಹೆಚ್ಚತತತಿಿರುವ ಹಿನನನೆೆಯಲಲ್ಲಿ ಇಂಿಿಿಿಂದಐ
   Ref : ಸಾಂಸ್ಕೃತಿಕ ನಗರಿ ಮೈಸೂರಿನಲ್ಲಿ ಕೊರೋನಾ ಸೋಂಕು ಹೆಚ್ಚುತ್ತಿರುವ ಹಿನ್ನೆಲೆಯಲ್ಲಿ ಇಂದಿನಿಂದ ಐದ
DEBUG:urllib3.connectionpool:Starting new HTTPS connection (1): api.wandb.ai:443
DEBUG:urllib3.connectionpool:https://api.wandb.ai:443 "POST /graphql HTTP/1.1" 200 49
DEBUG:urllib3.connectionpool:Starting new HTTPS connection (1): api.wandb.ai:443
DEBUG:urllib3.connectionpool:https://api.wandb.ai:443 "POST /graphql HTTP/1.1" 200 1040
DEBUG:urllib3.connectionpool:https://api.wandb.ai:443 "POST /graphql HTTP/1.1" 200 60
DEBUG:urllib3.connectionpool:Starting new HTTPS connection (1): api.wandb.ai:443
DEBUG:urllib3.connectionpool:https://api.wandb.ai:443 "POST /graphql HTTP/1.1" 200 380
/speech/abhishek/indic-nar-filler_asr/deps/fairseq/examples/data2vec/models/data2vec_audio.py:190: FutureWarning: Positional args are being deprecated, use kwargs instead. Refer to https://pytorch.org/docs/main/generated/torch.nn.Module.html#torch.nn.Module.state_dict for details.
  state = super().state_dict(destination, prefix, keep_vars)
wandb: WARNING Tried to log to step 30000 that is less than the current step 37651. Steps must be monotonically increasing, so this data will be ignored. See https://wandb.me/define-metric to log data out of order.
ep17 step30025/140100 loss=1.0956 acc=0.936 lr=2.00e-06 gnorm=1.90 158 smp/s
wandb: WARNING Tried to log to step 30025 that is less than the current step 37651. Steps must be monotonically increasing, so this data will be ignored. See https://wandb.me/define-metric to log data out of order.
ep17 step30050/140100 loss=0.9001 acc=0.930 lr=2.00e-06 gnorm=3.31 158 smp/s
wandb: WARNING Tried to log to step 30050 that is less than the current step 37651. Steps must be monotonically increasing, so this data will be ignored. See https://wandb.me/define-metric to log data out of order.
ep17 step30075/140100 loss=0.9860 acc=0.912 lr=2.00e-06 gnorm=2.49 158 smp/s
wandb: WARNING Tried to log to step 30075 that is less than the current step 37651. Steps must be monotonically increasing, so this data will be ignored. See https://wandb.me/define-metric to log data out of order.
ep17 step30100/140100 loss=0.8110 acc=0.905 lr=2.00e-06 gnorm=2.03 158 smp/s
wandb: WARNING Tried to log to step 30100 that is less than the current step 37651. Steps must be monotonically increasing, so this data will be ignored. See https://wandb.me/define-metric to log data out of order.
ep17 step30125/140100 loss=0.9738 acc=0.911 lr=2.00e-06 gnorm=2.02 158 smp/s
wandb: WARNING Tried to log to step 30125 that is less than the current step 37651. Steps must be monotonically increasing, so this data will be ignored. See https://wandb.me/define-metric to log data out of order.
ep17 step30150/140100 loss=0.9428 acc=0.962 lr=2.00e-06 gnorm=2.52 158 smp/s
wandb: WARNING Tried to log to step 30150 that is less than the current step 37651. Steps must be monotonically increasing, so this data will be ignored. See https://wandb.me/define-metric to log data out of order.
ep17 step30175/140100 loss=1.0710 acc=0.861 lr=2.00e-06 gnorm=1.59 158 smp/s
wandb: WARNING Tried to log to step 30175 that is less than the current step 37651. Steps must be monotonically increasing, so this data will be ignored. See https://wandb.me/define-metric to log data out of order.
ep17 step30200/140100 loss=0.9153 acc=0.905 lr=2.00e-06 gnorm=1.71 158 smp/s
wandb: WARNING Tried to log to step 30200 that is less than the current step 37651. Steps must be monotonically increasing, so this data will be ignored. See https://wandb.me/define-metric to log data out of order.
ep17 step30225/140100 loss=1.0123 acc=0.902 lr=2.00e-06 gnorm=2.19 158 smp/s
wandb: WARNING Tried to log to step 30225 that is less than the current step 37651. Steps must be monotonically increasing, so this data will be ignored. See https://wandb.me/define-metric to log data out of order.
ep17 step30250/140100 loss=1.0205 acc=0.865 lr=2.00e-06 gnorm=2.10 158 smp/s
wandb: WARNING Tried to log to step 30250 that is less than the current step 37651. Steps must be monotonically increasing, so this data will be ignored. See https://wandb.me/define-metric to log data out of order.
ep17 step30275/140100 loss=1.2947 acc=0.849 lr=2.00e-06 gnorm=5.09 158 smp/s
wandb: WARNING Tried to log to step 30275 that is less than the current step 37651. Steps must be monotonically increasing, so this data will be ignored. See https://wandb.me/define-metric to log data out of order.
ep17 step30300/140100 loss=1.3907 acc=0.863 lr=2.00e-06 gnorm=3.01 158 smp/s
wandb: WARNING Tried to log to step 30300 that is less than the current step 37651. Steps must be monotonically increasing, so this data will be ignored. See https://wandb.me/define-metric to log data out of order.
ep17 step30325/140100 loss=0.8884 acc=0.891 lr=2.00e-06 gnorm=1.70 158 smp/s
wandb: WARNING Tried to log to step 30325 that is less than the current step 37651. Steps must be monotonically increasing, so this data will be ignored. See https://wandb.me/define-metric to log data out of order.
ep17 step30350/140100 loss=0.9170 acc=0.906 lr=2.00e-06 gnorm=1.72 158 smp/s
wandb: WARNING Tried to log to step 30350 that is less than the current step 37651. Steps must be monotonically increasing, so this data will be ignored. See https://wandb.me/define-metric to log data out of order.
ep17 step30375/140100 loss=0.8147 acc=0.947 lr=2.00e-06 gnorm=1.66 158 smp/s
wandb: WARNING Tried to log to step 30375 that is less than the current step 37651. Steps must be monotonically increasing, so this data will be ignored. See https://wandb.me/define-metric to log data out of order.
ep17 step30400/140100 loss=0.7396 acc=0.923 lr=2.00e-06 gnorm=4.10 158 smp/s
wandb: WARNING Tried to log to step 30400 that is less than the current step 37651. Steps must be monotonically increasing, so this data will be ignored. See https://wandb.me/define-metric to log data out of order.
ep17 step30425/140100 loss=0.8475 acc=0.957 lr=2.00e-06 gnorm=1.82 158 smp/s
wandb: WARNING Tried to log to step 30425 that is less than the current step 37651. Steps must be monotonically increasing, so this data will be ignored. See https://wandb.me/define-metric to log data out of order.
ep17 step30450/140100 loss=0.8506 acc=0.885 lr=2.00e-06 gnorm=2.37 158 smp/s
wandb: WARNING Tried to log to step 30450 that is less than the current step 37651. Steps must be monotonically increasing, so this data will be ignored. See https://wandb.me/define-metric to log data out of order.
ep17 step30475/140100 loss=0.8121 acc=0.922 lr=2.00e-06 gnorm=2.58 158 smp/s
wandb: WARNING Tried to log to step 30475 that is less than the current step 37651. Steps must be monotonically increasing, so this data will be ignored. See https://wandb.me/define-metric to log data out of order.
ep17 step30500/140100 loss=0.9967 acc=0.905 lr=2.00e-06 gnorm=3.23 158 smp/s
wandb: WARNING Tried to log to step 30500 that is less than the current step 37651. Steps must be monotonically increasing, so this data will be ignored. See https://wandb.me/define-metric to log data out of order.
ep17 step30525/140100 loss=1.0251 acc=0.849 lr=2.00e-06 gnorm=3.02 158 smp/s
wandb: WARNING Tried to log to step 30525 that is less than the current step 37651. Steps must be monotonically increasing, so this data will be ignored. See https://wandb.me/define-metric to log data out of order.
ep17 step30550/140100 loss=1.0903 acc=0.905 lr=2.00e-06 gnorm=3.48 158 smp/s
wandb: WARNING Tried to log to step 30550 that is less than the current step 37651. Steps must be monotonically increasing, so this data will be ignored. See https://wandb.me/define-metric to log data out of order.
ep17 step30575/140100 loss=0.8480 acc=0.861 lr=2.00e-06 gnorm=2.43 158 smp/s
wandb: WARNING Tried to log to step 30575 that is less than the current step 37651. Steps must be monotonically increasing, so this data will be ignored. See https://wandb.me/define-metric to log data out of order.
ep17 step30600/140100 loss=0.6290 acc=0.887 lr=2.00e-06 gnorm=1.77 158 smp/s
wandb: WARNING Tried to log to step 30600 that is less than the current step 37651. Steps must be monotonically increasing, so this data will be ignored. See https://wandb.me/define-metric to log data out of order.
ep17 step30625/140100 loss=1.0260 acc=0.917 lr=2.00e-06 gnorm=6.71 158 smp/s
wandb: WARNING Tried to log to step 30625 that is less than the current step 37651. Steps must be monotonically increasing, so this data will be ignored. See https://wandb.me/define-metric to log data out of order.
ep17 step30650/140100 loss=1.1406 acc=0.822 lr=2.00e-06 gnorm=2.63 158 smp/s
wandb: WARNING Tried to log to step 30650 that is less than the current step 37651. Steps must be monotonically increasing, so this data will be ignored. See https://wandb.me/define-metric to log data out of order.
ep17 step30675/140100 loss=1.1452 acc=0.811 lr=2.00e-06 gnorm=1.61 158 smp/s
wandb: WARNING Tried to log to step 30675 that is less than the current step 37651. Steps must be monotonically increasing, so this data will be ignored. See https://wandb.me/define-metric to log data out of order.
ep17 step30700/140100 loss=0.8599 acc=0.875 lr=2.00e-06 gnorm=1.89 158 smp/s
wandb: WARNING Tried to log to step 30700 that is less than the current step 37651. Steps must be monotonically increasing, so this data will be ignored. See https://wandb.me/define-metric to log data out of order.
ep17 step30725/140100 loss=0.6638 acc=0.945 lr=2.00e-06 gnorm=2.46 158 smp/s
wandb: WARNING Tried to log to step 30725 that is less than the current step 37651. Steps must be monotonically increasing, so this data will be ignored. See https://wandb.me/define-metric to log data out of order.
ep17 step30750/140100 loss=1.2359 acc=0.871 lr=2.00e-06 gnorm=2.83 158 smp/s
wandb: WARNING Tried to log to step 30750 that is less than the current step 37651. Steps must be monotonically increasing, so this data will be ignored. See https://wandb.me/define-metric to log data out of order.
ep17 step30775/140100 loss=0.9373 acc=0.925 lr=2.00e-06 gnorm=3.35 158 smp/s
wandb: WARNING Tried to log to step 30775 that is less than the current step 37651. Steps must be monotonically increasing, so this data will be ignored. See https://wandb.me/define-metric to log data out of order.
ep17 step30800/140100 loss=0.8746 acc=0.884 lr=2.00e-06 gnorm=3.39 158 smp/s
wandb: WARNING Tried to log to step 30800 that is less than the current step 37651. Steps must be monotonically increasing, so this data will be ignored. See https://wandb.me/define-metric to log data out of order.
ep17 step30825/140100 loss=0.9034 acc=0.945 lr=2.00e-06 gnorm=1.92 158 smp/s
wandb: WARNING Tried to log to step 30825 that is less than the current step 37651. Steps must be monotonically increasing, so this data will be ignored. See https://wandb.me/define-metric to log data out of order.
ep17 step30850/140100 loss=0.9448 acc=0.852 lr=2.00e-06 gnorm=2.28 159 smp/s
wandb: WARNING Tried to log to step 30850 that is less than the current step 37651. Steps must be monotonically increasing, so this data will be ignored. See https://wandb.me/define-metric to log data out of order.
ep17 step30875/140100 loss=0.9208 acc=0.928 lr=2.00e-06 gnorm=2.69 159 smp/s
wandb: WARNING Tried to log to step 30875 that is less than the current step 37651. Steps must be monotonically increasing, so this data will be ignored. See https://wandb.me/define-metric to log data out of order.
ep17 step30900/140100 loss=0.9057 acc=0.915 lr=2.00e-06 gnorm=1.63 159 smp/s
wandb: WARNING Tried to log to step 30900 that is less than the current step 37651. Steps must be monotonically increasing, so this data will be ignored. See https://wandb.me/define-metric to log data out of order.
ep17 step30925/140100 loss=1.2393 acc=0.870 lr=2.00e-06 gnorm=1.80 159 smp/s
wandb: WARNING Tried to log to step 30925 that is less than the current step 37651. Steps must be monotonically increasing, so this data will be ignored. See https://wandb.me/define-metric to log data out of order.
ep17 step30950/140100 loss=1.0149 acc=0.940 lr=2.00e-06 gnorm=2.18 159 smp/s
wandb: WARNING Tried to log to step 30950 that is less than the current step 37651. Steps must be monotonically increasing, so this data will be ignored. See https://wandb.me/define-metric to log data out of order.
ep17 step30975/140100 loss=0.9605 acc=0.895 lr=2.00e-06 gnorm=2.06 159 smp/s
wandb: WARNING Tried to log to step 30975 that is less than the current step 37651. Steps must be monotonically increasing, so this data will be ignored. See https://wandb.me/define-metric to log data out of order.
ep17 step31000/140100 loss=0.6977 acc=0.964 lr=2.00e-06 gnorm=2.19 159 smp/s
wandb: WARNING Tried to log to step 31000 that is less than the current step 37651. Steps must be monotonically increasing, so this data will be ignored. See https://wandb.me/define-metric to log data out of order.
ep17 step31025/140100 loss=0.9885 acc=0.885 lr=2.00e-06 gnorm=1.50 158 smp/s
wandb: WARNING Tried to log to step 31025 that is less than the current step 37651. Steps must be monotonically increasing, so this data will be ignored. See https://wandb.me/define-metric to log data out of order.
ep17 step31050/140100 loss=1.2085 acc=0.878 lr=2.00e-06 gnorm=2.32 159 smp/s
wandb: WARNING Tried to log to step 31050 that is less than the current step 37651. Steps must be monotonically increasing, so this data will be ignored. See https://wandb.me/define-metric to log data out of order.
ep17 step31075/140100 loss=1.0447 acc=0.914 lr=2.00e-06 gnorm=1.64 159 smp/s
wandb: WARNING Tried to log to step 31075 that is less than the current step 37651. Steps must be monotonically increasing, so this data will be ignored. See https://wandb.me/define-metric to log data out of order.
ep17 step31100/140100 loss=0.8707 acc=0.927 lr=2.00e-06 gnorm=1.71 159 smp/s
wandb: WARNING Tried to log to step 31100 that is less than the current step 37651. Steps must be monotonically increasing, so this data will be ignored. See https://wandb.me/define-metric to log data out of order.
ep17 step31125/140100 loss=0.8649 acc=0.934 lr=2.00e-06 gnorm=3.10 159 smp/s
wandb: WARNING Tried to log to step 31125 that is less than the current step 37651. Steps must be monotonically increasing, so this data will be ignored. See https://wandb.me/define-metric to log data out of order.
ep17 step31150/140100 loss=0.7719 acc=0.925 lr=2.00e-06 gnorm=1.91 159 smp/s
wandb: WARNING Tried to log to step 31150 that is less than the current step 37651. Steps must be monotonically increasing, so this data will be ignored. See https://wandb.me/define-metric to log data out of order.
ep17 step31175/140100 loss=0.7595 acc=0.903 lr=2.00e-06 gnorm=2.25 159 smp/s
wandb: WARNING Tried to log to step 31175 that is less than the current step 37651. Steps must be monotonically increasing, so this data will be ignored. See https://wandb.me/define-metric to log data out of order.
ep17 step31200/140100 loss=1.4379 acc=0.860 lr=2.00e-06 gnorm=4.09 159 smp/s
wandb: WARNING Tried to log to step 31200 that is less than the current step 37651. Steps must be monotonically increasing, so this data will be ignored. See https://wandb.me/define-metric to log data out of order.
ep17 step31225/140100 loss=0.8747 acc=0.892 lr=2.00e-06 gnorm=2.90 159 smp/s
wandb: WARNING Tried to log to step 31225 that is less than the current step 37651. Steps must be monotonically increasing, so this data will be ignored. See https://wandb.me/define-metric to log data out of order.
ep17 step31250/140100 loss=0.9837 acc=0.880 lr=2.00e-06 gnorm=1.37 159 smp/s
wandb: WARNING Tried to log to step 31250 that is less than the current step 37651. Steps must be monotonically increasing, so this data will be ignored. See https://wandb.me/define-metric to log data out of order.
ep17 step31275/140100 loss=0.8123 acc=0.909 lr=2.00e-06 gnorm=2.08 159 smp/s
wandb: WARNING Tried to log to step 31275 that is less than the current step 37651. Steps must be monotonically increasing, so this data will be ignored. See https://wandb.me/define-metric to log data out of order.
ep17 step31300/140100 loss=0.9711 acc=0.889 lr=2.00e-06 gnorm=2.01 159 smp/s
wandb: WARNING Tried to log to step 31300 that is less than the current step 37651. Steps must be monotonically increasing, so this data will be ignored. See https://wandb.me/define-metric to log data out of order.
ep17 step31325/140100 loss=1.1130 acc=0.815 lr=2.00e-06 gnorm=1.66 159 smp/s
wandb: WARNING Tried to log to step 31325 that is less than the current step 37651. Steps must be monotonically increasing, so this data will be ignored. See https://wandb.me/define-metric to log data out of order.
ep17 step31350/140100 loss=1.0657 acc=0.832 lr=2.00e-06 gnorm=1.47 159 smp/s
wandb: WARNING Tried to log to step 31350 that is less than the current step 37651. Steps must be monotonically increasing, so this data will be ignored. See https://wandb.me/define-metric to log data out of order.
ep17 step31375/140100 loss=0.7391 acc=0.941 lr=2.00e-06 gnorm=1.90 159 smp/s
wandb: WARNING Tried to log to step 31375 that is less than the current step 37651. Steps must be monotonically increasing, so this data will be ignored. See https://wandb.me/define-metric to log data out of order.
ep17 step31400/140100 loss=0.8859 acc=0.922 lr=2.00e-06 gnorm=1.40 159 smp/s
wandb: WARNING Tried to log to step 31400 that is less than the current step 37651. Steps must be monotonically increasing, so this data will be ignored. See https://wandb.me/define-metric to log data out of order.
ep17 step31425/140100 loss=0.8268 acc=0.953 lr=2.00e-06 gnorm=4.51 159 smp/s
wandb: WARNING Tried to log to step 31425 that is less than the current step 37651. Steps must be monotonically increasing, so this data will be ignored. See https://wandb.me/define-metric to log data out of order.
ep17 step31450/140100 loss=0.8146 acc=0.905 lr=2.00e-06 gnorm=3.90 159 smp/s
wandb: WARNING Tried to log to step 31450 that is less than the current step 37651. Steps must be monotonically increasing, so this data will be ignored. See https://wandb.me/define-metric to log data out of order.
ep17 step31475/140100 loss=1.1804 acc=0.846 lr=2.00e-06 gnorm=1.69 159 smp/s
wandb: WARNING Tried to log to step 31475 that is less than the current step 37651. Steps must be monotonically increasing, so this data will be ignored. See https://wandb.me/define-metric to log data out of order.
ep17 step31500/140100 loss=1.0150 acc=0.888 lr=2.00e-06 gnorm=1.94 159 smp/s
wandb: WARNING Tried to log to step 31500 that is less than the current step 37651. Steps must be monotonically increasing, so this data will be ignored. See https://wandb.me/define-metric to log data out of order.
ep17 step31525/140100 loss=1.1453 acc=0.878 lr=2.00e-06 gnorm=1.99 159 smp/s
wandb: WARNING Tried to log to step 31525 that is less than the current step 37651. Steps must be monotonically increasing, so this data will be ignored. See https://wandb.me/define-metric to log data out of order.
ep17 step31550/140100 loss=0.8884 acc=0.912 lr=2.00e-06 gnorm=3.62 159 smp/s
wandb: WARNING Tried to log to step 31550 that is less than the current step 37651. Steps must be monotonically increasing, so this data will be ignored. See https://wandb.me/define-metric to log data out of order.
ep17 step31575/140100 loss=0.8910 acc=0.954 lr=2.00e-06 gnorm=2.03 159 smp/s
wandb: WARNING Tried to log to step 31575 that is less than the current step 37651. Steps must be monotonically increasing, so this data will be ignored. See https://wandb.me/define-metric to log data out of order.
ep17 step31600/140100 loss=0.7718 acc=0.928 lr=2.00e-06 gnorm=2.10 159 smp/s
wandb: WARNING Tried to log to step 31600 that is less than the current step 37651. Steps must be monotonically increasing, so this data will be ignored. See https://wandb.me/define-metric to log data out of order.
ep17 step31625/140100 loss=0.8614 acc=0.900 lr=2.00e-06 gnorm=2.49 159 smp/s
wandb: WARNING Tried to log to step 31625 that is less than the current step 37651. Steps must be monotonically increasing, so this data will be ignored. See https://wandb.me/define-metric to log data out of order.
ep17 step31650/140100 loss=1.0142 acc=0.935 lr=2.00e-06 gnorm=2.25 159 smp/s
wandb: WARNING Tried to log to step 31650 that is less than the current step 37651. Steps must be monotonically increasing, so this data will be ignored. See https://wandb.me/define-metric to log data out of order.
ep17 step31675/140100 loss=0.9116 acc=0.890 lr=2.00e-06 gnorm=2.73 159 smp/s
wandb: WARNING Tried to log to step 31675 that is less than the current step 37651. Steps must be monotonically increasing, so this data will be ignored. See https://wandb.me/define-metric to log data out of order.
ep17 step31700/140100 loss=1.1291 acc=0.883 lr=2.00e-06 gnorm=1.89 159 smp/s
wandb: WARNING Tried to log to step 31700 that is less than the current step 37651. Steps must be monotonically increasing, so this data will be ignored. See https://wandb.me/define-metric to log data out of order.
ep17 step31725/140100 loss=0.7866 acc=0.909 lr=2.00e-06 gnorm=1.62 159 smp/s
wandb: WARNING Tried to log to step 31725 that is less than the current step 37651. Steps must be monotonically increasing, so this data will be ignored. See https://wandb.me/define-metric to log data out of order.
ep17 step31750/140100 loss=0.8489 acc=0.934 lr=2.00e-06 gnorm=2.14 159 smp/s
wandb: WARNING Tried to log to step 31750 that is less than the current step 37651. Steps must be monotonically increasing, so this data will be ignored. See https://wandb.me/define-metric to log data out of order.
ep18 step31775/140100 loss=0.8165 acc=0.881 lr=2.00e-06 gnorm=3.20 159 smp/s
wandb: WARNING Tried to log to step 31775 that is less than the current step 37651. Steps must be monotonically increasing, so this data will be ignored. See https://wandb.me/define-metric to log data out of order.
ep18 step31800/140100 loss=1.0158 acc=0.922 lr=2.00e-06 gnorm=2.34 159 smp/s
wandb: WARNING Tried to log to step 31800 that is less than the current step 37651. Steps must be monotonically increasing, so this data will be ignored. See https://wandb.me/define-metric to log data out of order.
ep18 step31825/140100 loss=0.9879 acc=0.890 lr=2.00e-06 gnorm=1.69 159 smp/s
wandb: WARNING Tried to log to step 31825 that is less than the current step 37651. Steps must be monotonically increasing, so this data will be ignored. See https://wandb.me/define-metric to log data out of order.
ep18 step31850/140100 loss=0.9573 acc=0.889 lr=2.00e-06 gnorm=2.84 159 smp/s
wandb: WARNING Tried to log to step 31850 that is less than the current step 37651. Steps must be monotonically increasing, so this data will be ignored. See https://wandb.me/define-metric to log data out of order.
ep18 step31875/140100 loss=0.7727 acc=0.914 lr=2.00e-06 gnorm=2.49 159 smp/s
wandb: WARNING Tried to log to step 31875 that is less than the current step 37651. Steps must be monotonically increasing, so this data will be ignored. See https://wandb.me/define-metric to log data out of order.
ep18 step31900/140100 loss=0.8290 acc=0.935 lr=2.00e-06 gnorm=1.34 159 smp/s
wandb: WARNING Tried to log to step 31900 that is less than the current step 37651. Steps must be monotonically increasing, so this data will be ignored. See https://wandb.me/define-metric to log data out of order.
ep18 step31925/140100 loss=0.8837 acc=0.853 lr=2.00e-06 gnorm=1.48 159 smp/s
wandb: WARNING Tried to log to step 31925 that is less than the current step 37651. Steps must be monotonically increasing, so this data will be ignored. See https://wandb.me/define-metric to log data out of order.
ep18 step31950/140100 loss=1.0239 acc=0.831 lr=2.00e-06 gnorm=1.96 159 smp/s
wandb: WARNING Tried to log to step 31950 that is less than the current step 37651. Steps must be monotonically increasing, so this data will be ignored. See https://wandb.me/define-metric to log data out of order.
ep18 step31975/140100 loss=0.9704 acc=0.858 lr=2.00e-06 gnorm=1.99 159 smp/s
wandb: WARNING Tried to log to step 31975 that is less than the current step 37651. Steps must be monotonically increasing, so this data will be ignored. See https://wandb.me/define-metric to log data out of order.
ep18 step32000/140100 loss=0.9609 acc=0.924 lr=2.00e-06 gnorm=2.98 159 smp/s
wandb: WARNING Tried to log to step 32000 that is less than the current step 37651. Steps must be monotonically increasing, so this data will be ignored. See https://wandb.me/define-metric to log data out of order.
[eval @ 32000] WER=0.833 CER=0.419 SER=1.000 loss=0.725 content_acc=0.355 fill_rate=0.689 entropy=0.668 distinct=82
[eval @ 32000] iter32  WER=0.571 CER=0.208 SER=0.925 (mask-predict decode, n=200 clips)
   Full: ಸ ಾ ಂ ಸ ್ ೃ ೃ ೃ ಿ ಕ | ನ ಗ ರ ಿ | ಮ ೈ ಸ ೂ ರ ಿ ನ ಲ ್ ಲ ಿ | ಕ ೊ ರ ರ ನ ನ ಾ | ೋ ೋ ಕ ು ು | ಹ ೆ ಚ ್ ಚ ತ ತ ತ ಿ ಿ ರ ು ವ | ಹ ಿ ನ ನ ನ ೆ ೆ ಯ ಲ ಲ ್ ಲ ಿ | 
   Hyp : ಸಸಾಂಸ್ೃೃೃಿಕ ನಗರಿ ಮೈಸೂರಿನಲ್ಲಿ ಕೊರರನನಾ ೋೋಕುು ಹೆಚ್ಚತತತಿಿರುವ ಹಿನನನೆೆಯಲಲ್ಲಿ ಇಂದಿಿಿಂದ 
   Ref : ಸಾಂಸ್ಕೃತಿಕ ನಗರಿ ಮೈಸೂರಿನಲ್ಲಿ ಕೊರೋನಾ ಸೋಂಕು ಹೆಚ್ಚುತ್ತಿರುವ ಹಿನ್ನೆಲೆಯಲ್ಲಿ ಇಂದಿನಿಂದ ಐದ
DEBUG:urllib3.connectionpool:Resetting dropped connection: api.wandb.ai
DEBUG:urllib3.connectionpool:https://api.wandb.ai:443 "POST /graphql HTTP/1.1" 200 60
wandb: WARNING Tried to log to step 32000 that is less than the current step 37651. Steps must be monotonically increasing, so this data will be ignored. See https://wandb.me/define-metric to log data out of order.
ep18 step32025/140100 loss=0.8187 acc=0.935 lr=2.00e-06 gnorm=1.66 158 smp/s
wandb: WARNING Tried to log to step 32025 that is less than the current step 37651. Steps must be monotonically increasing, so this data will be ignored. See https://wandb.me/define-metric to log data out of order.
ep18 step32050/140100 loss=0.9968 acc=0.873 lr=2.00e-06 gnorm=2.44 158 smp/s
wandb: WARNING Tried to log to step 32050 that is less than the current step 37651. Steps must be monotonically increasing, so this data will be ignored. See https://wandb.me/define-metric to log data out of order.
ep18 step32075/140100 loss=0.8006 acc=0.905 lr=2.00e-06 gnorm=1.74 158 smp/s
wandb: WARNING Tried to log to step 32075 that is less than the current step 37651. Steps must be monotonically increasing, so this data will be ignored. See https://wandb.me/define-metric to log data out of order.
ep18 step32100/140100 loss=0.9991 acc=0.902 lr=2.00e-06 gnorm=2.60 158 smp/s
wandb: WARNING Tried to log to step 32100 that is less than the current step 37651. Steps must be monotonically increasing, so this data will be ignored. See https://wandb.me/define-metric to log data out of order.
ep18 step32125/140100 loss=0.5892 acc=0.941 lr=2.00e-06 gnorm=1.69 158 smp/s
wandb: WARNING Tried to log to step 32125 that is less than the current step 37651. Steps must be monotonically increasing, so this data will be ignored. See https://wandb.me/define-metric to log data out of order.
ep18 step32150/140100 loss=0.6824 acc=0.918 lr=2.00e-06 gnorm=3.15 158 smp/s
wandb: WARNING Tried to log to step 32150 that is less than the current step 37651. Steps must be monotonically increasing, so this data will be ignored. See https://wandb.me/define-metric to log data out of order.
ep18 step32175/140100 loss=0.8055 acc=0.917 lr=2.00e-06 gnorm=2.20 158 smp/s
wandb: WARNING Tried to log to step 32175 that is less than the current step 37651. Steps must be monotonically increasing, so this data will be ignored. See https://wandb.me/define-metric to log data out of order.
ep18 step32200/140100 loss=0.8895 acc=0.934 lr=2.00e-06 gnorm=1.83 158 smp/s
wandb: WARNING Tried to log to step 32200 that is less than the current step 37651. Steps must be monotonically increasing, so this data will be ignored. See https://wandb.me/define-metric to log data out of order.
ep18 step32225/140100 loss=0.7985 acc=0.917 lr=2.00e-06 gnorm=2.08 158 smp/s
wandb: WARNING Tried to log to step 32225 that is less than the current step 37651. Steps must be monotonically increasing, so this data will be ignored. See https://wandb.me/define-metric to log data out of order.
ep18 step32250/140100 loss=1.0688 acc=0.889 lr=2.00e-06 gnorm=1.63 158 smp/s
wandb: WARNING Tried to log to step 32250 that is less than the current step 37651. Steps must be monotonically increasing, so this data will be ignored. See https://wandb.me/define-metric to log data out of order.
ep18 step32275/140100 loss=0.9516 acc=0.872 lr=2.00e-06 gnorm=3.05 158 smp/s
wandb: WARNING Tried to log to step 32275 that is less than the current step 37651. Steps must be monotonically increasing, so this data will be ignored. See https://wandb.me/define-metric to log data out of order.
ep18 step32300/140100 loss=0.8123 acc=0.922 lr=2.00e-06 gnorm=3.15 158 smp/s
wandb: WARNING Tried to log to step 32300 that is less than the current step 37651. Steps must be monotonically increasing, so this data will be ignored. See https://wandb.me/define-metric to log data out of order.
ep18 step32325/140100 loss=0.9037 acc=0.921 lr=2.00e-06 gnorm=1.82 158 smp/s
wandb: WARNING Tried to log to step 32325 that is less than the current step 37651. Steps must be monotonically increasing, so this data will be ignored. See https://wandb.me/define-metric to log data out of order.
ep18 step32350/140100 loss=0.7149 acc=0.918 lr=2.00e-06 gnorm=1.88 158 smp/s
wandb: WARNING Tried to log to step 32350 that is less than the current step 37651. Steps must be monotonically increasing, so this data will be ignored. See https://wandb.me/define-metric to log data out of order.
ep18 step32375/140100 loss=0.6062 acc=0.952 lr=2.00e-06 gnorm=2.98 158 smp/s
wandb: WARNING Tried to log to step 32375 that is less than the current step 37651. Steps must be monotonically increasing, so this data will be ignored. See https://wandb.me/define-metric to log data out of order.
ep18 step32400/140100 loss=0.7429 acc=0.923 lr=2.00e-06 gnorm=2.28 158 smp/s
wandb: WARNING Tried to log to step 32400 that is less than the current step 37651. Steps must be monotonically increasing, so this data will be ignored. See https://wandb.me/define-metric to log data out of order.
ep18 step32425/140100 loss=0.9666 acc=0.904 lr=2.00e-06 gnorm=2.34 158 smp/s
wandb: WARNING Tried to log to step 32425 that is less than the current step 37651. Steps must be monotonically increasing, so this data will be ignored. See https://wandb.me/define-metric to log data out of order.
ep18 step32450/140100 loss=1.0903 acc=0.861 lr=2.00e-06 gnorm=1.67 158 smp/s
wandb: WARNING Tried to log to step 32450 that is less than the current step 37651. Steps must be monotonically increasing, so this data will be ignored. See https://wandb.me/define-metric to log data out of order.
ep18 step32475/140100 loss=0.8683 acc=0.897 lr=2.00e-06 gnorm=1.85 158 smp/s
wandb: WARNING Tried to log to step 32475 that is less than the current step 37651. Steps must be monotonically increasing, so this data will be ignored. See https://wandb.me/define-metric to log data out of order.
ep18 step32500/140100 loss=0.8602 acc=0.889 lr=2.00e-06 gnorm=1.48 158 smp/s
wandb: WARNING Tried to log to step 32500 that is less than the current step 37651. Steps must be monotonically increasing, so this data will be ignored. See https://wandb.me/define-metric to log data out of order.
ep18 step32525/140100 loss=1.0057 acc=0.907 lr=2.00e-06 gnorm=1.95 158 smp/s
wandb: WARNING Tried to log to step 32525 that is less than the current step 37651. Steps must be monotonically increasing, so this data will be ignored. See https://wandb.me/define-metric to log data out of order.
ep18 step32550/140100 loss=0.8197 acc=0.898 lr=2.00e-06 gnorm=1.97 158 smp/s
wandb: WARNING Tried to log to step 32550 that is less than the current step 37651. Steps must be monotonically increasing, so this data will be ignored. See https://wandb.me/define-metric to log data out of order.
ep18 step32575/140100 loss=0.9811 acc=0.921 lr=2.00e-06 gnorm=3.02 158 smp/s
wandb: WARNING Tried to log to step 32575 that is less than the current step 37651. Steps must be monotonically increasing, so this data will be ignored. See https://wandb.me/define-metric to log data out of order.
ep18 step32600/140100 loss=0.7529 acc=0.921 lr=2.00e-06 gnorm=1.84 158 smp/s
wandb: WARNING Tried to log to step 32600 that is less than the current step 37651. Steps must be monotonically increasing, so this data will be ignored. See https://wandb.me/define-metric to log data out of order.
ep18 step32625/140100 loss=1.1717 acc=0.897 lr=2.00e-06 gnorm=2.05 158 smp/s
wandb: WARNING Tried to log to step 32625 that is less than the current step 37651. Steps must be monotonically increasing, so this data will be ignored. See https://wandb.me/define-metric to log data out of order.
ep18 step32650/140100 loss=1.1068 acc=0.870 lr=2.00e-06 gnorm=2.36 158 smp/s
wandb: WARNING Tried to log to step 32650 that is less than the current step 37651. Steps must be monotonically increasing, so this data will be ignored. See https://wandb.me/define-metric to log data out of order.
ep18 step32675/140100 loss=0.7148 acc=0.928 lr=2.00e-06 gnorm=1.36 158 smp/s
wandb: WARNING Tried to log to step 32675 that is less than the current step 37651. Steps must be monotonically increasing, so this data will be ignored. See https://wandb.me/define-metric to log data out of order.
ep18 step32700/140100 loss=1.1152 acc=0.877 lr=2.00e-06 gnorm=2.05 158 smp/s
wandb: WARNING Tried to log to step 32700 that is less than the current step 37651. Steps must be monotonically increasing, so this data will be ignored. See https://wandb.me/define-metric to log data out of order.
ep18 step32725/140100 loss=0.8326 acc=0.911 lr=2.00e-06 gnorm=2.48 158 smp/s
wandb: WARNING Tried to log to step 32725 that is less than the current step 37651. Steps must be monotonically increasing, so this data will be ignored. See https://wandb.me/define-metric to log data out of order.
ep18 step32750/140100 loss=0.9322 acc=0.884 lr=2.00e-06 gnorm=3.84 158 smp/s
wandb: WARNING Tried to log to step 32750 that is less than the current step 37651. Steps must be monotonically increasing, so this data will be ignored. See https://wandb.me/define-metric to log data out of order.
ep18 step32775/140100 loss=0.7320 acc=0.912 lr=2.00e-06 gnorm=1.25 158 smp/s
wandb: WARNING Tried to log to step 32775 that is less than the current step 37651. Steps must be monotonically increasing, so this data will be ignored. See https://wandb.me/define-metric to log data out of order.
ep18 step32800/140100 loss=0.9952 acc=0.896 lr=2.00e-06 gnorm=1.76 158 smp/s
wandb: WARNING Tried to log to step 32800 that is less than the current step 37651. Steps must be monotonically increasing, so this data will be ignored. See https://wandb.me/define-metric to log data out of order.
ep18 step32825/140100 loss=1.1155 acc=0.862 lr=2.00e-06 gnorm=2.83 158 smp/s
wandb: WARNING Tried to log to step 32825 that is less than the current step 37651. Steps must be monotonically increasing, so this data will be ignored. See https://wandb.me/define-metric to log data out of order.
ep18 step32850/140100 loss=0.9307 acc=0.860 lr=2.00e-06 gnorm=1.81 158 smp/s
wandb: WARNING Tried to log to step 32850 that is less than the current step 37651. Steps must be monotonically increasing, so this data will be ignored. See https://wandb.me/define-metric to log data out of order.
ep18 step32875/140100 loss=0.8453 acc=0.896 lr=2.00e-06 gnorm=1.92 158 smp/s
wandb: WARNING Tried to log to step 32875 that is less than the current step 37651. Steps must be monotonically increasing, so this data will be ignored. See https://wandb.me/define-metric to log data out of order.
ep18 step32900/140100 loss=1.0973 acc=0.835 lr=2.00e-06 gnorm=3.76 158 smp/s
wandb: WARNING Tried to log to step 32900 that is less than the current step 37651. Steps must be monotonically increasing, so this data will be ignored. See https://wandb.me/define-metric to log data out of order.
ep18 step32925/140100 loss=0.9605 acc=0.870 lr=2.00e-06 gnorm=3.62 158 smp/s
wandb: WARNING Tried to log to step 32925 that is less than the current step 37651. Steps must be monotonically increasing, so this data will be ignored. See https://wandb.me/define-metric to log data out of order.
ep18 step32950/140100 loss=1.0245 acc=0.895 lr=2.00e-06 gnorm=3.03 158 smp/s
wandb: WARNING Tried to log to step 32950 that is less than the current step 37651. Steps must be monotonically increasing, so this data will be ignored. See https://wandb.me/define-metric to log data out of order.
ep18 step32975/140100 loss=0.9139 acc=0.907 lr=2.00e-06 gnorm=2.78 158 smp/s
wandb: WARNING Tried to log to step 32975 that is less than the current step 37651. Steps must be monotonically increasing, so this data will be ignored. See https://wandb.me/define-metric to log data out of order.
ep18 step33000/140100 loss=0.9950 acc=0.907 lr=2.00e-06 gnorm=1.59 158 smp/s
wandb: WARNING Tried to log to step 33000 that is less than the current step 37651. Steps must be monotonically increasing, so this data will be ignored. See https://wandb.me/define-metric to log data out of order.
ep18 step33025/140100 loss=0.8631 acc=0.905 lr=2.00e-06 gnorm=2.18 158 smp/s
wandb: WARNING Tried to log to step 33025 that is less than the current step 37651. Steps must be monotonically increasing, so this data will be ignored. See https://wandb.me/define-metric to log data out of order.
ep18 step33050/140100 loss=1.0214 acc=0.917 lr=2.00e-06 gnorm=2.10 158 smp/s
wandb: WARNING Tried to log to step 33050 that is less than the current step 37651. Steps must be monotonically increasing, so this data will be ignored. See https://wandb.me/define-metric to log data out of order.
ep18 step33075/140100 loss=0.9490 acc=0.893 lr=2.00e-06 gnorm=2.63 158 smp/s
wandb: WARNING Tried to log to step 33075 that is less than the current step 37651. Steps must be monotonically increasing, so this data will be ignored. See https://wandb.me/define-metric to log data out of order.
ep18 step33100/140100 loss=1.0167 acc=0.877 lr=2.00e-06 gnorm=3.93 158 smp/s
wandb: WARNING Tried to log to step 33100 that is less than the current step 37651. Steps must be monotonically increasing, so this data will be ignored. See https://wandb.me/define-metric to log data out of order.
ep18 step33125/140100 loss=1.0212 acc=0.884 lr=2.00e-06 gnorm=2.51 158 smp/s
wandb: WARNING Tried to log to step 33125 that is less than the current step 37651. Steps must be monotonically increasing, so this data will be ignored. See https://wandb.me/define-metric to log data out of order.
ep18 step33150/140100 loss=0.8428 acc=0.895 lr=2.00e-06 gnorm=2.81 158 smp/s
wandb: WARNING Tried to log to step 33150 that is less than the current step 37651. Steps must be monotonically increasing, so this data will be ignored. See https://wandb.me/define-metric to log data out of order.
ep18 step33175/140100 loss=1.0546 acc=0.865 lr=2.00e-06 gnorm=2.23 158 smp/s
wandb: WARNING Tried to log to step 33175 that is less than the current step 37651. Steps must be monotonically increasing, so this data will be ignored. See https://wandb.me/define-metric to log data out of order.
ep18 step33200/140100 loss=1.4208 acc=0.855 lr=2.00e-06 gnorm=2.07 158 smp/s
wandb: WARNING Tried to log to step 33200 that is less than the current step 37651. Steps must be monotonically increasing, so this data will be ignored. See https://wandb.me/define-metric to log data out of order.
ep18 step33225/140100 loss=1.1432 acc=0.896 lr=2.00e-06 gnorm=2.02 158 smp/s
wandb: WARNING Tried to log to step 33225 that is less than the current step 37651. Steps must be monotonically increasing, so this data will be ignored. See https://wandb.me/define-metric to log data out of order.
ep18 step33250/140100 loss=0.8867 acc=0.864 lr=2.00e-06 gnorm=1.48 158 smp/s
wandb: WARNING Tried to log to step 33250 that is less than the current step 37651. Steps must be monotonically increasing, so this data will be ignored. See https://wandb.me/define-metric to log data out of order.
ep18 step33275/140100 loss=1.0348 acc=0.898 lr=2.00e-06 gnorm=2.22 159 smp/s
wandb: WARNING Tried to log to step 33275 that is less than the current step 37651. Steps must be monotonically increasing, so this data will be ignored. See https://wandb.me/define-metric to log data out of order.
ep18 step33300/140100 loss=0.9927 acc=0.908 lr=2.00e-06 gnorm=1.80 159 smp/s
wandb: WARNING Tried to log to step 33300 that is less than the current step 37651. Steps must be monotonically increasing, so this data will be ignored. See https://wandb.me/define-metric to log data out of order.
ep18 step33325/140100 loss=0.7933 acc=0.911 lr=2.00e-06 gnorm=2.00 159 smp/s
wandb: WARNING Tried to log to step 33325 that is less than the current step 37651. Steps must be monotonically increasing, so this data will be ignored. See https://wandb.me/define-metric to log data out of order.
ep18 step33350/140100 loss=1.0630 acc=0.881 lr=2.00e-06 gnorm=1.81 159 smp/s
wandb: WARNING Tried to log to step 33350 that is less than the current step 37651. Steps must be monotonically increasing, so this data will be ignored. See https://wandb.me/define-metric to log data out of order.
ep18 step33375/140100 loss=1.0687 acc=0.885 lr=2.00e-06 gnorm=2.43 159 smp/s
wandb: WARNING Tried to log to step 33375 that is less than the current step 37651. Steps must be monotonically increasing, so this data will be ignored. See https://wandb.me/define-metric to log data out of order.
ep18 step33400/140100 loss=0.7567 acc=0.969 lr=2.00e-06 gnorm=2.65 159 smp/s
wandb: WARNING Tried to log to step 33400 that is less than the current step 37651. Steps must be monotonically increasing, so this data will be ignored. See https://wandb.me/define-metric to log data out of order.
ep18 step33425/140100 loss=0.9196 acc=0.876 lr=2.00e-06 gnorm=2.92 159 smp/s
wandb: WARNING Tried to log to step 33425 that is less than the current step 37651. Steps must be monotonically increasing, so this data will be ignored. See https://wandb.me/define-metric to log data out of order.
ep18 step33450/140100 loss=1.3911 acc=0.906 lr=2.00e-06 gnorm=2.98 159 smp/s
wandb: WARNING Tried to log to step 33450 that is less than the current step 37651. Steps must be monotonically increasing, so this data will be ignored. See https://wandb.me/define-metric to log data out of order.
ep18 step33475/140100 loss=1.1221 acc=0.894 lr=2.00e-06 gnorm=2.38 159 smp/s
wandb: WARNING Tried to log to step 33475 that is less than the current step 37651. Steps must be monotonically increasing, so this data will be ignored. See https://wandb.me/define-metric to log data out of order.
ep18 step33500/140100 loss=0.8382 acc=0.915 lr=2.00e-06 gnorm=3.09 159 smp/s
wandb: WARNING Tried to log to step 33500 that is less than the current step 37651. Steps must be monotonically increasing, so this data will be ignored. See https://wandb.me/define-metric to log data out of order.
ep18 step33525/140100 loss=0.9507 acc=0.867 lr=2.00e-06 gnorm=1.64 159 smp/s
wandb: WARNING Tried to log to step 33525 that is less than the current step 37651. Steps must be monotonically increasing, so this data will be ignored. See https://wandb.me/define-metric to log data out of order.
ep18 step33550/140100 loss=0.9750 acc=0.905 lr=2.00e-06 gnorm=2.15 159 smp/s
wandb: WARNING Tried to log to step 33550 that is less than the current step 37651. Steps must be monotonically increasing, so this data will be ignored. See https://wandb.me/define-metric to log data out of order.
ep18 step33575/140100 loss=0.9132 acc=0.906 lr=2.00e-06 gnorm=2.23 159 smp/s
wandb: WARNING Tried to log to step 33575 that is less than the current step 37651. Steps must be monotonically increasing, so this data will be ignored. See https://wandb.me/define-metric to log data out of order.
ep18 step33600/140100 loss=1.0771 acc=0.933 lr=2.00e-06 gnorm=3.03 159 smp/s
wandb: WARNING Tried to log to step 33600 that is less than the current step 37651. Steps must be monotonically increasing, so this data will be ignored. See https://wandb.me/define-metric to log data out of order.
ep19 step33625/140100 loss=0.8508 acc=0.896 lr=2.00e-06 gnorm=2.75 159 smp/s
wandb: WARNING Tried to log to step 33625 that is less than the current step 37651. Steps must be monotonically increasing, so this data will be ignored. See https://wandb.me/define-metric to log data out of order.
ep19 step33650/140100 loss=0.8106 acc=0.906 lr=2.00e-06 gnorm=2.58 159 smp/s
wandb: WARNING Tried to log to step 33650 that is less than the current step 37651. Steps must be monotonically increasing, so this data will be ignored. See https://wandb.me/define-metric to log data out of order.
ep19 step33675/140100 loss=1.0796 acc=0.886 lr=2.00e-06 gnorm=2.34 159 smp/s
wandb: WARNING Tried to log to step 33675 that is less than the current step 37651. Steps must be monotonically increasing, so this data will be ignored. See https://wandb.me/define-metric to log data out of order.
ep19 step33700/140100 loss=0.8579 acc=0.900 lr=2.00e-06 gnorm=1.74 159 smp/s
wandb: WARNING Tried to log to step 33700 that is less than the current step 37651. Steps must be monotonically increasing, so this data will be ignored. See https://wandb.me/define-metric to log data out of order.
ep19 step33725/140100 loss=1.0146 acc=0.890 lr=2.00e-06 gnorm=2.41 159 smp/s
wandb: WARNING Tried to log to step 33725 that is less than the current step 37651. Steps must be monotonically increasing, so this data will be ignored. See https://wandb.me/define-metric to log data out of order.
ep19 step33750/140100 loss=0.8470 acc=0.876 lr=2.00e-06 gnorm=2.20 159 smp/s
wandb: WARNING Tried to log to step 33750 that is less than the current step 37651. Steps must be monotonically increasing, so this data will be ignored. See https://wandb.me/define-metric to log data out of order.
ep19 step33775/140100 loss=0.9627 acc=0.912 lr=2.00e-06 gnorm=1.44 159 smp/s
wandb: WARNING Tried to log to step 33775 that is less than the current step 37651. Steps must be monotonically increasing, so this data will be ignored. See https://wandb.me/define-metric to log data out of order.
ep19 step33800/140100 loss=0.8441 acc=0.945 lr=2.00e-06 gnorm=2.42 159 smp/s
wandb: WARNING Tried to log to step 33800 that is less than the current step 37651. Steps must be monotonically increasing, so this data will be ignored. See https://wandb.me/define-metric to log data out of order.
ep19 step33825/140100 loss=0.6020 acc=0.950 lr=2.00e-06 gnorm=1.61 159 smp/s
wandb: WARNING Tried to log to step 33825 that is less than the current step 37651. Steps must be monotonically increasing, so this data will be ignored. See https://wandb.me/define-metric to log data out of order.
ep19 step33850/140100 loss=0.9968 acc=0.923 lr=2.00e-06 gnorm=3.16 159 smp/s
wandb: WARNING Tried to log to step 33850 that is less than the current step 37651. Steps must be monotonically increasing, so this data will be ignored. See https://wandb.me/define-metric to log data out of order.
ep19 step33875/140100 loss=0.8344 acc=0.927 lr=2.00e-06 gnorm=3.30 159 smp/s
wandb: WARNING Tried to log to step 33875 that is less than the current step 37651. Steps must be monotonically increasing, so this data will be ignored. See https://wandb.me/define-metric to log data out of order.
ep19 step33900/140100 loss=1.0995 acc=0.877 lr=2.00e-06 gnorm=1.51 159 smp/s
wandb: WARNING Tried to log to step 33900 that is less than the current step 37651. Steps must be monotonically increasing, so this data will be ignored. See https://wandb.me/define-metric to log data out of order.
ep19 step33925/140100 loss=0.9171 acc=0.911 lr=2.00e-06 gnorm=2.59 159 smp/s
wandb: WARNING Tried to log to step 33925 that is less than the current step 37651. Steps must be monotonically increasing, so this data will be ignored. See https://wandb.me/define-metric to log data out of order.
ep19 step33950/140100 loss=0.9349 acc=0.954 lr=2.00e-06 gnorm=1.95 159 smp/s
wandb: WARNING Tried to log to step 33950 that is less than the current step 37651. Steps must be monotonically increasing, so this data will be ignored. See https://wandb.me/define-metric to log data out of order.
ep19 step33975/140100 loss=0.9893 acc=0.886 lr=2.00e-06 gnorm=1.47 159 smp/s
wandb: WARNING Tried to log to step 33975 that is less than the current step 37651. Steps must be monotonically increasing, so this data will be ignored. See https://wandb.me/define-metric to log data out of order.
ep19 step34000/140100 loss=0.9751 acc=0.878 lr=2.00e-06 gnorm=2.29 159 smp/s
wandb: WARNING Tried to log to step 34000 that is less than the current step 37651. Steps must be monotonically increasing, so this data will be ignored. See https://wandb.me/define-metric to log data out of order.
[eval @ 34000] WER=0.835 CER=0.418 SER=1.000 loss=0.788 content_acc=0.312 fill_rate=0.686 entropy=0.701 distinct=82
[eval @ 34000] iter32  WER=0.579 CER=0.212 SER=0.955 (mask-predict decode, n=200 clips)
   Full: ಸ ಾ ಂ ಸ ್ ೃ ೃ ೃ ಿ ಕ | ನ ಗ ರ ಿ | ಮ ೈ ಸ ೂ ರ ಿ ನ ಲ ್ ಲ ಿ | ಕ ೊ ೊ ರ ನ ನ ಾ | ಸ ೋ ಂ ಕ ು | ಹ ೆ ಚ ್ ಚ ತ ತ ತ ತ ಿ ರ ು ವ | ಹ ಿ ನ ನ ನ ೆ ೆ ೆ ಯ ಲ ್ ಲ ಿ ಿ 
   Hyp : ಸಸಾಂಸ್ೃೃೃಿಕ ನಗರಿ ಮೈಸೂರಿನಲ್ಲಿ ಕೊೊರನನಾ ಸೋಂಕು ಹೆಚ್ಚತತತತಿರುವ ಹಿನನನೆೆೆಯಲ್ಲಿಿಇಇಂಿಿಿಿಂ 
   Ref : ಸಾಂಸ್ಕೃತಿಕ ನಗರಿ ಮೈಸೂರಿನಲ್ಲಿ ಕೊರೋನಾ ಸೋಂಕು ಹೆಚ್ಚುತ್ತಿರುವ ಹಿನ್ನೆಲೆಯಲ್ಲಿ ಇಂದಿನಿಂದ ಐದ
DEBUG:urllib3.connectionpool:Resetting dropped connection: api.wandb.ai
DEBUG:urllib3.connectionpool:https://api.wandb.ai:443 "POST /graphql HTTP/1.1" 200 60
wandb: WARNING Tried to log to step 34000 that is less than the current step 37651. Steps must be monotonically increasing, so this data will be ignored. See https://wandb.me/define-metric to log data out of order.
ep19 step34025/140100 loss=0.9897 acc=0.912 lr=2.00e-06 gnorm=1.66 158 smp/s
wandb: WARNING Tried to log to step 34025 that is less than the current step 37651. Steps must be monotonically increasing, so this data will be ignored. See https://wandb.me/define-metric to log data out of order.
ep19 step34050/140100 loss=0.9187 acc=0.896 lr=2.00e-06 gnorm=1.52 158 smp/s
wandb: WARNING Tried to log to step 34050 that is less than the current step 37651. Steps must be monotonically increasing, so this data will be ignored. See https://wandb.me/define-metric to log data out of order.
ep19 step34075/140100 loss=0.8691 acc=0.947 lr=2.00e-06 gnorm=1.93 158 smp/s
wandb: WARNING Tried to log to step 34075 that is less than the current step 37651. Steps must be monotonically increasing, so this data will be ignored. See https://wandb.me/define-metric to log data out of order.
ep19 step34100/140100 loss=0.8469 acc=0.879 lr=2.00e-06 gnorm=1.56 158 smp/s
wandb: WARNING Tried to log to step 34100 that is less than the current step 37651. Steps must be monotonically increasing, so this data will be ignored. See https://wandb.me/define-metric to log data out of order.
ep19 step34125/140100 loss=0.8121 acc=0.946 lr=2.00e-06 gnorm=2.28 158 smp/s
wandb: WARNING Tried to log to step 34125 that is less than the current step 37651. Steps must be monotonically increasing, so this data will be ignored. See https://wandb.me/define-metric to log data out of order.
ep19 step34150/140100 loss=0.7724 acc=0.931 lr=2.00e-06 gnorm=2.25 158 smp/s
wandb: WARNING Tried to log to step 34150 that is less than the current step 37651. Steps must be monotonically increasing, so this data will be ignored. See https://wandb.me/define-metric to log data out of order.
ep19 step34175/140100 loss=0.8979 acc=0.876 lr=2.00e-06 gnorm=2.42 158 smp/s
wandb: WARNING Tried to log to step 34175 that is less than the current step 37651. Steps must be monotonically increasing, so this data will be ignored. See https://wandb.me/define-metric to log data out of order.
ep19 step34200/140100 loss=0.8250 acc=0.910 lr=2.00e-06 gnorm=3.97 158 smp/s
wandb: WARNING Tried to log to step 34200 that is less than the current step 37651. Steps must be monotonically increasing, so this data will be ignored. See https://wandb.me/define-metric to log data out of order.
ep19 step34225/140100 loss=0.8710 acc=0.919 lr=2.00e-06 gnorm=3.30 158 smp/s
wandb: WARNING Tried to log to step 34225 that is less than the current step 37651. Steps must be monotonically increasing, so this data will be ignored. See https://wandb.me/define-metric to log data out of order.
ep19 step34250/140100 loss=0.8708 acc=0.906 lr=2.00e-06 gnorm=3.06 158 smp/s
wandb: WARNING Tried to log to step 34250 that is less than the current step 37651. Steps must be monotonically increasing, so this data will be ignored. See https://wandb.me/define-metric to log data out of order.
ep19 step34275/140100 loss=0.8892 acc=0.925 lr=2.00e-06 gnorm=3.17 158 smp/s
wandb: WARNING Tried to log to step 34275 that is less than the current step 37651. Steps must be monotonically increasing, so this data will be ignored. See https://wandb.me/define-metric to log data out of order.
ep19 step34300/140100 loss=0.6781 acc=0.951 lr=2.00e-06 gnorm=3.00 158 smp/s
wandb: WARNING Tried to log to step 34300 that is less than the current step 37651. Steps must be monotonically increasing, so this data will be ignored. See https://wandb.me/define-metric to log data out of order.
ep19 step34325/140100 loss=1.0099 acc=0.856 lr=2.00e-06 gnorm=3.04 158 smp/s
wandb: WARNING Tried to log to step 34325 that is less than the current step 37651. Steps must be monotonically increasing, so this data will be ignored. See https://wandb.me/define-metric to log data out of order.
ep19 step34350/140100 loss=0.7856 acc=0.883 lr=2.00e-06 gnorm=1.53 158 smp/s
wandb: WARNING Tried to log to step 34350 that is less than the current step 37651. Steps must be monotonically increasing, so this data will be ignored. See https://wandb.me/define-metric to log data out of order.
ep19 step34375/140100 loss=0.7374 acc=0.915 lr=2.00e-06 gnorm=1.89 158 smp/s
wandb: WARNING Tried to log to step 34375 that is less than the current step 37651. Steps must be monotonically increasing, so this data will be ignored. See https://wandb.me/define-metric to log data out of order.
ep19 step34400/140100 loss=0.9549 acc=0.970 lr=2.00e-06 gnorm=1.65 158 smp/s
wandb: WARNING Tried to log to step 34400 that is less than the current step 37651. Steps must be monotonically increasing, so this data will be ignored. See https://wandb.me/define-metric to log data out of order.
ep19 step34425/140100 loss=0.6280 acc=0.950 lr=2.00e-06 gnorm=1.70 158 smp/s
wandb: WARNING Tried to log to step 34425 that is less than the current step 37651. Steps must be monotonically increasing, so this data will be ignored. See https://wandb.me/define-metric to log data out of order.
ep19 step34450/140100 loss=0.7454 acc=0.955 lr=2.00e-06 gnorm=1.61 158 smp/s
wandb: WARNING Tried to log to step 34450 that is less than the current step 37651. Steps must be monotonically increasing, so this data will be ignored. See https://wandb.me/define-metric to log data out of order.
ep19 step34475/140100 loss=0.8771 acc=0.890 lr=2.00e-06 gnorm=1.77 158 smp/s
wandb: WARNING Tried to log to step 34475 that is less than the current step 37651. Steps must be monotonically increasing, so this data will be ignored. See https://wandb.me/define-metric to log data out of order.
ep19 step34500/140100 loss=0.8589 acc=0.890 lr=2.00e-06 gnorm=1.69 158 smp/s
wandb: WARNING Tried to log to step 34500 that is less than the current step 37651. Steps must be monotonically increasing, so this data will be ignored. See https://wandb.me/define-metric to log data out of order.
ep19 step34525/140100 loss=0.8597 acc=0.909 lr=2.00e-06 gnorm=1.97 158 smp/s
wandb: WARNING Tried to log to step 34525 that is less than the current step 37651. Steps must be monotonically increasing, so this data will be ignored. See https://wandb.me/define-metric to log data out of order.
ep19 step34550/140100 loss=0.8857 acc=0.888 lr=2.00e-06 gnorm=3.59 158 smp/s
wandb: WARNING Tried to log to step 34550 that is less than the current step 37651. Steps must be monotonically increasing, so this data will be ignored. See https://wandb.me/define-metric to log data out of order.
ep19 step34575/140100 loss=0.6822 acc=0.926 lr=2.00e-06 gnorm=1.60 158 smp/s
wandb: WARNING Tried to log to step 34575 that is less than the current step 37651. Steps must be monotonically increasing, so this data will be ignored. See https://wandb.me/define-metric to log data out of order.
ep19 step34600/140100 loss=1.0648 acc=0.880 lr=2.00e-06 gnorm=1.92 158 smp/s
wandb: WARNING Tried to log to step 34600 that is less than the current step 37651. Steps must be monotonically increasing, so this data will be ignored. See https://wandb.me/define-metric to log data out of order.
ep19 step34625/140100 loss=1.0169 acc=0.879 lr=2.00e-06 gnorm=2.51 158 smp/s
wandb: WARNING Tried to log to step 34625 that is less than the current step 37651. Steps must be monotonically increasing, so this data will be ignored. See https://wandb.me/define-metric to log data out of order.
ep19 step34650/140100 loss=0.9450 acc=0.906 lr=2.00e-06 gnorm=2.68 158 smp/s
wandb: WARNING Tried to log to step 34650 that is less than the current step 37651. Steps must be monotonically increasing, so this data will be ignored. See https://wandb.me/define-metric to log data out of order.
ep19 step34675/140100 loss=1.3004 acc=0.877 lr=2.00e-06 gnorm=2.52 158 smp/s
wandb: WARNING Tried to log to step 34675 that is less than the current step 37651. Steps must be monotonically increasing, so this data will be ignored. See https://wandb.me/define-metric to log data out of order.
ep19 step34700/140100 loss=0.8059 acc=0.932 lr=2.00e-06 gnorm=4.15 158 smp/s
wandb: WARNING Tried to log to step 34700 that is less than the current step 37651. Steps must be monotonically increasing, so this data will be ignored. See https://wandb.me/define-metric to log data out of order.
ep19 step34725/140100 loss=0.8186 acc=0.897 lr=2.00e-06 gnorm=2.43 158 smp/s
wandb: WARNING Tried to log to step 34725 that is less than the current step 37651. Steps must be monotonically increasing, so this data will be ignored. See https://wandb.me/define-metric to log data out of order.
ep19 step34750/140100 loss=0.7852 acc=0.933 lr=2.00e-06 gnorm=2.03 158 smp/s
wandb: WARNING Tried to log to step 34750 that is less than the current step 37651. Steps must be monotonically increasing, so this data will be ignored. See https://wandb.me/define-metric to log data out of order.
ep19 step34775/140100 loss=0.8783 acc=0.901 lr=2.00e-06 gnorm=1.91 158 smp/s
wandb: WARNING Tried to log to step 34775 that is less than the current step 37651. Steps must be monotonically increasing, so this data will be ignored. See https://wandb.me/define-metric to log data out of order.
ep19 step34800/140100 loss=0.8255 acc=0.920 lr=2.00e-06 gnorm=2.94 158 smp/s
wandb: WARNING Tried to log to step 34800 that is less than the current step 37651. Steps must be monotonically increasing, so this data will be ignored. See https://wandb.me/define-metric to log data out of order.
ep19 step34825/140100 loss=1.1223 acc=0.907 lr=2.00e-06 gnorm=1.88 158 smp/s
wandb: WARNING Tried to log to step 34825 that is less than the current step 37651. Steps must be monotonically increasing, so this data will be ignored. See https://wandb.me/define-metric to log data out of order.
ep19 step34850/140100 loss=0.9160 acc=0.873 lr=2.00e-06 gnorm=2.11 158 smp/s
wandb: WARNING Tried to log to step 34850 that is less than the current step 37651. Steps must be monotonically increasing, so this data will be ignored. See https://wandb.me/define-metric to log data out of order.
ep19 step34875/140100 loss=0.8611 acc=0.935 lr=2.00e-06 gnorm=2.54 158 smp/s
wandb: WARNING Tried to log to step 34875 that is less than the current step 37651. Steps must be monotonically increasing, so this data will be ignored. See https://wandb.me/define-metric to log data out of order.
ep19 step34900/140100 loss=0.8428 acc=0.951 lr=2.00e-06 gnorm=1.69 158 smp/s
wandb: WARNING Tried to log to step 34900 that is less than the current step 37651. Steps must be monotonically increasing, so this data will be ignored. See https://wandb.me/define-metric to log data out of order.
ep19 step34925/140100 loss=0.8464 acc=0.884 lr=2.00e-06 gnorm=2.26 158 smp/s
wandb: WARNING Tried to log to step 34925 that is less than the current step 37651. Steps must be monotonically increasing, so this data will be ignored. See https://wandb.me/define-metric to log data out of order.
ep19 step34950/140100 loss=0.9181 acc=0.920 lr=2.00e-06 gnorm=2.50 158 smp/s
wandb: WARNING Tried to log to step 34950 that is less than the current step 37651. Steps must be monotonically increasing, so this data will be ignored. See https://wandb.me/define-metric to log data out of order.
ep19 step34975/140100 loss=0.9391 acc=0.889 lr=2.00e-06 gnorm=2.30 158 smp/s
wandb: WARNING Tried to log to step 34975 that is less than the current step 37651. Steps must be monotonically increasing, so this data will be ignored. See https://wandb.me/define-metric to log data out of order.
ep19 step35000/140100 loss=0.7534 acc=0.911 lr=2.00e-06 gnorm=1.67 158 smp/s
wandb: WARNING Tried to log to step 35000 that is less than the current step 37651. Steps must be monotonically increasing, so this data will be ignored. See https://wandb.me/define-metric to log data out of order.
ep19 step35025/140100 loss=1.0297 acc=0.866 lr=2.00e-06 gnorm=1.82 158 smp/s
wandb: WARNING Tried to log to step 35025 that is less than the current step 37651. Steps must be monotonically increasing, so this data will be ignored. See https://wandb.me/define-metric to log data out of order.
ep19 step35050/140100 loss=0.8305 acc=0.881 lr=2.00e-06 gnorm=2.49 158 smp/s
wandb: WARNING Tried to log to step 35050 that is less than the current step 37651. Steps must be monotonically increasing, so this data will be ignored. See https://wandb.me/define-metric to log data out of order.
ep19 step35075/140100 loss=1.0394 acc=0.840 lr=2.00e-06 gnorm=3.24 158 smp/s
wandb: WARNING Tried to log to step 35075 that is less than the current step 37651. Steps must be monotonically increasing, so this data will be ignored. See https://wandb.me/define-metric to log data out of order.
ep19 step35100/140100 loss=0.9280 acc=0.916 lr=2.00e-06 gnorm=2.38 158 smp/s
wandb: WARNING Tried to log to step 35100 that is less than the current step 37651. Steps must be monotonically increasing, so this data will be ignored. See https://wandb.me/define-metric to log data out of order.
ep19 step35125/140100 loss=0.6870 acc=0.905 lr=2.00e-06 gnorm=2.03 158 smp/s
wandb: WARNING Tried to log to step 35125 that is less than the current step 37651. Steps must be monotonically increasing, so this data will be ignored. See https://wandb.me/define-metric to log data out of order.
ep19 step35150/140100 loss=1.0180 acc=0.964 lr=2.00e-06 gnorm=2.89 158 smp/s
wandb: WARNING Tried to log to step 35150 that is less than the current step 37651. Steps must be monotonically increasing, so this data will be ignored. See https://wandb.me/define-metric to log data out of order.
ep19 step35175/140100 loss=1.1178 acc=0.888 lr=2.00e-06 gnorm=2.21 158 smp/s
wandb: WARNING Tried to log to step 35175 that is less than the current step 37651. Steps must be monotonically increasing, so this data will be ignored. See https://wandb.me/define-metric to log data out of order.
ep19 step35200/140100 loss=1.0237 acc=0.909 lr=2.00e-06 gnorm=3.66 158 smp/s
wandb: WARNING Tried to log to step 35200 that is less than the current step 37651. Steps must be monotonically increasing, so this data will be ignored. See https://wandb.me/define-metric to log data out of order.
ep19 step35225/140100 loss=0.7821 acc=0.919 lr=2.00e-06 gnorm=1.69 158 smp/s
wandb: WARNING Tried to log to step 35225 that is less than the current step 37651. Steps must be monotonically increasing, so this data will be ignored. See https://wandb.me/define-metric to log data out of order.
ep19 step35250/140100 loss=1.1048 acc=0.902 lr=2.00e-06 gnorm=1.71 158 smp/s
wandb: WARNING Tried to log to step 35250 that is less than the current step 37651. Steps must be monotonically increasing, so this data will be ignored. See https://wandb.me/define-metric to log data out of order.
ep19 step35275/140100 loss=0.6934 acc=0.921 lr=2.00e-06 gnorm=2.49 158 smp/s
wandb: WARNING Tried to log to step 35275 that is less than the current step 37651. Steps must be monotonically increasing, so this data will be ignored. See https://wandb.me/define-metric to log data out of order.
ep19 step35300/140100 loss=1.2539 acc=0.882 lr=2.00e-06 gnorm=1.60 158 smp/s
wandb: WARNING Tried to log to step 35300 that is less than the current step 37651. Steps must be monotonically increasing, so this data will be ignored. See https://wandb.me/define-metric to log data out of order.
ep19 step35325/140100 loss=0.8622 acc=0.909 lr=2.00e-06 gnorm=4.35 158 smp/s
wandb: WARNING Tried to log to step 35325 that is less than the current step 37651. Steps must be monotonically increasing, so this data will be ignored. See https://wandb.me/define-metric to log data out of order.
ep19 step35350/140100 loss=0.8236 acc=0.919 lr=2.00e-06 gnorm=2.59 158 smp/s
wandb: WARNING Tried to log to step 35350 that is less than the current step 37651. Steps must be monotonically increasing, so this data will be ignored. See https://wandb.me/define-metric to log data out of order.
ep19 step35375/140100 loss=0.8940 acc=0.923 lr=2.00e-06 gnorm=4.17 158 smp/s
wandb: WARNING Tried to log to step 35375 that is less than the current step 37651. Steps must be monotonically increasing, so this data will be ignored. See https://wandb.me/define-metric to log data out of order.
ep19 step35400/140100 loss=1.3809 acc=0.786 lr=2.00e-06 gnorm=2.98 158 smp/s
wandb: WARNING Tried to log to step 35400 that is less than the current step 37651. Steps must be monotonically increasing, so this data will be ignored. See https://wandb.me/define-metric to log data out of order.
ep19 step35425/140100 loss=0.6354 acc=0.942 lr=2.00e-06 gnorm=1.46 158 smp/s
wandb: WARNING Tried to log to step 35425 that is less than the current step 37651. Steps must be monotonically increasing, so this data will be ignored. See https://wandb.me/define-metric to log data out of order.
ep19 step35450/140100 loss=0.7760 acc=0.969 lr=2.00e-06 gnorm=2.07 159 smp/s
wandb: WARNING Tried to log to step 35450 that is less than the current step 37651. Steps must be monotonically increasing, so this data will be ignored. See https://wandb.me/define-metric to log data out of order.
ep19 step35475/140100 loss=0.8197 acc=0.917 lr=2.00e-06 gnorm=3.66 159 smp/s
wandb: WARNING Tried to log to step 35475 that is less than the current step 37651. Steps must be monotonically increasing, so this data will be ignored. See https://wandb.me/define-metric to log data out of order.
ep20 step35500/140100 loss=0.9249 acc=0.908 lr=2.00e-06 gnorm=2.12 158 smp/s
wandb: WARNING Tried to log to step 35500 that is less than the current step 37651. Steps must be monotonically increasing, so this data will be ignored. See https://wandb.me/define-metric to log data out of order.
ep20 step35525/140100 loss=1.1063 acc=0.896 lr=2.00e-06 gnorm=3.19 158 smp/s
wandb: WARNING Tried to log to step 35525 that is less than the current step 37651. Steps must be monotonically increasing, so this data will be ignored. See https://wandb.me/define-metric to log data out of order.
ep20 step35550/140100 loss=0.9766 acc=0.934 lr=2.00e-06 gnorm=1.97 158 smp/s
wandb: WARNING Tried to log to step 35550 that is less than the current step 37651. Steps must be monotonically increasing, so this data will be ignored. See https://wandb.me/define-metric to log data out of order.
ep20 step35575/140100 loss=0.9917 acc=0.896 lr=2.00e-06 gnorm=1.70 158 smp/s
wandb: WARNING Tried to log to step 35575 that is less than the current step 37651. Steps must be monotonically increasing, so this data will be ignored. See https://wandb.me/define-metric to log data out of order.
ep20 step35600/140100 loss=0.8080 acc=0.904 lr=2.00e-06 gnorm=1.33 158 smp/s
wandb: WARNING Tried to log to step 35600 that is less than the current step 37651. Steps must be monotonically increasing, so this data will be ignored. See https://wandb.me/define-metric to log data out of order.
ep20 step35625/140100 loss=1.0743 acc=0.797 lr=2.00e-06 gnorm=2.00 158 smp/s
wandb: WARNING Tried to log to step 35625 that is less than the current step 37651. Steps must be monotonically increasing, so this data will be ignored. See https://wandb.me/define-metric to log data out of order.
ep20 step35650/140100 loss=1.1829 acc=0.894 lr=2.00e-06 gnorm=2.38 158 smp/s
wandb: WARNING Tried to log to step 35650 that is less than the current step 37651. Steps must be monotonically increasing, so this data will be ignored. See https://wandb.me/define-metric to log data out of order.
ep20 step35675/140100 loss=1.0952 acc=0.880 lr=2.00e-06 gnorm=5.06 158 smp/s
wandb: WARNING Tried to log to step 35675 that is less than the current step 37651. Steps must be monotonically increasing, so this data will be ignored. See https://wandb.me/define-metric to log data out of order.
ep20 step35700/140100 loss=0.9077 acc=0.921 lr=2.00e-06 gnorm=3.03 158 smp/s
wandb: WARNING Tried to log to step 35700 that is less than the current step 37651. Steps must be monotonically increasing, so this data will be ignored. See https://wandb.me/define-metric to log data out of order.
ep20 step35725/140100 loss=1.0080 acc=0.968 lr=2.00e-06 gnorm=2.32 158 smp/s
wandb: WARNING Tried to log to step 35725 that is less than the current step 37651. Steps must be monotonically increasing, so this data will be ignored. See https://wandb.me/define-metric to log data out of order.
ep20 step35750/140100 loss=1.0061 acc=0.932 lr=2.00e-06 gnorm=3.41 158 smp/s
wandb: WARNING Tried to log to step 35750 that is less than the current step 37651. Steps must be monotonically increasing, so this data will be ignored. See https://wandb.me/define-metric to log data out of order.
ep20 step35775/140100 loss=1.0723 acc=0.903 lr=2.00e-06 gnorm=1.60 158 smp/s
wandb: WARNING Tried to log to step 35775 that is less than the current step 37651. Steps must be monotonically increasing, so this data will be ignored. See https://wandb.me/define-metric to log data out of order.
ep20 step35800/140100 loss=0.7394 acc=0.905 lr=2.00e-06 gnorm=1.59 158 smp/s
wandb: WARNING Tried to log to step 35800 that is less than the current step 37651. Steps must be monotonically increasing, so this data will be ignored. See https://wandb.me/define-metric to log data out of order.
ep20 step35825/140100 loss=1.0248 acc=0.846 lr=2.00e-06 gnorm=2.40 158 smp/s
wandb: WARNING Tried to log to step 35825 that is less than the current step 37651. Steps must be monotonically increasing, so this data will be ignored. See https://wandb.me/define-metric to log data out of order.
ep20 step35850/140100 loss=0.9458 acc=0.860 lr=2.00e-06 gnorm=2.99 158 smp/s
wandb: WARNING Tried to log to step 35850 that is less than the current step 37651. Steps must be monotonically increasing, so this data will be ignored. See https://wandb.me/define-metric to log data out of order.
ep20 step35875/140100 loss=1.0346 acc=0.903 lr=2.00e-06 gnorm=2.76 158 smp/s
wandb: WARNING Tried to log to step 35875 that is less than the current step 37651. Steps must be monotonically increasing, so this data will be ignored. See https://wandb.me/define-metric to log data out of order.
ep20 step35900/140100 loss=0.9820 acc=0.926 lr=2.00e-06 gnorm=2.23 158 smp/s
wandb: WARNING Tried to log to step 35900 that is less than the current step 37651. Steps must be monotonically increasing, so this data will be ignored. See https://wandb.me/define-metric to log data out of order.
ep20 step35925/140100 loss=0.9088 acc=0.926 lr=2.00e-06 gnorm=1.67 158 smp/s
wandb: WARNING Tried to log to step 35925 that is less than the current step 37651. Steps must be monotonically increasing, so this data will be ignored. See https://wandb.me/define-metric to log data out of order.
ep20 step35950/140100 loss=0.7483 acc=0.923 lr=2.00e-06 gnorm=3.13 158 smp/s
wandb: WARNING Tried to log to step 35950 that is less than the current step 37651. Steps must be monotonically increasing, so this data will be ignored. See https://wandb.me/define-metric to log data out of order.
ep20 step35975/140100 loss=0.7045 acc=0.955 lr=2.00e-06 gnorm=2.31 158 smp/s
wandb: WARNING Tried to log to step 35975 that is less than the current step 37651. Steps must be monotonically increasing, so this data will be ignored. See https://wandb.me/define-metric to log data out of order.
ep20 step36000/140100 loss=0.7755 acc=0.911 lr=2.00e-06 gnorm=2.13 158 smp/s
wandb: WARNING Tried to log to step 36000 that is less than the current step 37651. Steps must be monotonically increasing, so this data will be ignored. See https://wandb.me/define-metric to log data out of order.
[eval @ 36000] WER=0.827 CER=0.412 SER=1.000 loss=0.725 content_acc=0.363 fill_rate=0.688 entropy=0.678 distinct=82
[eval @ 36000] iter32  WER=0.571 CER=0.208 SER=0.925 (mask-predict decode, n=200 clips)
   Full: ಸ ಾ ಂ ಸ ್ ೃ ೃ ಿ ಿ ಕ | ನ ಗ ರ ಿ | ಮ ೈ ಸ ೂ ರ ಿ ನ ಲ ್ ಲ ಿ | ಕ ೊ ರ ರ ನ ನ ಾ | ಸ ೋ ಕ ು ು | ಹ ೆ ಚ ಚ ಚ ತ ್ ತ ಿ ಿ ರ ು ವ | ಹ ಿ ನ ನ ನ ೆ ೆ ಯ ಲ ಲ ್ ಲ ಿ | 
   Hyp : ಸಸಾಂಸ್ೃೃಿಿಕ ನಗರಿ ಮೈಸೂರಿನಲ್ಲಿ ಕೊರರನನಾ ಸೋಕುು ಹೆಚಚಚತ್ತಿಿರುವ ಹಿನನನೆೆಯಲಲ್ಲಿ ಇಂದಿನಿಂದ 
   Ref : ಸಾಂಸ್ಕೃತಿಕ ನಗರಿ ಮೈಸೂರಿನಲ್ಲಿ ಕೊರೋನಾ ಸೋಂಕು ಹೆಚ್ಚುತ್ತಿರುವ ಹಿನ್ನೆಲೆಯಲ್ಲಿ ಇಂದಿನಿಂದ ಐದ
DEBUG:urllib3.connectionpool:Resetting dropped connection: api.wandb.ai
DEBUG:urllib3.connectionpool:https://api.wandb.ai:443 "POST /graphql HTTP/1.1" 200 60
wandb: WARNING Tried to log to step 36000 that is less than the current step 37651. Steps must be monotonically increasing, so this data will be ignored. See https://wandb.me/define-metric to log data out of order.
ep20 step36025/140100 loss=1.1934 acc=0.903 lr=2.00e-06 gnorm=1.75 158 smp/s
wandb: WARNING Tried to log to step 36025 that is less than the current step 37651. Steps must be monotonically increasing, so this data will be ignored. See https://wandb.me/define-metric to log data out of order.
ep20 step36050/140100 loss=1.0721 acc=0.902 lr=2.00e-06 gnorm=1.55 158 smp/s
wandb: WARNING Tried to log to step 36050 that is less than the current step 37651. Steps must be monotonically increasing, so this data will be ignored. See https://wandb.me/define-metric to log data out of order.
ep20 step36075/140100 loss=0.8938 acc=0.894 lr=2.00e-06 gnorm=2.28 158 smp/s
wandb: WARNING Tried to log to step 36075 that is less than the current step 37651. Steps must be monotonically increasing, so this data will be ignored. See https://wandb.me/define-metric to log data out of order.
ep20 step36100/140100 loss=0.9847 acc=0.938 lr=2.00e-06 gnorm=2.05 158 smp/s
wandb: WARNING Tried to log to step 36100 that is less than the current step 37651. Steps must be monotonically increasing, so this data will be ignored. See https://wandb.me/define-metric to log data out of order.
ep20 step36125/140100 loss=0.9680 acc=0.898 lr=2.00e-06 gnorm=1.76 158 smp/s
wandb: WARNING Tried to log to step 36125 that is less than the current step 37651. Steps must be monotonically increasing, so this data will be ignored. See https://wandb.me/define-metric to log data out of order.
ep20 step36150/140100 loss=0.9192 acc=0.915 lr=2.00e-06 gnorm=2.40 158 smp/s
wandb: WARNING Tried to log to step 36150 that is less than the current step 37651. Steps must be monotonically increasing, so this data will be ignored. See https://wandb.me/define-metric to log data out of order.
ep20 step36175/140100 loss=0.9931 acc=0.892 lr=2.00e-06 gnorm=1.95 158 smp/s
wandb: WARNING Tried to log to step 36175 that is less than the current step 37651. Steps must be monotonically increasing, so this data will be ignored. See https://wandb.me/define-metric to log data out of order.
ep20 step36200/140100 loss=0.7227 acc=0.927 lr=2.00e-06 gnorm=1.93 158 smp/s
wandb: WARNING Tried to log to step 36200 that is less than the current step 37651. Steps must be monotonically increasing, so this data will be ignored. See https://wandb.me/define-metric to log data out of order.
ep20 step36225/140100 loss=0.9581 acc=0.866 lr=2.00e-06 gnorm=1.42 158 smp/s
wandb: WARNING Tried to log to step 36225 that is less than the current step 37651. Steps must be monotonically increasing, so this data will be ignored. See https://wandb.me/define-metric to log data out of order.
ep20 step36250/140100 loss=1.2205 acc=0.902 lr=2.00e-06 gnorm=1.62 158 smp/s
wandb: WARNING Tried to log to step 36250 that is less than the current step 37651. Steps must be monotonically increasing, so this data will be ignored. See https://wandb.me/define-metric to log data out of order.
ep20 step36275/140100 loss=0.9351 acc=0.923 lr=2.00e-06 gnorm=2.13 158 smp/s
wandb: WARNING Tried to log to step 36275 that is less than the current step 37651. Steps must be monotonically increasing, so this data will be ignored. See https://wandb.me/define-metric to log data out of order.
ep20 step36300/140100 loss=1.1105 acc=0.874 lr=2.00e-06 gnorm=1.49 158 smp/s
wandb: WARNING Tried to log to step 36300 that is less than the current step 37651. Steps must be monotonically increasing, so this data will be ignored. See https://wandb.me/define-metric to log data out of order.
ep20 step36325/140100 loss=0.7261 acc=0.944 lr=2.00e-06 gnorm=4.07 158 smp/s
wandb: WARNING Tried to log to step 36325 that is less than the current step 37651. Steps must be monotonically increasing, so this data will be ignored. See https://wandb.me/define-metric to log data out of order.
ep20 step36350/140100 loss=0.5867 acc=0.930 lr=2.00e-06 gnorm=2.58 158 smp/s
wandb: WARNING Tried to log to step 36350 that is less than the current step 37651. Steps must be monotonically increasing, so this data will be ignored. See https://wandb.me/define-metric to log data out of order.
ep20 step36375/140100 loss=0.9014 acc=0.919 lr=2.00e-06 gnorm=2.37 158 smp/s
wandb: WARNING Tried to log to step 36375 that is less than the current step 37651. Steps must be monotonically increasing, so this data will be ignored. See https://wandb.me/define-metric to log data out of order.
ep20 step36400/140100 loss=0.8204 acc=0.921 lr=2.00e-06 gnorm=1.93 158 smp/s
wandb: WARNING Tried to log to step 36400 that is less than the current step 37651. Steps must be monotonically increasing, so this data will be ignored. See https://wandb.me/define-metric to log data out of order.
ep20 step36425/140100 loss=0.9861 acc=0.917 lr=2.00e-06 gnorm=2.03 158 smp/s
wandb: WARNING Tried to log to step 36425 that is less than the current step 37651. Steps must be monotonically increasing, so this data will be ignored. See https://wandb.me/define-metric to log data out of order.
ep20 step36450/140100 loss=0.8396 acc=0.921 lr=2.00e-06 gnorm=2.60 158 smp/s
wandb: WARNING Tried to log to step 36450 that is less than the current step 37651. Steps must be monotonically increasing, so this data will be ignored. See https://wandb.me/define-metric to log data out of order.
ep20 step36475/140100 loss=1.0311 acc=0.902 lr=2.00e-06 gnorm=3.37 158 smp/s
wandb: WARNING Tried to log to step 36475 that is less than the current step 37651. Steps must be monotonically increasing, so this data will be ignored. See https://wandb.me/define-metric to log data out of order.
ep20 step36500/140100 loss=1.1011 acc=0.908 lr=2.00e-06 gnorm=1.79 158 smp/s
wandb: WARNING Tried to log to step 36500 that is less than the current step 37651. Steps must be monotonically increasing, so this data will be ignored. See https://wandb.me/define-metric to log data out of order.
ep20 step36525/140100 loss=0.8810 acc=0.911 lr=2.00e-06 gnorm=3.96 158 smp/s
wandb: WARNING Tried to log to step 36525 that is less than the current step 37651. Steps must be monotonically increasing, so this data will be ignored. See https://wandb.me/define-metric to log data out of order.
ep20 step36550/140100 loss=0.9824 acc=0.880 lr=2.00e-06 gnorm=2.04 158 smp/s
wandb: WARNING Tried to log to step 36550 that is less than the current step 37651. Steps must be monotonically increasing, so this data will be ignored. See https://wandb.me/define-metric to log data out of order.
ep20 step36575/140100 loss=0.9600 acc=0.932 lr=2.00e-06 gnorm=1.87 158 smp/s
wandb: WARNING Tried to log to step 36575 that is less than the current step 37651. Steps must be monotonically increasing, so this data will be ignored. See https://wandb.me/define-metric to log data out of order.
ep20 step36600/140100 loss=0.6899 acc=0.935 lr=2.00e-06 gnorm=2.63 158 smp/s
wandb: WARNING Tried to log to step 36600 that is less than the current step 37651. Steps must be monotonically increasing, so this data will be ignored. See https://wandb.me/define-metric to log data out of order.
ep20 step36625/140100 loss=0.8534 acc=0.877 lr=2.00e-06 gnorm=1.95 158 smp/s
wandb: WARNING Tried to log to step 36625 that is less than the current step 37651. Steps must be monotonically increasing, so this data will be ignored. See https://wandb.me/define-metric to log data out of order.
ep20 step36650/140100 loss=0.8718 acc=0.891 lr=2.00e-06 gnorm=2.51 158 smp/s
wandb: WARNING Tried to log to step 36650 that is less than the current step 37651. Steps must be monotonically increasing, so this data will be ignored. See https://wandb.me/define-metric to log data out of order.
ep20 step36675/140100 loss=0.9795 acc=0.848 lr=2.00e-06 gnorm=3.61 158 smp/s
wandb: WARNING Tried to log to step 36675 that is less than the current step 37651. Steps must be monotonically increasing, so this data will be ignored. See https://wandb.me/define-metric to log data out of order.
ep20 step36700/140100 loss=0.7746 acc=0.913 lr=2.00e-06 gnorm=3.45 158 smp/s
wandb: WARNING Tried to log to step 36700 that is less than the current step 37651. Steps must be monotonically increasing, so this data will be ignored. See https://wandb.me/define-metric to log data out of order.
ep20 step36725/140100 loss=0.8704 acc=0.908 lr=2.00e-06 gnorm=2.37 158 smp/s
wandb: WARNING Tried to log to step 36725 that is less than the current step 37651. Steps must be monotonically increasing, so this data will be ignored. See https://wandb.me/define-metric to log data out of order.
ep20 step36750/140100 loss=0.9484 acc=0.887 lr=2.00e-06 gnorm=1.54 158 smp/s
wandb: WARNING Tried to log to step 36750 that is less than the current step 37651. Steps must be monotonically increasing, so this data will be ignored. See https://wandb.me/define-metric to log data out of order.
ep20 step36775/140100 loss=0.8165 acc=0.920 lr=2.00e-06 gnorm=1.80 158 smp/s
wandb: WARNING Tried to log to step 36775 that is less than the current step 37651. Steps must be monotonically increasing, so this data will be ignored. See https://wandb.me/define-metric to log data out of order.
ep20 step36800/140100 loss=0.5835 acc=0.928 lr=2.00e-06 gnorm=1.72 158 smp/s
wandb: WARNING Tried to log to step 36800 that is less than the current step 37651. Steps must be monotonically increasing, so this data will be ignored. See https://wandb.me/define-metric to log data out of order.
ep20 step36825/140100 loss=0.8743 acc=0.913 lr=2.00e-06 gnorm=2.43 158 smp/s
wandb: WARNING Tried to log to step 36825 that is less than the current step 37651. Steps must be monotonically increasing, so this data will be ignored. See https://wandb.me/define-metric to log data out of order.
ep20 step36850/140100 loss=0.7629 acc=0.920 lr=2.00e-06 gnorm=4.11 158 smp/s
wandb: WARNING Tried to log to step 36850 that is less than the current step 37651. Steps must be monotonically increasing, so this data will be ignored. See https://wandb.me/define-metric to log data out of order.
ep20 step36875/140100 loss=0.8258 acc=0.918 lr=2.00e-06 gnorm=2.39 158 smp/s
wandb: WARNING Tried to log to step 36875 that is less than the current step 37651. Steps must be monotonically increasing, so this data will be ignored. See https://wandb.me/define-metric to log data out of order.
ep20 step36900/140100 loss=1.0351 acc=0.874 lr=2.00e-06 gnorm=3.32 158 smp/s
wandb: WARNING Tried to log to step 36900 that is less than the current step 37651. Steps must be monotonically increasing, so this data will be ignored. See https://wandb.me/define-metric to log data out of order.
ep20 step36925/140100 loss=0.7895 acc=0.876 lr=2.00e-06 gnorm=2.09 158 smp/s
wandb: WARNING Tried to log to step 36925 that is less than the current step 37651. Steps must be monotonically increasing, so this data will be ignored. See https://wandb.me/define-metric to log data out of order.
ep20 step36950/140100 loss=0.8761 acc=0.903 lr=2.00e-06 gnorm=2.27 158 smp/s
wandb: WARNING Tried to log to step 36950 that is less than the current step 37651. Steps must be monotonically increasing, so this data will be ignored. See https://wandb.me/define-metric to log data out of order.
ep20 step36975/140100 loss=0.9421 acc=0.933 lr=2.00e-06 gnorm=1.88 158 smp/s
wandb: WARNING Tried to log to step 36975 that is less than the current step 37651. Steps must be monotonically increasing, so this data will be ignored. See https://wandb.me/define-metric to log data out of order.
ep20 step37000/140100 loss=0.8205 acc=0.919 lr=2.00e-06 gnorm=2.39 158 smp/s
wandb: WARNING Tried to log to step 37000 that is less than the current step 37651. Steps must be monotonically increasing, so this data will be ignored. See https://wandb.me/define-metric to log data out of order.
ep20 step37025/140100 loss=0.7907 acc=0.937 lr=2.00e-06 gnorm=1.69 158 smp/s
wandb: WARNING Tried to log to step 37025 that is less than the current step 37651. Steps must be monotonically increasing, so this data will be ignored. See https://wandb.me/define-metric to log data out of order.
ep20 step37050/140100 loss=1.1380 acc=0.877 lr=2.00e-06 gnorm=1.67 158 smp/s
wandb: WARNING Tried to log to step 37050 that is less than the current step 37651. Steps must be monotonically increasing, so this data will be ignored. See https://wandb.me/define-metric to log data out of order.
ep20 step37075/140100 loss=0.9644 acc=0.899 lr=2.00e-06 gnorm=1.75 158 smp/s
wandb: WARNING Tried to log to step 37075 that is less than the current step 37651. Steps must be monotonically increasing, so this data will be ignored. See https://wandb.me/define-metric to log data out of order.
ep20 step37100/140100 loss=0.9946 acc=0.884 lr=2.00e-06 gnorm=1.63 158 smp/s
wandb: WARNING Tried to log to step 37100 that is less than the current step 37651. Steps must be monotonically increasing, so this data will be ignored. See https://wandb.me/define-metric to log data out of order.
ep20 step37125/140100 loss=0.6297 acc=0.951 lr=2.00e-06 gnorm=2.13 158 smp/s
wandb: WARNING Tried to log to step 37125 that is less than the current step 37651. Steps must be monotonically increasing, so this data will be ignored. See https://wandb.me/define-metric to log data out of order.
ep20 step37150/140100 loss=0.8749 acc=0.906 lr=2.00e-06 gnorm=2.87 158 smp/s
wandb: WARNING Tried to log to step 37150 that is less than the current step 37651. Steps must be monotonically increasing, so this data will be ignored. See https://wandb.me/define-metric to log data out of order.
ep20 step37175/140100 loss=0.8362 acc=0.959 lr=2.00e-06 gnorm=1.41 158 smp/s
wandb: WARNING Tried to log to step 37175 that is less than the current step 37651. Steps must be monotonically increasing, so this data will be ignored. See https://wandb.me/define-metric to log data out of order.
ep20 step37200/140100 loss=0.9021 acc=0.903 lr=2.00e-06 gnorm=2.01 158 smp/s
wandb: WARNING Tried to log to step 37200 that is less than the current step 37651. Steps must be monotonically increasing, so this data will be ignored. See https://wandb.me/define-metric to log data out of order.
ep20 step37225/140100 loss=1.1802 acc=0.918 lr=2.00e-06 gnorm=2.46 158 smp/s
wandb: WARNING Tried to log to step 37225 that is less than the current step 37651. Steps must be monotonically increasing, so this data will be ignored. See https://wandb.me/define-metric to log data out of order.
ep20 step37250/140100 loss=0.7920 acc=0.973 lr=2.00e-06 gnorm=2.32 158 smp/s
wandb: WARNING Tried to log to step 37250 that is less than the current step 37651. Steps must be monotonically increasing, so this data will be ignored. See https://wandb.me/define-metric to log data out of order.
ep20 step37275/140100 loss=0.9429 acc=0.930 lr=2.00e-06 gnorm=3.32 158 smp/s
wandb: WARNING Tried to log to step 37275 that is less than the current step 37651. Steps must be monotonically increasing, so this data will be ignored. See https://wandb.me/define-metric to log data out of order.
ep20 step37300/140100 loss=0.9759 acc=0.895 lr=2.00e-06 gnorm=2.73 158 smp/s
wandb: WARNING Tried to log to step 37300 that is less than the current step 37651. Steps must be monotonically increasing, so this data will be ignored. See https://wandb.me/define-metric to log data out of order.
ep20 step37325/140100 loss=0.9054 acc=0.839 lr=2.00e-06 gnorm=2.82 158 smp/s
wandb: WARNING Tried to log to step 37325 that is less than the current step 37651. Steps must be monotonically increasing, so this data will be ignored. See https://wandb.me/define-metric to log data out of order.
ep20 step37350/140100 loss=0.9779 acc=0.919 lr=2.00e-06 gnorm=1.73 158 smp/s
wandb: WARNING Tried to log to step 37350 that is less than the current step 37651. Steps must be monotonically increasing, so this data will be ignored. See https://wandb.me/define-metric to log data out of order.
ep21 step37375/140100 loss=0.9217 acc=0.851 lr=2.00e-06 gnorm=3.26 158 smp/s
wandb: WARNING Tried to log to step 37375 that is less than the current step 37651. Steps must be monotonically increasing, so this data will be ignored. See https://wandb.me/define-metric to log data out of order.
ep21 step37400/140100 loss=0.7706 acc=0.942 lr=2.00e-06 gnorm=2.50 158 smp/s
wandb: WARNING Tried to log to step 37400 that is less than the current step 37651. Steps must be monotonically increasing, so this data will be ignored. See https://wandb.me/define-metric to log data out of order.
ep21 step37425/140100 loss=0.8642 acc=0.923 lr=2.00e-06 gnorm=4.49 158 smp/s
wandb: WARNING Tried to log to step 37425 that is less than the current step 37651. Steps must be monotonically increasing, so this data will be ignored. See https://wandb.me/define-metric to log data out of order.
ep21 step37450/140100 loss=0.9814 acc=0.908 lr=2.00e-06 gnorm=1.91 158 smp/s
wandb: WARNING Tried to log to step 37450 that is less than the current step 37651. Steps must be monotonically increasing, so this data will be ignored. See https://wandb.me/define-metric to log data out of order.
ep21 step37475/140100 loss=0.9495 acc=0.919 lr=2.00e-06 gnorm=2.80 158 smp/s
wandb: WARNING Tried to log to step 37475 that is less than the current step 37651. Steps must be monotonically increasing, so this data will be ignored. See https://wandb.me/define-metric to log data out of order.
ep21 step37500/140100 loss=0.7839 acc=0.940 lr=2.00e-06 gnorm=2.04 158 smp/s
wandb: WARNING Tried to log to step 37500 that is less than the current step 37651. Steps must be monotonically increasing, so this data will be ignored. See https://wandb.me/define-metric to log data out of order.
ep21 step37525/140100 loss=0.7336 acc=0.880 lr=2.00e-06 gnorm=1.47 158 smp/s
wandb: WARNING Tried to log to step 37525 that is less than the current step 37651. Steps must be monotonically increasing, so this data will be ignored. See https://wandb.me/define-metric to log data out of order.
ep21 step37550/140100 loss=0.7717 acc=0.956 lr=2.00e-06 gnorm=1.54 158 smp/s
wandb: WARNING Tried to log to step 37550 that is less than the current step 37651. Steps must be monotonically increasing, so this data will be ignored. See https://wandb.me/define-metric to log data out of order.
ep21 step37575/140100 loss=1.0464 acc=0.905 lr=2.00e-06 gnorm=4.00 158 smp/s
wandb: WARNING Tried to log to step 37575 that is less than the current step 37651. Steps must be monotonically increasing, so this data will be ignored. See https://wandb.me/define-metric to log data out of order.
ep21 step37600/140100 loss=1.0576 acc=0.920 lr=2.00e-06 gnorm=2.13 158 smp/s
wandb: WARNING Tried to log to step 37600 that is less than the current step 37651. Steps must be monotonically increasing, so this data will be ignored. See https://wandb.me/define-metric to log data out of order.
ep21 step37625/140100 loss=1.1089 acc=0.851 lr=2.00e-06 gnorm=2.48 158 smp/s
wandb: WARNING Tried to log to step 37625 that is less than the current step 37651. Steps must be monotonically increasing, so this data will be ignored. See https://wandb.me/define-metric to log data out of order.
ep21 step37650/140100 loss=0.9546 acc=0.905 lr=2.00e-06 gnorm=3.25 158 smp/s
wandb: WARNING Tried to log to step 37650 that is less than the current step 37651. Steps must be monotonically increasing, so this data will be ignored. See https://wandb.me/define-metric to log data out of order.
ep21 step37675/140100 loss=0.6531 acc=0.945 lr=2.00e-06 gnorm=1.83 158 smp/s
ep21 step37700/140100 loss=1.0292 acc=0.898 lr=2.00e-06 gnorm=1.88 158 smp/s
ep21 step37725/140100 loss=0.7890 acc=0.915 lr=2.00e-06 gnorm=2.34 158 smp/s
ep21 step37750/140100 loss=0.9832 acc=0.973 lr=2.00e-06 gnorm=3.05 158 smp/s
ep21 step37775/140100 loss=0.8123 acc=0.890 lr=2.00e-06 gnorm=4.80 158 smp/s
ep21 step37800/140100 loss=0.9234 acc=0.896 lr=2.00e-06 gnorm=1.97 158 smp/s
ep21 step37825/140100 loss=1.1038 acc=0.939 lr=2.00e-06 gnorm=1.96 158 smp/s
ep21 step37850/140100 loss=0.8815 acc=0.914 lr=2.00e-06 gnorm=2.18 158 smp/s
ep21 step37875/140100 loss=0.9879 acc=0.930 lr=2.00e-06 gnorm=2.51 158 smp/s
ep21 step37900/140100 loss=1.0546 acc=0.887 lr=2.00e-06 gnorm=2.94 158 smp/s
ep21 step37925/140100 loss=0.8188 acc=0.903 lr=2.00e-06 gnorm=2.09 158 smp/s
ep21 step37950/140100 loss=0.8726 acc=0.938 lr=2.00e-06 gnorm=3.67 158 smp/s
ep21 step37975/140100 loss=1.2216 acc=0.871 lr=2.00e-06 gnorm=2.45 158 smp/s
ep21 step38000/140100 loss=1.0221 acc=0.913 lr=2.00e-06 gnorm=1.54 158 smp/s
[eval @ 38000] WER=0.822 CER=0.416 SER=1.000 loss=0.734 content_acc=0.351 fill_rate=0.687 entropy=0.677 distinct=82
[eval @ 38000] iter32  WER=0.573 CER=0.210 SER=0.925 (mask-predict decode, n=200 clips)
   Full: ಸ ಾ ಂ ಸ ್ ೃ ೃ ಿ ಿ ಕ | ನ ಗ ರ ಿ | ಮ ೈ ಸ ೂ ರ ಿ ನ ಲ ್ ಲ ಿ | ಕ ೊ ರ ೋ ನ ಾ | ಸ ೋ ಂ ಕ ು | ಹ ಹ ೆ ಚ ಚ ು ತ ್ ತ ಿ ರ ು ು ವ | ಹ ಿ ನ ನ ನ ೆ ೆ ಯ ಲ ಲ ್ ಲ ಿ | 
   Hyp : ಸಸಾಂಸ್ೃೃಿಿಕ ನಗರಿ ಮೈಸೂರಿನಲ್ಲಿ ಕೊರೋನಾ ಸೋಂಕು ಹಹೆಚಚುತ್ತಿರುುವ ಹಿನನನೆೆಯಲಲ್ಲಿ ಇಂದಿನಿಂದಐ
   Ref : ಸಾಂಸ್ಕೃತಿಕ ನಗರಿ ಮೈಸೂರಿನಲ್ಲಿ ಕೊರೋನಾ ಸೋಂಕು ಹೆಚ್ಚುತ್ತಿರುವ ಹಿನ್ನೆಲೆಯಲ್ಲಿ ಇಂದಿನಿಂದ ಐದ
DEBUG:urllib3.connectionpool:Resetting dropped connection: api.wandb.ai
DEBUG:urllib3.connectionpool:https://api.wandb.ai:443 "POST /graphql HTTP/1.1" 200 60
ep21 step38025/140100 loss=1.1069 acc=0.888 lr=2.00e-06 gnorm=1.89 158 smp/s
ep21 step38050/140100 loss=0.7726 acc=0.929 lr=2.00e-06 gnorm=2.53 158 smp/s
ep21 step38075/140100 loss=0.7444 acc=0.917 lr=2.00e-06 gnorm=2.67 158 smp/s
ep21 step38100/140100 loss=0.9404 acc=0.928 lr=2.00e-06 gnorm=2.02 158 smp/s
ep21 step38125/140100 loss=0.9978 acc=0.850 lr=2.00e-06 gnorm=3.07 158 smp/s
ep21 step38150/140100 loss=0.8605 acc=0.919 lr=2.00e-06 gnorm=1.93 158 smp/s
ep21 step38175/140100 loss=1.2697 acc=0.917 lr=2.00e-06 gnorm=2.35 158 smp/s
ep21 step38200/140100 loss=0.9869 acc=0.917 lr=2.00e-06 gnorm=2.75 158 smp/s
ep21 step38225/140100 loss=0.9735 acc=0.824 lr=2.00e-06 gnorm=1.66 158 smp/s
ep21 step38250/140100 loss=1.1072 acc=0.902 lr=2.00e-06 gnorm=2.10 158 smp/s
ep21 step38275/140100 loss=1.1032 acc=0.896 lr=2.00e-06 gnorm=2.60 158 smp/s
ep21 step38300/140100 loss=1.1544 acc=0.872 lr=2.00e-06 gnorm=2.20 158 smp/s
ep21 step38325/140100 loss=0.7496 acc=0.919 lr=2.00e-06 gnorm=2.34 158 smp/s
ep21 step38350/140100 loss=0.9098 acc=0.880 lr=2.00e-06 gnorm=3.02 158 smp/s
ep21 step38375/140100 loss=0.8509 acc=0.918 lr=2.00e-06 gnorm=1.37 158 smp/s
ep21 step38400/140100 loss=0.5688 acc=0.944 lr=2.00e-06 gnorm=1.27 158 smp/s
ep21 step38425/140100 loss=0.7301 acc=0.934 lr=2.00e-06 gnorm=1.86 158 smp/s
ep21 step38450/140100 loss=0.9657 acc=0.916 lr=2.00e-06 gnorm=1.83 158 smp/s
ep21 step38475/140100 loss=1.3192 acc=0.870 lr=2.00e-06 gnorm=2.44 158 smp/s
ep21 step38500/140100 loss=0.7277 acc=0.904 lr=2.00e-06 gnorm=4.53 158 smp/s
ep21 step38525/140100 loss=0.9371 acc=0.903 lr=2.00e-06 gnorm=2.08 158 smp/s
ep21 step38550/140100 loss=1.0003 acc=0.936 lr=2.00e-06 gnorm=1.46 158 smp/s
ep21 step38575/140100 loss=1.0017 acc=0.884 lr=2.00e-06 gnorm=2.57 158 smp/s
ep21 step38600/140100 loss=1.0322 acc=0.894 lr=2.00e-06 gnorm=2.97 158 smp/s
ep21 step38625/140100 loss=1.0235 acc=0.872 lr=2.00e-06 gnorm=2.46 158 smp/s
ep21 step38650/140100 loss=0.6781 acc=0.906 lr=2.00e-06 gnorm=2.47 158 smp/s
ep21 step38675/140100 loss=0.6120 acc=0.942 lr=2.00e-06 gnorm=1.74 158 smp/s
ep21 step38700/140100 loss=0.8841 acc=0.904 lr=2.00e-06 gnorm=3.40 158 smp/s
ep21 step38725/140100 loss=0.8833 acc=0.900 lr=2.00e-06 gnorm=2.05 158 smp/s
ep21 step38750/140100 loss=0.8750 acc=0.878 lr=2.00e-06 gnorm=2.38 158 smp/s
ep21 step38775/140100 loss=0.8837 acc=0.879 lr=2.00e-06 gnorm=2.64 158 smp/s
ep21 step38800/140100 loss=0.8612 acc=0.935 lr=2.00e-06 gnorm=1.61 158 smp/s
ep21 step38825/140100 loss=0.8687 acc=0.948 lr=2.00e-06 gnorm=2.08 158 smp/s
ep21 step38850/140100 loss=0.7759 acc=0.914 lr=2.00e-06 gnorm=3.17 158 smp/s
ep21 step38875/140100 loss=1.1241 acc=0.879 lr=2.00e-06 gnorm=1.57 158 smp/s
ep21 step38900/140100 loss=1.0021 acc=0.881 lr=2.00e-06 gnorm=4.82 158 smp/s
ep21 step38925/140100 loss=0.7470 acc=0.895 lr=2.00e-06 gnorm=2.16 158 smp/s
ep21 step38950/140100 loss=0.9297 acc=0.895 lr=2.00e-06 gnorm=2.45 158 smp/s
ep21 step38975/140100 loss=0.9710 acc=0.952 lr=2.00e-06 gnorm=1.74 158 smp/s
ep21 step39000/140100 loss=0.8737 acc=0.935 lr=2.00e-06 gnorm=3.13 158 smp/s
ep21 step39025/140100 loss=0.9250 acc=0.890 lr=2.00e-06 gnorm=1.80 158 smp/s
ep21 step39050/140100 loss=0.7803 acc=0.895 lr=2.00e-06 gnorm=3.68 158 smp/s
ep21 step39075/140100 loss=1.1950 acc=0.849 lr=2.00e-06 gnorm=2.48 158 smp/s
ep21 step39100/140100 loss=1.0582 acc=0.844 lr=2.00e-06 gnorm=2.10 158 smp/s
ep21 step39125/140100 loss=0.9833 acc=0.909 lr=2.00e-06 gnorm=1.77 158 smp/s
ep21 step39150/140100 loss=0.8430 acc=0.885 lr=2.00e-06 gnorm=2.74 158 smp/s
ep21 step39175/140100 loss=0.9709 acc=0.925 lr=2.00e-06 gnorm=2.66 158 smp/s
ep21 step39200/140100 loss=0.6596 acc=0.957 lr=2.00e-06 gnorm=2.24 158 smp/s
ep21 step39225/140100 loss=0.9722 acc=0.879 lr=2.00e-06 gnorm=1.85 158 smp/s
ep22 step39250/140100 loss=0.9116 acc=0.867 lr=2.00e-06 gnorm=1.52 158 smp/s
ep22 step39275/140100 loss=1.0763 acc=0.876 lr=2.00e-06 gnorm=1.77 158 smp/s
ep22 step39300/140100 loss=1.0065 acc=0.910 lr=2.00e-06 gnorm=3.94 158 smp/s
ep22 step39325/140100 loss=1.0028 acc=0.887 lr=2.00e-06 gnorm=1.63 158 smp/s
ep22 step39350/140100 loss=1.0189 acc=0.849 lr=2.00e-06 gnorm=2.66 158 smp/s
ep22 step39375/140100 loss=1.0950 acc=0.879 lr=2.00e-06 gnorm=4.32 158 smp/s
ep22 step39400/140100 loss=1.2551 acc=0.822 lr=2.00e-06 gnorm=2.39 158 smp/s
ep22 step39425/140100 loss=0.9932 acc=0.885 lr=2.00e-06 gnorm=3.37 158 smp/s
ep22 step39450/140100 loss=0.8747 acc=0.931 lr=2.00e-06 gnorm=2.86 158 smp/s
ep22 step39475/140100 loss=1.1751 acc=0.838 lr=2.00e-06 gnorm=2.49 158 smp/s
ep22 step39500/140100 loss=0.7275 acc=0.910 lr=2.00e-06 gnorm=2.80 158 smp/s
ep22 step39525/140100 loss=0.9396 acc=0.931 lr=2.00e-06 gnorm=3.42 158 smp/s
ep22 step39550/140100 loss=1.1281 acc=0.852 lr=2.00e-06 gnorm=2.32 158 smp/s
ep22 step39575/140100 loss=0.9118 acc=0.905 lr=2.00e-06 gnorm=1.95 158 smp/s
ep22 step39600/140100 loss=1.0964 acc=0.889 lr=2.00e-06 gnorm=2.37 158 smp/s
ep22 step39625/140100 loss=0.7655 acc=0.921 lr=2.00e-06 gnorm=2.78 158 smp/s
ep22 step39650/140100 loss=0.7184 acc=0.895 lr=2.00e-06 gnorm=2.18 158 smp/s
ep22 step39675/140100 loss=0.8581 acc=0.872 lr=2.00e-06 gnorm=1.32 158 smp/s
ep22 step39700/140100 loss=1.1410 acc=0.916 lr=2.00e-06 gnorm=1.70 158 smp/s
ep22 step39725/140100 loss=0.9439 acc=0.885 lr=2.00e-06 gnorm=3.07 158 smp/s
ep22 step39750/140100 loss=0.8734 acc=0.904 lr=2.00e-06 gnorm=3.58 158 smp/s
ep22 step39775/140100 loss=0.7304 acc=0.977 lr=2.00e-06 gnorm=1.80 158 smp/s
ep22 step39800/140100 loss=0.9320 acc=0.921 lr=2.00e-06 gnorm=2.48 158 smp/s
ep22 step39825/140100 loss=1.0429 acc=0.910 lr=2.00e-06 gnorm=1.67 158 smp/s
ep22 step39850/140100 loss=0.8185 acc=0.947 lr=2.00e-06 gnorm=1.50 158 smp/s
ep22 step39875/140100 loss=1.0182 acc=0.839 lr=2.00e-06 gnorm=1.86 158 smp/s
ep22 step39900/140100 loss=1.1556 acc=0.872 lr=2.00e-06 gnorm=4.68 158 smp/s
ep22 step39925/140100 loss=1.0084 acc=0.847 lr=2.00e-06 gnorm=3.28 158 smp/s
ep22 step39950/140100 loss=0.9604 acc=0.878 lr=2.00e-06 gnorm=2.14 158 smp/s
ep22 step39975/140100 loss=0.8383 acc=0.942 lr=2.00e-06 gnorm=1.22 158 smp/s
ep22 step40000/140100 loss=0.9030 acc=0.921 lr=2.00e-06 gnorm=1.55 158 smp/s
[eval @ 40000] WER=0.821 CER=0.411 SER=1.000 loss=0.766 content_acc=0.342 fill_rate=0.686 entropy=0.711 distinct=82
[eval @ 40000] iter32  WER=0.585 CER=0.209 SER=0.930 (mask-predict decode, n=200 clips)
   Full: ಸ ಾ ಂ ಸ ್ ೃ ೃ ೃ ಿ ಕ | ನ ಗ ರ ಿ | ಮ ೈ ಸ ೂ ರ ಿ ನ ಲ ್ ಲ ಿ | ಕ ೊ ರ ರ ನ ಾ ಾ | ೋ ೋ ಕ ು ು | ಹ ೆ ಚ ್ ಚ ತ ್ ತ ಿ ಿ ರ ು ವ | ಹ ಿ ನ ್ ನ ೆ ೆ ೆ ಲ ಲ ್ ಲ ಿ | 
   Hyp : ಸಸಾಂಸ್ೃೃೃಿಕ ನಗರಿ ಮೈಸೂರಿನಲ್ಲಿ ಕೊರರನಾಾ ೋೋಕುು ಹೆಚ್ಚತ್ತಿಿರುವ ಹಿನ್ನೆೆೆಲಲ್ಲಿ ಇಂದಿನಿಂದ 
   Ref : ಸಾಂಸ್ಕೃತಿಕ ನಗರಿ ಮೈಸೂರಿನಲ್ಲಿ ಕೊರೋನಾ ಸೋಂಕು ಹೆಚ್ಚುತ್ತಿರುವ ಹಿನ್ನೆಲೆಯಲ್ಲಿ ಇಂದಿನಿಂದ ಐದ
DEBUG:urllib3.connectionpool:Resetting dropped connection: api.wandb.ai
DEBUG:urllib3.connectionpool:https://api.wandb.ai:443 "POST /graphql HTTP/1.1" 200 60
ep22 step40025/140100 loss=0.7908 acc=0.927 lr=2.00e-06 gnorm=1.67 158 smp/s
ep22 step40050/140100 loss=0.8449 acc=0.933 lr=2.00e-06 gnorm=1.74 158 smp/s
ep22 step40075/140100 loss=0.9365 acc=0.886 lr=2.00e-06 gnorm=2.40 158 smp/s
ep22 step40100/140100 loss=0.8650 acc=0.921 lr=2.00e-06 gnorm=1.99 158 smp/s
ep22 step40125/140100 loss=0.9561 acc=0.899 lr=2.00e-06 gnorm=2.00 158 smp/s
ep22 step40150/140100 loss=0.9552 acc=0.918 lr=2.00e-06 gnorm=2.23 158 smp/s
ep22 step40175/140100 loss=1.0335 acc=0.880 lr=2.00e-06 gnorm=2.40 158 smp/s
ep22 step40200/140100 loss=0.8716 acc=0.893 lr=2.00e-06 gnorm=2.97 158 smp/s
ep22 step40225/140100 loss=0.7154 acc=0.949 lr=2.00e-06 gnorm=3.37 158 smp/s
ep22 step40250/140100 loss=0.8223 acc=0.919 lr=2.00e-06 gnorm=1.58 158 smp/s
ep22 step40275/140100 loss=1.1746 acc=0.861 lr=2.00e-06 gnorm=5.20 158 smp/s
ep22 step40300/140100 loss=1.0891 acc=0.905 lr=2.00e-06 gnorm=2.34 158 smp/s
ep22 step40325/140100 loss=0.9280 acc=0.965 lr=2.00e-06 gnorm=1.76 158 smp/s
ep22 step40350/140100 loss=0.6620 acc=0.956 lr=2.00e-06 gnorm=1.81 158 smp/s
ep22 step40375/140100 loss=1.1800 acc=0.905 lr=2.00e-06 gnorm=4.73 158 smp/s
ep22 step40400/140100 loss=0.7971 acc=0.918 lr=2.00e-06 gnorm=1.65 158 smp/s
ep22 step40425/140100 loss=0.9073 acc=0.892 lr=2.00e-06 gnorm=1.96 158 smp/s
ep22 step40450/140100 loss=0.9670 acc=0.904 lr=2.00e-06 gnorm=2.74 158 smp/s
ep22 step40475/140100 loss=0.9278 acc=0.889 lr=2.00e-06 gnorm=1.94 158 smp/s
ep22 step40500/140100 loss=0.9050 acc=0.930 lr=2.00e-06 gnorm=1.58 158 smp/s
ep22 step40525/140100 loss=1.0246 acc=0.870 lr=2.00e-06 gnorm=5.72 158 smp/s
ep22 step40550/140100 loss=0.9310 acc=0.880 lr=2.00e-06 gnorm=2.01 158 smp/s
ep22 step40575/140100 loss=0.7358 acc=0.945 lr=2.00e-06 gnorm=1.97 158 smp/s
ep22 step40600/140100 loss=0.7744 acc=0.932 lr=2.00e-06 gnorm=5.17 158 smp/s
ep22 step40625/140100 loss=0.7996 acc=0.894 lr=2.00e-06 gnorm=2.02 158 smp/s
ep22 step40650/140100 loss=0.7797 acc=0.952 lr=2.00e-06 gnorm=1.77 158 smp/s
ep22 step40675/140100 loss=1.0254 acc=0.891 lr=2.00e-06 gnorm=3.18 158 smp/s
ep22 step40700/140100 loss=0.7294 acc=0.923 lr=2.00e-06 gnorm=3.44 158 smp/s
ep22 step40725/140100 loss=0.8671 acc=0.893 lr=2.00e-06 gnorm=2.29 158 smp/s
ep22 step40750/140100 loss=0.7869 acc=0.915 lr=2.00e-06 gnorm=2.87 158 smp/s
ep22 step40775/140100 loss=0.9966 acc=0.873 lr=2.00e-06 gnorm=1.52 158 smp/s
ep22 step40800/140100 loss=0.8246 acc=0.860 lr=2.00e-06 gnorm=1.76 158 smp/s
ep22 step40825/140100 loss=0.9522 acc=0.884 lr=2.00e-06 gnorm=2.23 158 smp/s
ep22 step40850/140100 loss=0.8315 acc=0.917 lr=2.00e-06 gnorm=2.11 158 smp/s
ep22 step40875/140100 loss=1.0984 acc=0.888 lr=2.00e-06 gnorm=2.75 158 smp/s
ep22 step40900/140100 loss=1.0750 acc=0.926 lr=2.00e-06 gnorm=4.84 158 smp/s
ep22 step40925/140100 loss=0.9638 acc=0.896 lr=2.00e-06 gnorm=2.67 158 smp/s
ep22 step40950/140100 loss=1.0002 acc=0.904 lr=2.00e-06 gnorm=2.14 158 smp/s
ep22 step40975/140100 loss=1.0559 acc=0.864 lr=2.00e-06 gnorm=3.87 158 smp/s
ep22 step41000/140100 loss=1.1030 acc=0.890 lr=2.00e-06 gnorm=1.86 158 smp/s
ep22 step41025/140100 loss=0.9608 acc=0.895 lr=2.00e-06 gnorm=2.38 158 smp/s
ep22 step41050/140100 loss=0.9839 acc=0.882 lr=2.00e-06 gnorm=1.93 158 smp/s
ep22 step41075/140100 loss=0.7635 acc=0.915 lr=2.00e-06 gnorm=2.57 158 smp/s
ep23 step41100/140100 loss=0.8476 acc=0.912 lr=2.00e-06 gnorm=1.66 158 smp/s
ep23 step41125/140100 loss=1.0032 acc=0.931 lr=2.00e-06 gnorm=2.70 158 smp/s
ep23 step41150/140100 loss=0.9305 acc=0.893 lr=2.00e-06 gnorm=2.56 158 smp/s
ep23 step41175/140100 loss=1.0269 acc=0.891 lr=2.00e-06 gnorm=4.75 158 smp/s
ep23 step41200/140100 loss=1.0435 acc=0.901 lr=2.00e-06 gnorm=1.99 158 smp/s
ep23 step41225/140100 loss=0.7333 acc=0.922 lr=2.00e-06 gnorm=2.62 158 smp/s
ep23 step41250/140100 loss=0.9690 acc=0.947 lr=2.00e-06 gnorm=4.62 158 smp/s
ep23 step41275/140100 loss=0.9006 acc=0.924 lr=2.00e-06 gnorm=1.47 158 smp/s
ep23 step41300/140100 loss=1.0141 acc=0.937 lr=2.00e-06 gnorm=3.04 158 smp/s
ep23 step41325/140100 loss=0.9691 acc=0.896 lr=2.00e-06 gnorm=2.38 158 smp/s
ep23 step41350/140100 loss=0.9030 acc=0.904 lr=2.00e-06 gnorm=1.74 158 smp/s
ep23 step41375/140100 loss=0.8479 acc=0.928 lr=2.00e-06 gnorm=3.51 158 smp/s
ep23 step41400/140100 loss=1.1885 acc=0.877 lr=2.00e-06 gnorm=1.72 158 smp/s
ep23 step41425/140100 loss=0.9232 acc=0.912 lr=2.00e-06 gnorm=3.26 158 smp/s
ep23 step41450/140100 loss=0.9964 acc=0.880 lr=2.00e-06 gnorm=1.96 158 smp/s
ep23 step41475/140100 loss=0.9929 acc=0.932 lr=2.00e-06 gnorm=1.55 158 smp/s
ep23 step41500/140100 loss=1.1103 acc=0.927 lr=2.00e-06 gnorm=1.98 158 smp/s
ep23 step41525/140100 loss=1.0032 acc=0.883 lr=2.00e-06 gnorm=1.89 158 smp/s
ep23 step41550/140100 loss=0.9512 acc=0.890 lr=2.00e-06 gnorm=3.77 158 smp/s
ep23 step41575/140100 loss=0.6497 acc=0.960 lr=2.00e-06 gnorm=1.78 158 smp/s
ep23 step41600/140100 loss=0.8614 acc=0.874 lr=2.00e-06 gnorm=2.60 158 smp/s
ep23 step41625/140100 loss=1.0641 acc=0.875 lr=2.00e-06 gnorm=2.22 158 smp/s
ep23 step41650/140100 loss=0.7532 acc=0.920 lr=2.00e-06 gnorm=2.78 158 smp/s
ep23 step41675/140100 loss=1.0956 acc=0.907 lr=2.00e-06 gnorm=2.12 158 smp/s
ep23 step41700/140100 loss=0.5664 acc=0.962 lr=2.00e-06 gnorm=2.33 158 smp/s
ep23 step41725/140100 loss=0.6665 acc=0.929 lr=2.00e-06 gnorm=3.44 158 smp/s
ep23 step41750/140100 loss=1.0301 acc=0.908 lr=2.00e-06 gnorm=2.26 158 smp/s
ep23 step41775/140100 loss=1.0879 acc=0.899 lr=2.00e-06 gnorm=1.94 158 smp/s
ep23 step41800/140100 loss=0.7807 acc=0.868 lr=2.00e-06 gnorm=4.03 158 smp/s
ep23 step41825/140100 loss=0.9175 acc=0.902 lr=2.00e-06 gnorm=1.56 158 smp/s
ep23 step41850/140100 loss=0.7355 acc=0.903 lr=2.00e-06 gnorm=2.49 158 smp/s
ep23 step41875/140100 loss=0.7828 acc=0.902 lr=2.00e-06 gnorm=1.63 158 smp/s
ep23 step41900/140100 loss=0.9845 acc=0.909 lr=2.00e-06 gnorm=2.13 158 smp/s
ep23 step41925/140100 loss=1.0260 acc=0.863 lr=2.00e-06 gnorm=2.66 158 smp/s
ep23 step41950/140100 loss=0.8454 acc=0.887 lr=2.00e-06 gnorm=2.20 158 smp/s
ep23 step41975/140100 loss=0.8284 acc=0.894 lr=2.00e-06 gnorm=2.27 158 smp/s
ep23 step42000/140100 loss=0.9617 acc=0.840 lr=2.00e-06 gnorm=2.02 158 smp/s
[eval @ 42000] WER=0.827 CER=0.411 SER=1.000 loss=0.783 content_acc=0.330 fill_rate=0.685 entropy=0.722 distinct=82
[eval @ 42000] iter32  WER=0.573 CER=0.207 SER=0.935 (mask-predict decode, n=200 clips)
   Full: ಸ ಾ ಂ ಸ ್ ೃ ೃ ಿ ಿ ಕ | ನ ಗ ರ ಿ | ಮ ೈ ಸ ೂ ರ ಿ ನ ಲ ್ ಲ ಿ | ಕ ೊ ರ ೋ ನ ಾ ಾ ಸ ೋ ೋ ಕ ು ು | ಹ ೆ ಚ ್ ಚ ತ ್ ತ ಿ ಿ ರ ು ವ | ಹ ಿ ನ ್ ನ ೆ ೆ ಯ ಲ ಲ ್ ಲ ಿ | 
   Hyp : ಸಸಾಂಸ್ೃೃಿಿಕ ನಗರಿ ಮೈಸೂರಿನಲ್ಲಿ ಕೊರೋನಾಾಸೋೋಕುು ಹೆಚ್ಚತ್ತಿಿರುವ ಹಿನ್ನೆೆಯಲಲ್ಲಿ ಇಂದಿನಿಂದ 
   Ref : ಸಾಂಸ್ಕೃತಿಕ ನಗರಿ ಮೈಸೂರಿನಲ್ಲಿ ಕೊರೋನಾ ಸೋಂಕು ಹೆಚ್ಚುತ್ತಿರುವ ಹಿನ್ನೆಲೆಯಲ್ಲಿ ಇಂದಿನಿಂದ ಐದ
DEBUG:urllib3.connectionpool:Resetting dropped connection: api.wandb.ai
DEBUG:urllib3.connectionpool:https://api.wandb.ai:443 "POST /graphql HTTP/1.1" 200 60
ep23 step42025/140100 loss=1.2010 acc=0.905 lr=2.00e-06 gnorm=2.14 158 smp/s
ep23 step42050/140100 loss=1.0407 acc=0.876 lr=2.00e-06 gnorm=1.75 158 smp/s
ep23 step42075/140100 loss=1.0018 acc=0.901 lr=2.00e-06 gnorm=2.83 158 smp/s
ep23 step42100/140100 loss=1.1159 acc=0.885 lr=2.00e-06 gnorm=2.75 158 smp/s
ep23 step42125/140100 loss=1.3806 acc=0.845 lr=2.00e-06 gnorm=1.61 158 smp/s
ep23 step42150/140100 loss=0.7488 acc=0.921 lr=2.00e-06 gnorm=1.83 158 smp/s
ep23 step42175/140100 loss=0.9830 acc=0.888 lr=2.00e-06 gnorm=2.71 158 smp/s
ep23 step42200/140100 loss=0.9149 acc=0.884 lr=2.00e-06 gnorm=4.20 158 smp/s
ep23 step42225/140100 loss=0.6820 acc=0.934 lr=2.00e-06 gnorm=2.91 158 smp/s
ep23 step42250/140100 loss=1.0259 acc=0.907 lr=2.00e-06 gnorm=2.02 158 smp/s
ep23 step42275/140100 loss=0.7994 acc=0.962 lr=2.00e-06 gnorm=1.55 158 smp/s
ep23 step42300/140100 loss=0.4631 acc=0.965 lr=2.00e-06 gnorm=3.70 158 smp/s
ep23 step42325/140100 loss=0.9847 acc=0.924 lr=2.00e-06 gnorm=5.42 158 smp/s
ep23 step42350/140100 loss=1.1150 acc=0.886 lr=2.00e-06 gnorm=1.82 158 smp/s
ep23 step42375/140100 loss=0.9158 acc=0.871 lr=2.00e-06 gnorm=2.16 158 smp/s
ep23 step42400/140100 loss=1.1185 acc=0.897 lr=2.00e-06 gnorm=2.06 158 smp/s
ep23 step42425/140100 loss=0.6663 acc=0.934 lr=2.00e-06 gnorm=2.32 158 smp/s
ep23 step42450/140100 loss=1.0168 acc=0.903 lr=2.00e-06 gnorm=1.53 158 smp/s
ep23 step42475/140100 loss=0.7949 acc=0.917 lr=2.00e-06 gnorm=1.99 158 smp/s
ep23 step42500/140100 loss=0.7258 acc=0.936 lr=2.00e-06 gnorm=3.76 158 smp/s
ep23 step42525/140100 loss=1.0138 acc=0.896 lr=2.00e-06 gnorm=1.72 158 smp/s
ep23 step42550/140100 loss=0.7581 acc=0.897 lr=2.00e-06 gnorm=2.79 158 smp/s
ep23 step42575/140100 loss=0.9345 acc=0.936 lr=2.00e-06 gnorm=2.25 158 smp/s
ep23 step42600/140100 loss=0.9372 acc=0.913 lr=2.00e-06 gnorm=2.81 158 smp/s
ep23 step42625/140100 loss=0.7555 acc=0.942 lr=2.00e-06 gnorm=3.04 158 smp/s
ep23 step42650/140100 loss=1.1410 acc=0.942 lr=2.00e-06 gnorm=1.82 158 smp/s
ep23 step42675/140100 loss=0.9439 acc=0.896 lr=2.00e-06 gnorm=3.22 158 smp/s
ep23 step42700/140100 loss=0.7510 acc=0.929 lr=2.00e-06 gnorm=3.12 158 smp/s
ep23 step42725/140100 loss=0.9165 acc=0.868 lr=2.00e-06 gnorm=1.89 158 smp/s
ep23 step42750/140100 loss=0.7998 acc=0.889 lr=2.00e-06 gnorm=3.01 158 smp/s
ep23 step42775/140100 loss=0.8189 acc=0.919 lr=2.00e-06 gnorm=1.68 158 smp/s
ep23 step42800/140100 loss=1.0422 acc=0.897 lr=2.00e-06 gnorm=2.92 158 smp/s
ep23 step42825/140100 loss=0.8706 acc=0.956 lr=2.00e-06 gnorm=1.65 158 smp/s
ep23 step42850/140100 loss=0.7066 acc=0.895 lr=2.00e-06 gnorm=4.28 158 smp/s
ep23 step42875/140100 loss=0.8578 acc=0.885 lr=2.00e-06 gnorm=2.78 158 smp/s
ep23 step42900/140100 loss=0.7375 acc=0.949 lr=2.00e-06 gnorm=1.60 158 smp/s
ep23 step42925/140100 loss=0.7463 acc=0.909 lr=2.00e-06 gnorm=2.04 158 smp/s
ep23 step42950/140100 loss=0.9178 acc=0.934 lr=2.00e-06 gnorm=2.89 158 smp/s
ep24 step42975/140100 loss=0.8201 acc=0.928 lr=2.00e-06 gnorm=1.86 158 smp/s
ep24 step43000/140100 loss=1.0094 acc=0.922 lr=2.00e-06 gnorm=1.82 158 smp/s
ep24 step43025/140100 loss=0.7968 acc=0.940 lr=2.00e-06 gnorm=1.90 158 smp/s
ep24 step43050/140100 loss=0.9713 acc=0.904 lr=2.00e-06 gnorm=1.76 158 smp/s
ep24 step43075/140100 loss=0.8416 acc=0.934 lr=2.00e-06 gnorm=2.19 158 smp/s
ep24 step43100/140100 loss=0.6907 acc=0.926 lr=2.00e-06 gnorm=2.31 158 smp/s
ep24 step43125/140100 loss=1.0442 acc=0.875 lr=2.00e-06 gnorm=2.21 158 smp/s
ep24 step43150/140100 loss=0.8821 acc=0.939 lr=2.00e-06 gnorm=1.53 158 smp/s
ep24 step43175/140100 loss=1.1621 acc=0.854 lr=2.00e-06 gnorm=1.74 158 smp/s
ep24 step43200/140100 loss=0.6011 acc=0.940 lr=2.00e-06 gnorm=1.38 158 smp/s
ep24 step43225/140100 loss=1.0412 acc=0.878 lr=2.00e-06 gnorm=2.35 158 smp/s
ep24 step43250/140100 loss=0.8307 acc=0.871 lr=2.00e-06 gnorm=1.94 158 smp/s
ep24 step43275/140100 loss=0.8101 acc=0.907 lr=2.00e-06 gnorm=2.28 158 smp/s
ep24 step43300/140100 loss=0.8556 acc=0.856 lr=2.00e-06 gnorm=2.66 158 smp/s
ep24 step43325/140100 loss=0.8634 acc=0.912 lr=2.00e-06 gnorm=1.96 158 smp/s
ep24 step43350/140100 loss=0.9170 acc=0.907 lr=2.00e-06 gnorm=2.15 158 smp/s
ep24 step43375/140100 loss=0.6549 acc=0.974 lr=2.00e-06 gnorm=2.22 158 smp/s
ep24 step43400/140100 loss=0.9692 acc=0.919 lr=2.00e-06 gnorm=2.13 158 smp/s
ep24 step43425/140100 loss=1.0429 acc=0.878 lr=2.00e-06 gnorm=2.07 158 smp/s
ep24 step43450/140100 loss=0.8539 acc=0.890 lr=2.00e-06 gnorm=2.52 158 smp/s
ep24 step43475/140100 loss=0.8987 acc=0.894 lr=2.00e-06 gnorm=2.40 158 smp/s
ep24 step43500/140100 loss=0.7620 acc=0.952 lr=2.00e-06 gnorm=1.77 158 smp/s
ep24 step43525/140100 loss=0.7349 acc=0.988 lr=2.00e-06 gnorm=2.24 158 smp/s
ep24 step43550/140100 loss=0.8419 acc=0.903 lr=2.00e-06 gnorm=5.40 158 smp/s
ep24 step43575/140100 loss=0.8333 acc=0.864 lr=2.00e-06 gnorm=2.05 158 smp/s
ep24 step43600/140100 loss=0.7197 acc=0.907 lr=2.00e-06 gnorm=1.88 158 smp/s
ep24 step43625/140100 loss=0.9123 acc=0.974 lr=2.00e-06 gnorm=1.92 158 smp/s
ep24 step43650/140100 loss=0.7972 acc=0.958 lr=2.00e-06 gnorm=1.74 158 smp/s
ep24 step43675/140100 loss=0.7989 acc=0.939 lr=2.00e-06 gnorm=1.47 158 smp/s
ep24 step43700/140100 loss=0.9937 acc=0.876 lr=2.00e-06 gnorm=3.41 158 smp/s
ep24 step43725/140100 loss=1.2330 acc=0.891 lr=2.00e-06 gnorm=2.14 158 smp/s
ep24 step43750/140100 loss=1.1933 acc=0.894 lr=2.00e-06 gnorm=2.24 158 smp/s
ep24 step43775/140100 loss=1.1357 acc=0.880 lr=2.00e-06 gnorm=2.34 158 smp/s
ep24 step43800/140100 loss=0.9033 acc=0.897 lr=2.00e-06 gnorm=1.37 159 smp/s
ep24 step43825/140100 loss=1.0423 acc=0.912 lr=2.00e-06 gnorm=2.56 159 smp/s
ep24 step43850/140100 loss=1.1312 acc=0.908 lr=2.00e-06 gnorm=1.96 159 smp/s
ep24 step43875/140100 loss=0.9372 acc=0.935 lr=2.00e-06 gnorm=2.35 159 smp/s
ep24 step43900/140100 loss=0.8391 acc=0.895 lr=2.00e-06 gnorm=1.96 159 smp/s
ep24 step43925/140100 loss=0.8548 acc=0.911 lr=2.00e-06 gnorm=2.60 159 smp/s
ep24 step43950/140100 loss=0.8443 acc=0.928 lr=2.00e-06 gnorm=2.78 159 smp/s
ep24 step43975/140100 loss=0.9111 acc=0.867 lr=2.00e-06 gnorm=1.96 159 smp/s
ep24 step44000/140100 loss=1.0080 acc=0.956 lr=2.00e-06 gnorm=4.32 159 smp/s
[eval @ 44000] WER=0.811 CER=0.404 SER=1.000 loss=0.707 content_acc=0.379 fill_rate=0.688 entropy=0.679 distinct=82
[eval @ 44000] iter32  WER=0.569 CER=0.205 SER=0.915 (mask-predict decode, n=200 clips)
   Full: ಸ ಾ ಂ ಸ ್ ಕ ೃ ಿ ಿ ಕ | ನ ಗ ರ ಿ | ಮ ೈ ಸ ೂ ರ ಿ ನ ಲ ್ ಲ ಿ | ಕ ೊ ರ ರ ನ ಾ | ಸ ೋ ಂ ಕ ು | | ಹ ೆ ಚ ಚ ು ತ ್ ತ ಿ ರ ು ವ ವ ಹ ಹ ನ ನ ನ ನ ೆ ೆ ಯ ಲ ್ ಲ ಿ ಿ ಇ 
   Hyp : ಸಸಾಂಸ್ಕೃಿಿಕ ನಗರಿ ಮೈಸೂರಿನಲ್ಲಿ ಕೊರರನಾ ಸೋಂಕು  ಹೆಚಚುತ್ತಿರುವವಹಹನನನನೆೆಯಲ್ಲಿಿಇಇಂಿಿಿಿಂ ಐ
   Ref : ಸಾಂಸ್ಕೃತಿಕ ನಗರಿ ಮೈಸೂರಿನಲ್ಲಿ ಕೊರೋನಾ ಸೋಂಕು ಹೆಚ್ಚುತ್ತಿರುವ ಹಿನ್ನೆಲೆಯಲ್ಲಿ ಇಂದಿನಿಂದ ಐದ
DEBUG:urllib3.connectionpool:Resetting dropped connection: api.wandb.ai
DEBUG:urllib3.connectionpool:https://api.wandb.ai:443 "POST /graphql HTTP/1.1" 200 60
   ** new best eval/iter_WER=0.5685 -> best.pt
ep24 step44025/140100 loss=0.7461 acc=0.893 lr=2.00e-06 gnorm=2.78 158 smp/s
ep24 step44050/140100 loss=0.7149 acc=0.934 lr=2.00e-06 gnorm=2.28 158 smp/s
ep24 step44075/140100 loss=0.8578 acc=0.944 lr=2.00e-06 gnorm=2.15 158 smp/s
ep24 step44100/140100 loss=0.9576 acc=0.919 lr=2.00e-06 gnorm=1.47 158 smp/s
ep24 step44125/140100 loss=1.0036 acc=0.889 lr=2.00e-06 gnorm=5.62 158 smp/s
ep24 step44150/140100 loss=0.7865 acc=0.929 lr=2.00e-06 gnorm=3.99 158 smp/s
ep24 step44175/140100 loss=0.7984 acc=0.921 lr=2.00e-06 gnorm=2.03 158 smp/s
ep24 step44200/140100 loss=1.0098 acc=0.940 lr=2.00e-06 gnorm=3.61 158 smp/s
ep24 step44225/140100 loss=1.1114 acc=0.872 lr=2.00e-06 gnorm=2.19 158 smp/s
ep24 step44250/140100 loss=0.6179 acc=0.930 lr=2.00e-06 gnorm=1.59 158 smp/s
ep24 step44275/140100 loss=0.7506 acc=0.949 lr=2.00e-06 gnorm=2.08 158 smp/s
ep24 step44300/140100 loss=0.9485 acc=0.874 lr=2.00e-06 gnorm=2.97 158 smp/s
ep24 step44325/140100 loss=1.0574 acc=0.858 lr=2.00e-06 gnorm=4.06 158 smp/s
ep24 step44350/140100 loss=0.8522 acc=0.961 lr=2.00e-06 gnorm=1.67 158 smp/s
ep24 step44375/140100 loss=0.7828 acc=0.921 lr=2.00e-06 gnorm=4.11 158 smp/s
ep24 step44400/140100 loss=0.8380 acc=0.937 lr=2.00e-06 gnorm=2.40 158 smp/s
ep24 step44425/140100 loss=0.7942 acc=0.919 lr=2.00e-06 gnorm=1.90 158 smp/s
ep24 step44450/140100 loss=0.9874 acc=0.931 lr=2.00e-06 gnorm=1.55 158 smp/s
ep24 step44475/140100 loss=1.1091 acc=0.895 lr=2.00e-06 gnorm=1.61 158 smp/s
ep24 step44500/140100 loss=0.6986 acc=0.925 lr=2.00e-06 gnorm=4.75 158 smp/s
ep24 step44525/140100 loss=0.9024 acc=0.892 lr=2.00e-06 gnorm=2.68 158 smp/s
ep24 step44550/140100 loss=0.9608 acc=0.834 lr=2.00e-06 gnorm=1.94 158 smp/s
ep24 step44575/140100 loss=0.8353 acc=0.898 lr=2.00e-06 gnorm=2.47 158 smp/s
ep24 step44600/140100 loss=1.0777 acc=0.875 lr=2.00e-06 gnorm=1.71 158 smp/s
ep24 step44625/140100 loss=0.9770 acc=0.871 lr=2.00e-06 gnorm=2.90 158 smp/s
ep24 step44650/140100 loss=0.6800 acc=0.941 lr=2.00e-06 gnorm=2.63 158 smp/s
ep24 step44675/140100 loss=1.0628 acc=0.875 lr=2.00e-06 gnorm=1.67 158 smp/s
ep24 step44700/140100 loss=1.0053 acc=0.903 lr=2.00e-06 gnorm=2.50 158 smp/s
ep24 step44725/140100 loss=0.8744 acc=0.921 lr=2.00e-06 gnorm=1.66 158 smp/s
ep24 step44750/140100 loss=1.0187 acc=0.930 lr=2.00e-06 gnorm=1.83 158 smp/s
ep24 step44775/140100 loss=0.8106 acc=0.895 lr=2.00e-06 gnorm=2.18 158 smp/s
ep24 step44800/140100 loss=1.0356 acc=0.863 lr=2.00e-06 gnorm=3.24 158 smp/s
ep24 step44825/140100 loss=0.8773 acc=0.945 lr=2.00e-06 gnorm=2.50 158 smp/s
ep25 step44850/140100 loss=0.9666 acc=0.910 lr=2.00e-06 gnorm=2.70 158 smp/s
ep25 step44875/140100 loss=0.7256 acc=0.895 lr=2.00e-06 gnorm=2.21 158 smp/s
ep25 step44900/140100 loss=0.9034 acc=0.921 lr=2.00e-06 gnorm=1.76 158 smp/s
ep25 step44925/140100 loss=1.0967 acc=0.918 lr=2.00e-06 gnorm=2.43 158 smp/s
ep25 step44950/140100 loss=1.0719 acc=0.894 lr=2.00e-06 gnorm=5.59 158 smp/s
ep25 step44975/140100 loss=1.0309 acc=0.860 lr=2.00e-06 gnorm=1.80 158 smp/s
ep25 step45000/140100 loss=1.0199 acc=0.887 lr=2.00e-06 gnorm=1.74 158 smp/s
ep25 step45025/140100 loss=0.9349 acc=0.931 lr=2.00e-06 gnorm=1.74 158 smp/s
ep25 step45050/140100 loss=1.0980 acc=0.922 lr=2.00e-06 gnorm=1.40 158 smp/s
ep25 step45075/140100 loss=0.9927 acc=0.911 lr=2.00e-06 gnorm=1.97 158 smp/s
ep25 step45100/140100 loss=0.9891 acc=0.894 lr=2.00e-06 gnorm=2.59 158 smp/s
ep25 step45125/140100 loss=0.7287 acc=0.956 lr=2.00e-06 gnorm=2.87 158 smp/s
ep25 step45150/140100 loss=1.0731 acc=0.896 lr=2.00e-06 gnorm=2.85 158 smp/s
ep25 step45175/140100 loss=0.8333 acc=0.913 lr=2.00e-06 gnorm=2.86 158 smp/s
ep25 step45200/140100 loss=0.7907 acc=0.879 lr=2.00e-06 gnorm=2.28 158 smp/s
ep25 step45225/140100 loss=0.9178 acc=0.875 lr=2.00e-06 gnorm=1.84 158 smp/s
ep25 step45250/140100 loss=0.7733 acc=0.934 lr=2.00e-06 gnorm=3.67 158 smp/s
ep25 step45275/140100 loss=0.7010 acc=0.902 lr=2.00e-06 gnorm=2.43 158 smp/s
ep25 step45300/140100 loss=1.0622 acc=0.956 lr=2.00e-06 gnorm=3.51 158 smp/s
ep25 step45325/140100 loss=0.9902 acc=0.867 lr=2.00e-06 gnorm=2.10 158 smp/s
ep25 step45350/140100 loss=0.8251 acc=0.915 lr=2.00e-06 gnorm=2.25 158 smp/s
ep25 step45375/140100 loss=0.6992 acc=0.905 lr=2.00e-06 gnorm=2.50 158 smp/s
ep25 step45400/140100 loss=1.0390 acc=0.898 lr=2.00e-06 gnorm=3.12 158 smp/s
ep25 step45425/140100 loss=0.9724 acc=0.916 lr=2.00e-06 gnorm=5.19 159 smp/s
ep25 step45450/140100 loss=0.8266 acc=0.921 lr=2.00e-06 gnorm=1.62 159 smp/s
ep25 step45475/140100 loss=0.7811 acc=0.900 lr=2.00e-06 gnorm=2.14 159 smp/s
ep25 step45500/140100 loss=0.8773 acc=0.961 lr=2.00e-06 gnorm=1.76 159 smp/s
ep25 step45525/140100 loss=0.9487 acc=0.887 lr=2.00e-06 gnorm=2.80 159 smp/s
ep25 step45550/140100 loss=1.0167 acc=0.903 lr=2.00e-06 gnorm=1.98 159 smp/s
ep25 step45575/140100 loss=0.7978 acc=0.912 lr=2.00e-06 gnorm=1.62 159 smp/s
ep25 step45600/140100 loss=0.9783 acc=0.889 lr=2.00e-06 gnorm=2.35 159 smp/s
ep25 step45625/140100 loss=0.8444 acc=0.944 lr=2.00e-06 gnorm=1.68 159 smp/s
ep25 step45650/140100 loss=0.8998 acc=0.943 lr=2.00e-06 gnorm=1.88 159 smp/s
ep25 step45675/140100 loss=0.9068 acc=0.933 lr=2.00e-06 gnorm=2.12 159 smp/s
ep25 step45700/140100 loss=0.8715 acc=0.919 lr=2.00e-06 gnorm=2.02 159 smp/s
ep25 step45725/140100 loss=0.8935 acc=0.928 lr=2.00e-06 gnorm=3.25 159 smp/s
ep25 step45750/140100 loss=1.2204 acc=0.937 lr=2.00e-06 gnorm=1.71 159 smp/s
ep25 step45775/140100 loss=1.0783 acc=0.919 lr=2.00e-06 gnorm=1.75 159 smp/s
ep25 step45800/140100 loss=1.2286 acc=0.926 lr=2.00e-06 gnorm=4.08 159 smp/s
ep25 step45825/140100 loss=0.7670 acc=0.923 lr=2.00e-06 gnorm=2.71 159 smp/s
ep25 step45850/140100 loss=0.8186 acc=0.915 lr=2.00e-06 gnorm=5.12 159 smp/s
ep25 step45875/140100 loss=0.6218 acc=0.893 lr=2.00e-06 gnorm=2.12 159 smp/s
ep25 step45900/140100 loss=0.9759 acc=0.868 lr=2.00e-06 gnorm=3.47 159 smp/s
ep25 step45925/140100 loss=1.1563 acc=0.901 lr=2.00e-06 gnorm=1.97 159 smp/s
ep25 step45950/140100 loss=1.0458 acc=0.841 lr=2.00e-06 gnorm=2.08 159 smp/s
ep25 step45975/140100 loss=0.7989 acc=0.888 lr=2.00e-06 gnorm=3.52 159 smp/s
ep25 step46000/140100 loss=0.9168 acc=0.863 lr=2.00e-06 gnorm=1.55 159 smp/s
[eval @ 46000] WER=0.826 CER=0.409 SER=1.000 loss=0.790 content_acc=0.315 fill_rate=0.688 entropy=0.676 distinct=82
[eval @ 46000] iter32  WER=0.563 CER=0.206 SER=0.950 (mask-predict decode, n=200 clips)
   Full: ಸ ಾ ಂ ಸ ್ ೃ ೃ ಿ ಿ ಕ | ನ ಗ ರ ಿ | ಮ ೈ ಸ ೂ ರ ಿ ನ ಲ ್ ಲ ಿ | ಕ ೊ ರ ೋ ನ ಾ | ಸ ೋ ೋ ಕ ು ು | ಹ ೆ ಚ ್ ಚ ತ ್ ತ ಿ ಿ ರ ು ವ | ಹ ಿ ನ ನ ನ ೆ ೆ ಯ ಲ ಲ ್ ಲ ಿ | 
   Hyp : ಸಸಾಂಸ್ೃೃಿಿಕ ನಗರಿ ಮೈಸೂರಿನಲ್ಲಿ ಕೊರೋನಾ ಸೋೋಕುು ಹೆಚ್ಚತ್ತಿಿರುವ ಹಿನನನೆೆಯಲಲ್ಲಿ ಇಂದಿನಿಂದ 
   Ref : ಸಾಂಸ್ಕೃತಿಕ ನಗರಿ ಮೈಸೂರಿನಲ್ಲಿ ಕೊರೋನಾ ಸೋಂಕು ಹೆಚ್ಚುತ್ತಿರುವ ಹಿನ್ನೆಲೆಯಲ್ಲಿ ಇಂದಿನಿಂದ ಐದ
DEBUG:urllib3.connectionpool:Resetting dropped connection: api.wandb.ai
DEBUG:urllib3.connectionpool:https://api.wandb.ai:443 "POST /graphql HTTP/1.1" 200 60
   ** new best eval/iter_WER=0.5625 -> best.pt
ep25 step46025/140100 loss=0.9905 acc=0.880 lr=2.00e-06 gnorm=1.83 158 smp/s
ep25 step46050/140100 loss=1.0500 acc=0.927 lr=2.00e-06 gnorm=2.12 158 smp/s
ep25 step46075/140100 loss=0.9929 acc=0.905 lr=2.00e-06 gnorm=1.95 158 smp/s
ep25 step46100/140100 loss=0.6689 acc=0.948 lr=2.00e-06 gnorm=3.28 158 smp/s
ep25 step46125/140100 loss=0.7788 acc=0.916 lr=2.00e-06 gnorm=1.89 158 smp/s
ep25 step46150/140100 loss=0.9075 acc=0.899 lr=2.00e-06 gnorm=2.75 158 smp/s
ep25 step46175/140100 loss=0.7733 acc=0.907 lr=2.00e-06 gnorm=1.62 158 smp/s
ep25 step46200/140100 loss=0.7875 acc=0.924 lr=2.00e-06 gnorm=2.59 158 smp/s
ep25 step46225/140100 loss=0.9405 acc=0.936 lr=2.00e-06 gnorm=1.39 158 smp/s
ep25 step46250/140100 loss=0.8246 acc=0.927 lr=2.00e-06 gnorm=3.15 158 smp/s
ep25 step46275/140100 loss=0.9196 acc=0.892 lr=2.00e-06 gnorm=3.11 158 smp/s
ep25 step46300/140100 loss=1.2193 acc=0.885 lr=2.00e-06 gnorm=1.89 158 smp/s
ep25 step46325/140100 loss=0.9527 acc=0.923 lr=2.00e-06 gnorm=2.17 158 smp/s
ep25 step46350/140100 loss=0.8896 acc=0.879 lr=2.00e-06 gnorm=3.14 158 smp/s
ep25 step46375/140100 loss=0.8608 acc=0.949 lr=2.00e-06 gnorm=1.53 158 smp/s
ep25 step46400/140100 loss=1.0168 acc=0.888 lr=2.00e-06 gnorm=4.80 158 smp/s
ep25 step46425/140100 loss=0.6641 acc=0.868 lr=2.00e-06 gnorm=3.84 158 smp/s
ep25 step46450/140100 loss=0.9482 acc=0.910 lr=2.00e-06 gnorm=1.79 158 smp/s
ep25 step46475/140100 loss=1.1060 acc=0.938 lr=2.00e-06 gnorm=2.48 158 smp/s
ep25 step46500/140100 loss=0.9714 acc=0.909 lr=2.00e-06 gnorm=3.46 158 smp/s
ep25 step46525/140100 loss=0.8232 acc=0.896 lr=2.00e-06 gnorm=2.39 158 smp/s
ep25 step46550/140100 loss=0.8614 acc=0.912 lr=2.00e-06 gnorm=2.92 158 smp/s
ep25 step46575/140100 loss=0.8356 acc=0.892 lr=2.00e-06 gnorm=1.81 158 smp/s
ep25 step46600/140100 loss=1.1573 acc=0.857 lr=2.00e-06 gnorm=5.29 158 smp/s
ep25 step46625/140100 loss=0.8935 acc=0.915 lr=2.00e-06 gnorm=2.46 158 smp/s
ep25 step46650/140100 loss=0.9355 acc=0.904 lr=2.00e-06 gnorm=3.35 158 smp/s
ep25 step46675/140100 loss=0.9167 acc=0.935 lr=2.00e-06 gnorm=2.03 159 smp/s
ep25 step46700/140100 loss=0.8256 acc=0.830 lr=2.00e-06 gnorm=1.28 159 smp/s
ep26 step46725/140100 loss=0.7600 acc=0.925 lr=2.00e-06 gnorm=4.55 159 smp/s
ep26 step46750/140100 loss=1.0475 acc=0.872 lr=2.00e-06 gnorm=1.75 159 smp/s
ep26 step46775/140100 loss=0.8661 acc=0.856 lr=2.00e-06 gnorm=2.14 159 smp/s
ep26 step46800/140100 loss=0.9127 acc=0.891 lr=2.00e-06 gnorm=1.61 159 smp/s
ep26 step46825/140100 loss=0.8093 acc=0.901 lr=2.00e-06 gnorm=1.40 159 smp/s
ep26 step46850/140100 loss=1.4305 acc=0.857 lr=2.00e-06 gnorm=1.92 159 smp/s
ep26 step46875/140100 loss=0.9493 acc=0.920 lr=2.00e-06 gnorm=2.01 159 smp/s
ep26 step46900/140100 loss=1.0809 acc=0.950 lr=2.00e-06 gnorm=2.21 159 smp/s
ep26 step46925/140100 loss=0.9374 acc=0.876 lr=2.00e-06 gnorm=2.59 159 smp/s
ep26 step46950/140100 loss=0.9470 acc=0.906 lr=2.00e-06 gnorm=1.94 159 smp/s
ep26 step46975/140100 loss=0.7784 acc=0.913 lr=2.00e-06 gnorm=1.90 159 smp/s
ep26 step47000/140100 loss=0.9374 acc=0.929 lr=2.00e-06 gnorm=1.47 159 smp/s
ep26 step47025/140100 loss=0.7199 acc=0.946 lr=2.00e-06 gnorm=3.89 159 smp/s
ep26 step47050/140100 loss=0.8072 acc=0.905 lr=2.00e-06 gnorm=2.47 159 smp/s
ep26 step47075/140100 loss=0.9791 acc=0.921 lr=2.00e-06 gnorm=2.21 159 smp/s
ep26 step47100/140100 loss=0.9561 acc=0.961 lr=2.00e-06 gnorm=3.73 159 smp/s
ep26 step47125/140100 loss=1.0704 acc=0.881 lr=2.00e-06 gnorm=2.82 159 smp/s
ep26 step47150/140100 loss=0.7498 acc=0.904 lr=2.00e-06 gnorm=2.38 159 smp/s
ep26 step47175/140100 loss=0.7476 acc=0.921 lr=2.00e-06 gnorm=1.82 159 smp/s
ep26 step47200/140100 loss=0.7615 acc=0.878 lr=2.00e-06 gnorm=4.45 159 smp/s
ep26 step47225/140100 loss=0.8596 acc=0.899 lr=2.00e-06 gnorm=1.94 159 smp/s
ep26 step47250/140100 loss=0.7421 acc=0.919 lr=2.00e-06 gnorm=1.55 159 smp/s
ep26 step47275/140100 loss=0.7458 acc=0.956 lr=2.00e-06 gnorm=2.32 159 smp/s
ep26 step47300/140100 loss=0.9532 acc=0.862 lr=2.00e-06 gnorm=3.14 159 smp/s
ep26 step47325/140100 loss=1.0372 acc=0.862 lr=2.00e-06 gnorm=3.42 159 smp/s
ep26 step47350/140100 loss=0.9789 acc=0.952 lr=2.00e-06 gnorm=3.06 159 smp/s
ep26 step47375/140100 loss=0.6835 acc=0.887 lr=2.00e-06 gnorm=3.07 159 smp/s
ep26 step47400/140100 loss=0.7861 acc=0.895 lr=2.00e-06 gnorm=1.33 159 smp/s
ep26 step47425/140100 loss=0.9179 acc=0.873 lr=2.00e-06 gnorm=2.03 159 smp/s
ep26 step47450/140100 loss=0.8712 acc=0.923 lr=2.00e-06 gnorm=1.55 159 smp/s
ep26 step47475/140100 loss=0.9657 acc=0.941 lr=2.00e-06 gnorm=2.86 159 smp/s
ep26 step47500/140100 loss=0.9716 acc=0.861 lr=2.00e-06 gnorm=3.45 159 smp/s
ep26 step47525/140100 loss=0.8585 acc=0.915 lr=2.00e-06 gnorm=2.11 159 smp/s
ep26 step47550/140100 loss=0.9190 acc=0.964 lr=2.00e-06 gnorm=1.57 159 smp/s
ep26 step47575/140100 loss=1.0485 acc=0.886 lr=2.00e-06 gnorm=2.60 159 smp/s
ep26 step47600/140100 loss=0.8835 acc=0.862 lr=2.00e-06 gnorm=2.62 159 smp/s
ep26 step47625/140100 loss=1.0741 acc=0.905 lr=2.00e-06 gnorm=3.31 159 smp/s
ep26 step47650/140100 loss=0.7953 acc=0.905 lr=2.00e-06 gnorm=1.42 159 smp/s
ep26 step47675/140100 loss=0.8112 acc=0.884 lr=2.00e-06 gnorm=3.08 159 smp/s
ep26 step47700/140100 loss=0.8152 acc=0.905 lr=2.00e-06 gnorm=1.82 159 smp/s
ep26 step47725/140100 loss=0.9723 acc=0.898 lr=2.00e-06 gnorm=3.52 159 smp/s
ep26 step47750/140100 loss=0.8609 acc=0.875 lr=2.00e-06 gnorm=1.77 159 smp/s
ep26 step47775/140100 loss=0.8534 acc=0.930 lr=2.00e-06 gnorm=2.12 159 smp/s
ep26 step47800/140100 loss=0.7679 acc=0.906 lr=2.00e-06 gnorm=2.43 159 smp/s
ep26 step47825/140100 loss=1.1307 acc=0.941 lr=2.00e-06 gnorm=2.39 159 smp/s
ep26 step47850/140100 loss=0.8895 acc=0.892 lr=2.00e-06 gnorm=2.34 159 smp/s
ep26 step47875/140100 loss=1.0586 acc=0.926 lr=2.00e-06 gnorm=1.71 159 smp/s
ep26 step47900/140100 loss=0.9762 acc=0.868 lr=2.00e-06 gnorm=2.20 159 smp/s
ep26 step47925/140100 loss=0.9049 acc=0.915 lr=2.00e-06 gnorm=1.54 159 smp/s
ep26 step47950/140100 loss=1.0557 acc=0.908 lr=2.00e-06 gnorm=3.78 159 smp/s
ep26 step47975/140100 loss=0.7954 acc=0.950 lr=2.00e-06 gnorm=1.54 159 smp/s
ep26 step48000/140100 loss=0.8302 acc=0.961 lr=2.00e-06 gnorm=2.15 159 smp/s
[eval @ 48000] WER=0.821 CER=0.407 SER=1.000 loss=0.748 content_acc=0.350 fill_rate=0.686 entropy=0.703 distinct=82
[eval @ 48000] iter32  WER=0.579 CER=0.210 SER=0.920 (mask-predict decode, n=200 clips)
   Full: ಸ ಾ ಂ ಸ ್ ಕ ೃ ೃ ಿ ಕ | ನ ಗ ರ ಿ | ಮ ೈ ಸ ೂ ರ ಿ ನ ಲ ್ ಲ ಿ | ಕ ೊ ರ ರ ನ ನ ಾ | ಸ ೋ ಕ ು ು | ಹ ೆ ಚ ್ ಚ ತ ್ ತ ಿ ಿ ರ ು ವ | ಹ ಿ ನ ್ ನ ೆ ೆ ಯ ಲ ಲ ್ ಲ ಿ | 
   Hyp : ಸಸಾಂಸ್ಕೃೃಿಕ ನಗರಿ ಮೈಸೂರಿನಲ್ಲಿ ಕೊರರನನಾ ಸೋಕುು ಹೆಚ್ಚತ್ತಿಿರುವ ಹಿನ್ನೆೆಯಲಲ್ಲಿ ಇಂಿಿನಿಂದ 
   Ref : ಸಾಂಸ್ಕೃತಿಕ ನಗರಿ ಮೈಸೂರಿನಲ್ಲಿ ಕೊರೋನಾ ಸೋಂಕು ಹೆಚ್ಚುತ್ತಿರುವ ಹಿನ್ನೆಲೆಯಲ್ಲಿ ಇಂದಿನಿಂದ ಐದ
DEBUG:urllib3.connectionpool:Resetting dropped connection: api.wandb.ai
DEBUG:urllib3.connectionpool:https://api.wandb.ai:443 "POST /graphql HTTP/1.1" 200 60
ep26 step48025/140100 loss=0.8535 acc=0.944 lr=2.00e-06 gnorm=1.59 158 smp/s
ep26 step48050/140100 loss=0.8144 acc=0.932 lr=2.00e-06 gnorm=1.50 158 smp/s
ep26 step48075/140100 loss=0.8130 acc=0.893 lr=2.00e-06 gnorm=2.30 158 smp/s
ep26 step48100/140100 loss=0.9292 acc=0.899 lr=2.00e-06 gnorm=2.06 158 smp/s
ep26 step48125/140100 loss=0.7629 acc=0.886 lr=2.00e-06 gnorm=1.89 158 smp/s
ep26 step48150/140100 loss=0.9421 acc=0.887 lr=2.00e-06 gnorm=2.66 158 smp/s
ep26 step48175/140100 loss=0.9629 acc=0.879 lr=2.00e-06 gnorm=1.53 158 smp/s
ep26 step48200/140100 loss=0.9840 acc=0.929 lr=2.00e-06 gnorm=2.37 159 smp/s
ep26 step48225/140100 loss=0.6468 acc=0.965 lr=2.00e-06 gnorm=2.72 159 smp/s
ep26 step48250/140100 loss=0.7642 acc=0.912 lr=2.00e-06 gnorm=2.68 159 smp/s
ep26 step48275/140100 loss=0.9239 acc=0.918 lr=2.00e-06 gnorm=1.89 159 smp/s
ep26 step48300/140100 loss=0.9594 acc=0.905 lr=2.00e-06 gnorm=1.82 159 smp/s
ep26 step48325/140100 loss=0.8681 acc=0.901 lr=2.00e-06 gnorm=4.24 159 smp/s
ep26 step48350/140100 loss=1.0645 acc=0.893 lr=2.00e-06 gnorm=2.16 159 smp/s
ep26 step48375/140100 loss=1.0687 acc=0.871 lr=2.00e-06 gnorm=1.80 159 smp/s
ep26 step48400/140100 loss=0.8838 acc=0.898 lr=2.00e-06 gnorm=4.29 159 smp/s
ep26 step48425/140100 loss=0.8759 acc=0.897 lr=2.00e-06 gnorm=2.95 159 smp/s
ep26 step48450/140100 loss=0.8632 acc=0.927 lr=2.00e-06 gnorm=1.86 159 smp/s
ep26 step48475/140100 loss=0.9960 acc=0.918 lr=2.00e-06 gnorm=2.90 159 smp/s
ep26 step48500/140100 loss=0.6955 acc=0.918 lr=2.00e-06 gnorm=2.23 159 smp/s
ep26 step48525/140100 loss=0.9322 acc=0.966 lr=2.00e-06 gnorm=2.09 159 smp/s
ep26 step48550/140100 loss=0.7518 acc=0.915 lr=2.00e-06 gnorm=1.83 159 smp/s
ep27 step48575/140100 loss=0.9067 acc=0.921 lr=2.00e-06 gnorm=2.46 159 smp/s
ep27 step48600/140100 loss=0.9626 acc=0.919 lr=2.00e-06 gnorm=3.75 159 smp/s
ep27 step48625/140100 loss=1.0752 acc=0.925 lr=2.00e-06 gnorm=2.06 159 smp/s
ep27 step48650/140100 loss=0.8357 acc=0.924 lr=2.00e-06 gnorm=3.39 159 smp/s
ep27 step48675/140100 loss=1.0425 acc=0.853 lr=2.00e-06 gnorm=4.08 159 smp/s
ep27 step48700/140100 loss=0.8273 acc=0.918 lr=2.00e-06 gnorm=1.95 159 smp/s
ep27 step48725/140100 loss=0.7630 acc=0.898 lr=2.00e-06 gnorm=2.68 159 smp/s
ep27 step48750/140100 loss=1.1183 acc=0.869 lr=2.00e-06 gnorm=1.94 159 smp/s
ep27 step48775/140100 loss=0.9029 acc=0.939 lr=2.00e-06 gnorm=2.00 159 smp/s
ep27 step48800/140100 loss=1.0318 acc=0.809 lr=2.00e-06 gnorm=1.67 159 smp/s
ep27 step48825/140100 loss=0.8680 acc=0.948 lr=2.00e-06 gnorm=2.18 159 smp/s
ep27 step48850/140100 loss=0.7986 acc=0.889 lr=2.00e-06 gnorm=2.00 159 smp/s
ep27 step48875/140100 loss=0.8502 acc=0.949 lr=2.00e-06 gnorm=3.97 159 smp/s
ep27 step48900/140100 loss=0.8856 acc=0.951 lr=2.00e-06 gnorm=2.98 159 smp/s
ep27 step48925/140100 loss=0.9658 acc=0.887 lr=2.00e-06 gnorm=1.76 159 smp/s
ep27 step48950/140100 loss=0.7492 acc=0.912 lr=2.00e-06 gnorm=2.83 159 smp/s
ep27 step48975/140100 loss=0.8570 acc=0.911 lr=2.00e-06 gnorm=1.60 159 smp/s
ep27 step49000/140100 loss=0.9335 acc=0.878 lr=2.00e-06 gnorm=1.80 159 smp/s
ep27 step49025/140100 loss=0.8675 acc=0.941 lr=2.00e-06 gnorm=1.54 159 smp/s
ep27 step49050/140100 loss=0.9903 acc=0.918 lr=2.00e-06 gnorm=2.33 159 smp/s
ep27 step49075/140100 loss=1.0725 acc=0.872 lr=2.00e-06 gnorm=2.46 159 smp/s
ep27 step49100/140100 loss=0.9418 acc=0.889 lr=2.00e-06 gnorm=3.17 159 smp/s
ep27 step49125/140100 loss=0.9766 acc=0.918 lr=2.00e-06 gnorm=4.50 159 smp/s
ep27 step49150/140100 loss=0.9676 acc=0.901 lr=2.00e-06 gnorm=1.67 159 smp/s
ep27 step49175/140100 loss=1.0908 acc=0.893 lr=2.00e-06 gnorm=3.21 159 smp/s
ep27 step49200/140100 loss=1.0746 acc=0.929 lr=2.00e-06 gnorm=2.38 159 smp/s
ep27 step49225/140100 loss=0.8846 acc=0.909 lr=2.00e-06 gnorm=2.18 159 smp/s
ep27 step49250/140100 loss=0.8724 acc=0.911 lr=2.00e-06 gnorm=1.87 159 smp/s
ep27 step49275/140100 loss=0.9491 acc=0.932 lr=2.00e-06 gnorm=2.41 159 smp/s
ep27 step49300/140100 loss=0.7793 acc=0.951 lr=2.00e-06 gnorm=1.62 159 smp/s
ep27 step49325/140100 loss=0.8418 acc=0.894 lr=2.00e-06 gnorm=1.84 159 smp/s
ep27 step49350/140100 loss=0.7950 acc=0.931 lr=2.00e-06 gnorm=2.00 159 smp/s
ep27 step49375/140100 loss=1.1719 acc=0.889 lr=2.00e-06 gnorm=2.55 159 smp/s
ep27 step49400/140100 loss=0.9935 acc=0.937 lr=2.00e-06 gnorm=2.35 159 smp/s
ep27 step49425/140100 loss=0.8107 acc=0.955 lr=2.00e-06 gnorm=1.87 159 smp/s
ep27 step49450/140100 loss=0.9015 acc=0.939 lr=2.00e-06 gnorm=1.67 159 smp/s
ep27 step49475/140100 loss=0.8833 acc=0.914 lr=2.00e-06 gnorm=2.22 159 smp/s
ep27 step49500/140100 loss=0.7154 acc=0.945 lr=2.00e-06 gnorm=2.30 159 smp/s
ep27 step49525/140100 loss=0.8797 acc=0.935 lr=2.00e-06 gnorm=2.22 159 smp/s
ep27 step49550/140100 loss=0.9312 acc=0.917 lr=2.00e-06 gnorm=1.68 159 smp/s
ep27 step49575/140100 loss=0.8111 acc=0.922 lr=2.00e-06 gnorm=1.81 159 smp/s
ep27 step49600/140100 loss=0.9881 acc=0.934 lr=2.00e-06 gnorm=1.80 159 smp/s
ep27 step49625/140100 loss=0.9373 acc=0.908 lr=2.00e-06 gnorm=2.21 159 smp/s
ep27 step49650/140100 loss=0.9990 acc=0.844 lr=2.00e-06 gnorm=2.53 159 smp/s
ep27 step49675/140100 loss=0.9715 acc=0.906 lr=2.00e-06 gnorm=2.62 159 smp/s
ep27 step49700/140100 loss=0.8122 acc=0.866 lr=2.00e-06 gnorm=1.96 159 smp/s
ep27 step49725/140100 loss=0.8334 acc=0.974 lr=2.00e-06 gnorm=3.85 159 smp/s
ep27 step49750/140100 loss=0.8168 acc=0.884 lr=2.00e-06 gnorm=1.68 159 smp/s
ep27 step49775/140100 loss=0.8379 acc=0.917 lr=2.00e-06 gnorm=1.87 159 smp/s
ep27 step49800/140100 loss=0.9593 acc=0.866 lr=2.00e-06 gnorm=1.90 159 smp/s
ep27 step49825/140100 loss=0.8629 acc=0.914 lr=2.00e-06 gnorm=2.67 159 smp/s
ep27 step49850/140100 loss=0.6420 acc=0.931 lr=2.00e-06 gnorm=2.41 159 smp/s
ep27 step49875/140100 loss=1.1981 acc=0.858 lr=2.00e-06 gnorm=1.63 159 smp/s
ep27 step49900/140100 loss=1.0319 acc=0.817 lr=2.00e-06 gnorm=2.40 159 smp/s
ep27 step49925/140100 loss=1.1459 acc=0.821 lr=2.00e-06 gnorm=1.72 159 smp/s
ep27 step49950/140100 loss=0.9291 acc=0.918 lr=2.00e-06 gnorm=1.57 159 smp/s
ep27 step49975/140100 loss=0.9455 acc=0.941 lr=2.00e-06 gnorm=1.98 159 smp/s
ep27 step50000/140100 loss=0.8322 acc=0.880 lr=2.00e-06 gnorm=3.13 159 smp/s
[eval @ 50000] WER=0.814 CER=0.406 SER=1.000 loss=0.757 content_acc=0.343 fill_rate=0.687 entropy=0.676 distinct=82
[eval @ 50000] iter32  WER=0.566 CER=0.207 SER=0.945 (mask-predict decode, n=200 clips)
   Full: ಸ ಾ ಂ ಸ ್ ೃ ೃ ಿ ಿ ಕ | ನ ಗ ರ ಿ | ಮ ೈ ಸ ೂ ರ ಿ ನ ಲ ್ ಲ ಿ | ಕ ೊ ರ ೋ ನ ಾ | | ೋ ಂ ಕ ು | | ಹ ೆ ಚ ಚ ಚ ತ ್ ತ ಿ ರ ು ು ವ | ಹ ಿ ನ ನ ನ ೆ ೆ ಯ ಲ ಲ ಲ ಿ ಿ | 
   Hyp : ಸಸಾಂಸ್ೃೃಿಿಕ ನಗರಿ ಮೈಸೂರಿನಲ್ಲಿ ಕೊರೋನಾ  ೋಂಕು  ಹೆಚಚಚತ್ತಿರುುವ ಹಿನನನೆೆಯಲಲಲಿಿ ಇಂಿಿನಿಂದ 
   Ref : ಸಾಂಸ್ಕೃತಿಕ ನಗರಿ ಮೈಸೂರಿನಲ್ಲಿ ಕೊರೋನಾ ಸೋಂಕು ಹೆಚ್ಚುತ್ತಿರುವ ಹಿನ್ನೆಲೆಯಲ್ಲಿ ಇಂದಿನಿಂದ ಐದ
DEBUG:urllib3.connectionpool:Resetting dropped connection: api.wandb.ai
DEBUG:urllib3.connectionpool:https://api.wandb.ai:443 "POST /graphql HTTP/1.1" 200 60
ep27 step50025/140100 loss=0.7665 acc=0.897 lr=2.00e-06 gnorm=1.83 159 smp/s
ep27 step50050/140100 loss=0.8927 acc=0.898 lr=2.00e-06 gnorm=1.72 159 smp/s
ep27 step50075/140100 loss=0.7844 acc=0.904 lr=2.00e-06 gnorm=1.82 159 smp/s
ep27 step50100/140100 loss=0.9429 acc=0.884 lr=2.00e-06 gnorm=1.83 159 smp/s
ep27 step50125/140100 loss=0.9069 acc=0.938 lr=2.00e-06 gnorm=1.89 159 smp/s
ep27 step50150/140100 loss=1.0613 acc=0.859 lr=2.00e-06 gnorm=1.85 159 smp/s
ep27 step50175/140100 loss=0.7692 acc=0.925 lr=2.00e-06 gnorm=2.43 159 smp/s
ep27 step50200/140100 loss=0.7698 acc=0.959 lr=2.00e-06 gnorm=3.49 159 smp/s
ep27 step50225/140100 loss=0.6652 acc=0.910 lr=2.00e-06 gnorm=1.51 159 smp/s
ep27 step50250/140100 loss=1.0073 acc=0.882 lr=2.00e-06 gnorm=2.57 159 smp/s
ep27 step50275/140100 loss=0.5770 acc=0.950 lr=2.00e-06 gnorm=2.54 159 smp/s
ep27 step50300/140100 loss=0.9173 acc=0.908 lr=2.00e-06 gnorm=3.77 159 smp/s
ep27 step50325/140100 loss=0.8978 acc=0.850 lr=2.00e-06 gnorm=1.92 159 smp/s
ep27 step50350/140100 loss=1.0907 acc=0.933 lr=2.00e-06 gnorm=1.70 159 smp/s
ep27 step50375/140100 loss=1.1782 acc=0.843 lr=2.00e-06 gnorm=2.44 159 smp/s
ep27 step50400/140100 loss=0.9574 acc=0.881 lr=2.00e-06 gnorm=1.52 159 smp/s
ep27 step50425/140100 loss=1.2165 acc=0.873 lr=2.00e-06 gnorm=2.33 159 smp/s
ep28 step50450/140100 loss=1.0369 acc=0.896 lr=2.00e-06 gnorm=2.79 159 smp/s
ep28 step50475/140100 loss=0.6845 acc=0.882 lr=2.00e-06 gnorm=2.62 159 smp/s
ep28 step50500/140100 loss=0.7968 acc=0.941 lr=2.00e-06 gnorm=2.61 159 smp/s
ep28 step50525/140100 loss=0.8033 acc=0.886 lr=2.00e-06 gnorm=1.65 159 smp/s
ep28 step50550/140100 loss=0.8396 acc=0.953 lr=2.00e-06 gnorm=1.59 159 smp/s
ep28 step50575/140100 loss=1.0814 acc=0.897 lr=2.00e-06 gnorm=2.23 159 smp/s
ep28 step50600/140100 loss=0.8730 acc=0.902 lr=2.00e-06 gnorm=4.76 159 smp/s
ep28 step50625/140100 loss=0.8320 acc=0.948 lr=2.00e-06 gnorm=2.00 159 smp/s
ep28 step50650/140100 loss=0.8080 acc=0.918 lr=2.00e-06 gnorm=2.82 159 smp/s
ep28 step50675/140100 loss=0.8445 acc=0.905 lr=2.00e-06 gnorm=1.94 159 smp/s
ep28 step50700/140100 loss=0.7873 acc=0.921 lr=2.00e-06 gnorm=1.87 159 smp/s
ep28 step50725/140100 loss=0.8283 acc=0.942 lr=2.00e-06 gnorm=1.90 159 smp/s
ep28 step50750/140100 loss=1.1793 acc=0.856 lr=2.00e-06 gnorm=3.53 159 smp/s
ep28 step50775/140100 loss=1.0204 acc=0.911 lr=2.00e-06 gnorm=3.75 159 smp/s
ep28 step50800/140100 loss=0.6691 acc=0.926 lr=2.00e-06 gnorm=3.14 159 smp/s
ep28 step50825/140100 loss=0.7234 acc=0.916 lr=2.00e-06 gnorm=2.68 159 smp/s
ep28 step50850/140100 loss=0.8063 acc=0.927 lr=2.00e-06 gnorm=1.78 159 smp/s
ep28 step50875/140100 loss=0.8232 acc=0.896 lr=2.00e-06 gnorm=4.43 159 smp/s
ep28 step50900/140100 loss=0.8340 acc=0.907 lr=2.00e-06 gnorm=1.93 159 smp/s
ep28 step50925/140100 loss=0.9130 acc=0.926 lr=2.00e-06 gnorm=1.85 159 smp/s
ep28 step50950/140100 loss=0.7121 acc=0.919 lr=2.00e-06 gnorm=3.48 159 smp/s
ep28 step50975/140100 loss=1.1596 acc=0.937 lr=2.00e-06 gnorm=2.05 159 smp/s
ep28 step51000/140100 loss=1.1224 acc=0.936 lr=2.00e-06 gnorm=2.32 159 smp/s
ep28 step51025/140100 loss=0.9097 acc=0.881 lr=2.00e-06 gnorm=1.95 159 smp/s
ep28 step51050/140100 loss=0.6422 acc=0.916 lr=2.00e-06 gnorm=1.84 159 smp/s
ep28 step51075/140100 loss=1.2741 acc=0.871 lr=2.00e-06 gnorm=3.18 159 smp/s
ep28 step51100/140100 loss=1.2551 acc=0.848 lr=2.00e-06 gnorm=2.69 159 smp/s
ep28 step51125/140100 loss=1.0151 acc=0.868 lr=2.00e-06 gnorm=3.20 159 smp/s
ep28 step51150/140100 loss=0.8235 acc=0.930 lr=2.00e-06 gnorm=2.69 159 smp/s
ep28 step51175/140100 loss=0.8127 acc=0.918 lr=2.00e-06 gnorm=1.93 159 smp/s
ep28 step51200/140100 loss=0.8368 acc=0.919 lr=2.00e-06 gnorm=1.71 159 smp/s
ep28 step51225/140100 loss=0.6428 acc=0.928 lr=2.00e-06 gnorm=1.81 159 smp/s
ep28 step51250/140100 loss=0.9421 acc=0.902 lr=2.00e-06 gnorm=1.98 159 smp/s
ep28 step51275/140100 loss=0.6796 acc=0.905 lr=2.00e-06 gnorm=2.26 159 smp/s
ep28 step51300/140100 loss=0.7645 acc=0.943 lr=2.00e-06 gnorm=2.87 159 smp/s
ep28 step51325/140100 loss=0.8666 acc=0.914 lr=2.00e-06 gnorm=1.60 159 smp/s
ep28 step51350/140100 loss=0.9189 acc=0.905 lr=2.00e-06 gnorm=2.73 159 smp/s
ep28 step51375/140100 loss=0.6382 acc=0.940 lr=2.00e-06 gnorm=1.51 159 smp/s
ep28 step51400/140100 loss=1.1667 acc=0.910 lr=2.00e-06 gnorm=3.28 159 smp/s
ep28 step51425/140100 loss=0.9401 acc=0.868 lr=2.00e-06 gnorm=2.17 159 smp/s
ep28 step51450/140100 loss=0.9762 acc=0.861 lr=2.00e-06 gnorm=2.21 159 smp/s
ep28 step51475/140100 loss=1.1396 acc=0.895 lr=2.00e-06 gnorm=1.98 159 smp/s
ep28 step51500/140100 loss=0.8384 acc=0.917 lr=2.00e-06 gnorm=1.81 159 smp/s
ep28 step51525/140100 loss=0.9196 acc=0.889 lr=2.00e-06 gnorm=1.75 159 smp/s
ep28 step51550/140100 loss=0.9200 acc=0.871 lr=2.00e-06 gnorm=2.05 159 smp/s
ep28 step51575/140100 loss=0.9960 acc=0.842 lr=2.00e-06 gnorm=2.18 159 smp/s
ep28 step51600/140100 loss=0.7082 acc=0.917 lr=2.00e-06 gnorm=1.72 159 smp/s
ep28 step51625/140100 loss=0.8862 acc=0.936 lr=2.00e-06 gnorm=3.63 159 smp/s
ep28 step51650/140100 loss=1.1389 acc=0.877 lr=2.00e-06 gnorm=2.87 159 smp/s
ep28 step51675/140100 loss=1.2294 acc=0.884 lr=2.00e-06 gnorm=1.93 159 smp/s
ep28 step51700/140100 loss=0.8334 acc=0.851 lr=2.00e-06 gnorm=2.60 159 smp/s
ep28 step51725/140100 loss=0.8055 acc=0.911 lr=2.00e-06 gnorm=3.72 159 smp/s
ep28 step51750/140100 loss=1.0857 acc=0.895 lr=2.00e-06 gnorm=1.85 159 smp/s
ep28 step51775/140100 loss=1.0820 acc=0.880 lr=2.00e-06 gnorm=2.80 159 smp/s
ep28 step51800/140100 loss=0.9288 acc=0.944 lr=2.00e-06 gnorm=4.23 159 smp/s
ep28 step51825/140100 loss=0.8516 acc=0.924 lr=2.00e-06 gnorm=4.04 159 smp/s
ep28 step51850/140100 loss=0.9800 acc=0.928 lr=2.00e-06 gnorm=1.42 159 smp/s
ep28 step51875/140100 loss=1.0630 acc=0.875 lr=2.00e-06 gnorm=1.83 159 smp/s
ep28 step51900/140100 loss=0.8895 acc=0.909 lr=2.00e-06 gnorm=2.61 159 smp/s
ep28 step51925/140100 loss=0.6896 acc=0.923 lr=2.00e-06 gnorm=3.05 159 smp/s
ep28 step51950/140100 loss=1.1579 acc=0.878 lr=2.00e-06 gnorm=2.13 159 smp/s
ep28 step51975/140100 loss=0.9111 acc=0.905 lr=2.00e-06 gnorm=1.74 159 smp/s
ep28 step52000/140100 loss=0.9594 acc=0.850 lr=2.00e-06 gnorm=2.78 159 smp/s
[eval @ 52000] WER=0.817 CER=0.409 SER=1.000 loss=0.745 content_acc=0.364 fill_rate=0.685 entropy=0.708 distinct=82
[eval @ 52000] iter32  WER=0.574 CER=0.210 SER=0.910 (mask-predict decode, n=200 clips)
   Full: ಸ ಾ ಂ ಸ ್ ಕ ೃ ೃ ಿ ಕ | ನ ಗ ರ ಿ | ಮ ೈ ಸ ೂ ರ ಿ ನ ಲ ಲ ಲ ಿ | ಕ ೊ ೊ ರ ನ ನ ಾ | ಸ ೋ ಂ ಕ ು | ಹ ೆ ಚ ್ ಚ ು ತ ತ ತ ಿ ರ ು ವ | ಹ ಿ ನ ್ ನ ೆ ೆ ೆ ಯ ಲ ್ ಲ ಿ | 
   Hyp : ಸಸಾಂಸ್ಕೃೃಿಕ ನಗರಿ ಮೈಸೂರಿನಲಲಲಿ ಕೊೊರನನಾ ಸೋಂಕು ಹೆಚ್ಚುತತತಿರುವ ಹಿನ್ನೆೆೆಯಲ್ಲಿ ಇಇಂಿಿಿಿದ 
   Ref : ಸಾಂಸ್ಕೃತಿಕ ನಗರಿ ಮೈಸೂರಿನಲ್ಲಿ ಕೊರೋನಾ ಸೋಂಕು ಹೆಚ್ಚುತ್ತಿರುವ ಹಿನ್ನೆಲೆಯಲ್ಲಿ ಇಂದಿನಿಂದ ಐದ
DEBUG:urllib3.connectionpool:Resetting dropped connection: api.wandb.ai
DEBUG:urllib3.connectionpool:https://api.wandb.ai:443 "POST /graphql HTTP/1.1" 200 60
ep28 step52025/140100 loss=0.9203 acc=0.900 lr=2.00e-06 gnorm=1.79 159 smp/s
ep28 step52050/140100 loss=1.0512 acc=0.852 lr=2.00e-06 gnorm=2.56 159 smp/s
ep28 step52075/140100 loss=0.6330 acc=0.950 lr=2.00e-06 gnorm=1.63 159 smp/s
ep28 step52100/140100 loss=0.9337 acc=0.885 lr=2.00e-06 gnorm=2.01 159 smp/s
ep28 step52125/140100 loss=0.7512 acc=0.886 lr=2.00e-06 gnorm=2.44 159 smp/s
ep28 step52150/140100 loss=1.0818 acc=0.937 lr=2.00e-06 gnorm=1.55 159 smp/s
ep28 step52175/140100 loss=0.8792 acc=0.897 lr=2.00e-06 gnorm=1.88 159 smp/s
ep28 step52200/140100 loss=0.9578 acc=0.936 lr=2.00e-06 gnorm=5.20 159 smp/s
ep28 step52225/140100 loss=0.9036 acc=0.917 lr=2.00e-06 gnorm=3.95 159 smp/s
ep28 step52250/140100 loss=1.1552 acc=0.875 lr=2.00e-06 gnorm=2.49 159 smp/s
ep28 step52275/140100 loss=0.7864 acc=0.956 lr=2.00e-06 gnorm=3.54 159 smp/s
ep28 step52300/140100 loss=0.9963 acc=0.894 lr=2.00e-06 gnorm=3.03 159 smp/s
ep29 step52325/140100 loss=0.9993 acc=0.881 lr=2.00e-06 gnorm=1.82 159 smp/s
ep29 step52350/140100 loss=0.6758 acc=0.940 lr=2.00e-06 gnorm=2.08 159 smp/s
ep29 step52375/140100 loss=0.8582 acc=0.902 lr=2.00e-06 gnorm=3.88 159 smp/s
ep29 step52400/140100 loss=0.7251 acc=0.966 lr=2.00e-06 gnorm=2.85 159 smp/s
ep29 step52425/140100 loss=0.5053 acc=0.947 lr=2.00e-06 gnorm=1.64 159 smp/s
ep29 step52450/140100 loss=0.9569 acc=0.903 lr=2.00e-06 gnorm=1.60 159 smp/s
ep29 step52475/140100 loss=0.8111 acc=0.885 lr=2.00e-06 gnorm=2.42 159 smp/s
ep29 step52500/140100 loss=1.0586 acc=0.915 lr=2.00e-06 gnorm=1.69 159 smp/s
ep29 step52525/140100 loss=0.8597 acc=0.909 lr=2.00e-06 gnorm=3.52 159 smp/s
ep29 step52550/140100 loss=0.7930 acc=0.960 lr=2.00e-06 gnorm=1.68 159 smp/s
ep29 step52575/140100 loss=0.9572 acc=0.911 lr=2.00e-06 gnorm=1.87 159 smp/s
ep29 step52600/140100 loss=0.6802 acc=0.908 lr=2.00e-06 gnorm=2.53 159 smp/s
ep29 step52625/140100 loss=0.6922 acc=0.923 lr=2.00e-06 gnorm=1.95 159 smp/s
ep29 step52650/140100 loss=0.9892 acc=0.983 lr=2.00e-06 gnorm=1.46 159 smp/s
ep29 step52675/140100 loss=1.1020 acc=0.920 lr=2.00e-06 gnorm=3.42 159 smp/s
ep29 step52700/140100 loss=1.0365 acc=0.909 lr=2.00e-06 gnorm=2.10 159 smp/s
ep29 step52725/140100 loss=0.8706 acc=0.892 lr=2.00e-06 gnorm=1.60 159 smp/s
ep29 step52750/140100 loss=1.0129 acc=0.922 lr=2.00e-06 gnorm=1.72 159 smp/s
ep29 step52775/140100 loss=0.7946 acc=0.927 lr=2.00e-06 gnorm=1.66 159 smp/s
ep29 step52800/140100 loss=0.9844 acc=0.896 lr=2.00e-06 gnorm=2.84 159 smp/s
ep29 step52825/140100 loss=0.8377 acc=0.894 lr=2.00e-06 gnorm=2.25 159 smp/s
ep29 step52850/140100 loss=0.8192 acc=0.954 lr=2.00e-06 gnorm=3.32 159 smp/s
ep29 step52875/140100 loss=0.9145 acc=0.902 lr=2.00e-06 gnorm=2.26 159 smp/s
ep29 step52900/140100 loss=1.1315 acc=0.907 lr=2.00e-06 gnorm=2.15 159 smp/s
ep29 step52925/140100 loss=0.9564 acc=0.891 lr=2.00e-06 gnorm=2.00 159 smp/s
ep29 step52950/140100 loss=1.0758 acc=0.850 lr=2.00e-06 gnorm=1.89 159 smp/s
ep29 step52975/140100 loss=1.0115 acc=0.877 lr=2.00e-06 gnorm=5.10 159 smp/s
ep29 step53000/140100 loss=0.8695 acc=0.915 lr=2.00e-06 gnorm=2.52 159 smp/s
ep29 step53025/140100 loss=0.9554 acc=0.871 lr=2.00e-06 gnorm=3.07 159 smp/s
ep29 step53050/140100 loss=0.8015 acc=0.911 lr=2.00e-06 gnorm=2.20 159 smp/s
ep29 step53075/140100 loss=0.9099 acc=0.931 lr=2.00e-06 gnorm=1.87 159 smp/s
ep29 step53100/140100 loss=0.9503 acc=0.950 lr=2.00e-06 gnorm=5.04 159 smp/s
ep29 step53125/140100 loss=0.8168 acc=0.946 lr=2.00e-06 gnorm=2.04 159 smp/s
ep29 step53150/140100 loss=0.8225 acc=0.927 lr=2.00e-06 gnorm=1.72 159 smp/s
ep29 step53175/140100 loss=1.1234 acc=0.895 lr=2.00e-06 gnorm=2.06 159 smp/s
ep29 step53200/140100 loss=0.9534 acc=0.931 lr=2.00e-06 gnorm=2.93 159 smp/s
ep29 step53225/140100 loss=0.8481 acc=0.924 lr=2.00e-06 gnorm=2.82 159 smp/s
ep29 step53250/140100 loss=1.0152 acc=0.899 lr=2.00e-06 gnorm=2.24 159 smp/s
ep29 step53275/140100 loss=0.8412 acc=0.920 lr=2.00e-06 gnorm=1.99 159 smp/s
ep29 step53300/140100 loss=0.7930 acc=0.919 lr=2.00e-06 gnorm=4.27 159 smp/s
ep29 step53325/140100 loss=1.2377 acc=0.876 lr=2.00e-06 gnorm=2.43 159 smp/s
ep29 step53350/140100 loss=1.0395 acc=0.897 lr=2.00e-06 gnorm=3.25 159 smp/s
ep29 step53375/140100 loss=1.0623 acc=0.926 lr=2.00e-06 gnorm=3.40 159 smp/s
ep29 step53400/140100 loss=0.9344 acc=0.865 lr=2.00e-06 gnorm=3.63 159 smp/s
ep29 step53425/140100 loss=0.8913 acc=0.883 lr=2.00e-06 gnorm=2.11 159 smp/s
ep29 step53450/140100 loss=1.2655 acc=0.857 lr=2.00e-06 gnorm=1.86 159 smp/s
ep29 step53475/140100 loss=0.7877 acc=0.892 lr=2.00e-06 gnorm=1.95 159 smp/s
ep29 step53500/140100 loss=0.7518 acc=0.928 lr=2.00e-06 gnorm=2.72 159 smp/s
ep29 step53525/140100 loss=0.7992 acc=0.913 lr=2.00e-06 gnorm=2.51 159 smp/s
ep29 step53550/140100 loss=0.9365 acc=0.864 lr=2.00e-06 gnorm=2.37 159 smp/s
ep29 step53575/140100 loss=1.2400 acc=0.850 lr=2.00e-06 gnorm=2.78 159 smp/s
ep29 step53600/140100 loss=1.0068 acc=0.856 lr=2.00e-06 gnorm=2.65 159 smp/s
ep29 step53625/140100 loss=1.0790 acc=0.843 lr=2.00e-06 gnorm=1.58 159 smp/s
ep29 step53650/140100 loss=0.8419 acc=0.899 lr=2.00e-06 gnorm=3.60 159 smp/s
ep29 step53675/140100 loss=0.9074 acc=0.890 lr=2.00e-06 gnorm=2.49 159 smp/s
ep29 step53700/140100 loss=1.0638 acc=0.902 lr=2.00e-06 gnorm=3.93 159 smp/s
ep29 step53725/140100 loss=0.8312 acc=0.948 lr=2.00e-06 gnorm=2.47 159 smp/s
ep29 step53750/140100 loss=0.9112 acc=0.878 lr=2.00e-06 gnorm=1.51 159 smp/s
ep29 step53775/140100 loss=0.8326 acc=0.890 lr=2.00e-06 gnorm=2.52 159 smp/s
ep29 step53800/140100 loss=1.0971 acc=0.946 lr=2.00e-06 gnorm=1.94 159 smp/s
ep29 step53825/140100 loss=1.1327 acc=0.864 lr=2.00e-06 gnorm=2.07 159 smp/s
ep29 step53850/140100 loss=1.0991 acc=0.895 lr=2.00e-06 gnorm=3.14 159 smp/s
ep29 step53875/140100 loss=1.2157 acc=0.899 lr=2.00e-06 gnorm=2.92 159 smp/s
ep29 step53900/140100 loss=0.9104 acc=0.939 lr=2.00e-06 gnorm=1.64 159 smp/s
ep29 step53925/140100 loss=1.1288 acc=0.886 lr=2.00e-06 gnorm=2.41 159 smp/s
ep29 step53950/140100 loss=1.1022 acc=0.902 lr=2.00e-06 gnorm=4.62 159 smp/s
ep29 step53975/140100 loss=0.9806 acc=0.901 lr=2.00e-06 gnorm=2.39 159 smp/s
ep29 step54000/140100 loss=1.1564 acc=0.869 lr=2.00e-06 gnorm=2.50 159 smp/s
[eval @ 54000] WER=0.810 CER=0.401 SER=1.000 loss=0.728 content_acc=0.362 fill_rate=0.688 entropy=0.660 distinct=82
[eval @ 54000] iter32  WER=0.561 CER=0.205 SER=0.930 (mask-predict decode, n=200 clips)
   Full: ಸ ಾ ಂ ಸ ್ ೃ ೃ ಿ ಿ ಕ | ನ ಗ ರ ಿ | ಮ ೈ ಸ ೂ ರ ಿ ನ ಲ ್ ಲ ಿ | ಕ ೊ ರ ರ ನ ಾ ಾ | ೋ ೋ ಕ ು ು | ಹ ೆ ಚ ್ ಚ ತ ತ ತ ಿ ಿ ರ ು ವ | ಹ ಿ ನ ್ ನ ೆ ೆ ೆ ಯ ಲ ್ ಲ ಿ | 
   Hyp : ಸಸಾಂಸ್ೃೃಿಿಕ ನಗರಿ ಮೈಸೂರಿನಲ್ಲಿ ಕೊರರನಾಾ ೋೋಕುು ಹೆಚ್ಚತತತಿಿರುವ ಹಿನ್ನೆೆೆಯಲ್ಲಿ ಇಂದಿನಿಂದ 
   Ref : ಸಾಂಸ್ಕೃತಿಕ ನಗರಿ ಮೈಸೂರಿನಲ್ಲಿ ಕೊರೋನಾ ಸೋಂಕು ಹೆಚ್ಚುತ್ತಿರುವ ಹಿನ್ನೆಲೆಯಲ್ಲಿ ಇಂದಿನಿಂದ ಐದ
DEBUG:urllib3.connectionpool:Resetting dropped connection: api.wandb.ai
DEBUG:urllib3.connectionpool:https://api.wandb.ai:443 "POST /graphql HTTP/1.1" 200 60
   ** new best eval/iter_WER=0.5614 -> best.pt
ep29 step54025/140100 loss=1.0269 acc=0.863 lr=2.00e-06 gnorm=2.10 159 smp/s
ep29 step54050/140100 loss=1.2584 acc=0.819 lr=2.00e-06 gnorm=2.02 159 smp/s
ep29 step54075/140100 loss=0.8724 acc=0.906 lr=2.00e-06 gnorm=2.00 159 smp/s
ep29 step54100/140100 loss=0.8409 acc=0.911 lr=2.00e-06 gnorm=1.47 159 smp/s
ep29 step54125/140100 loss=0.9957 acc=0.843 lr=2.00e-06 gnorm=2.21 159 smp/s
ep29 step54150/140100 loss=0.9319 acc=0.925 lr=2.00e-06 gnorm=3.38 159 smp/s
ep30 step54175/140100 loss=0.6207 acc=0.904 lr=2.00e-06 gnorm=1.85 159 smp/s
ep30 step54200/140100 loss=0.9081 acc=0.900 lr=2.00e-06 gnorm=2.21 159 smp/s
ep30 step54225/140100 loss=0.9750 acc=0.942 lr=2.00e-06 gnorm=1.41 159 smp/s
ep30 step54250/140100 loss=0.9480 acc=0.888 lr=2.00e-06 gnorm=2.05 159 smp/s
ep30 step54275/140100 loss=0.8990 acc=0.870 lr=2.00e-06 gnorm=2.77 159 smp/s
ep30 step54300/140100 loss=0.9240 acc=0.935 lr=2.00e-06 gnorm=1.82 159 smp/s
ep30 step54325/140100 loss=0.8991 acc=0.910 lr=2.00e-06 gnorm=2.36 159 smp/s
ep30 step54350/140100 loss=0.5990 acc=0.935 lr=2.00e-06 gnorm=1.55 159 smp/s
ep30 step54375/140100 loss=0.8985 acc=0.934 lr=2.00e-06 gnorm=3.58 159 smp/s
ep30 step54400/140100 loss=0.8909 acc=0.856 lr=2.00e-06 gnorm=1.85 159 smp/s
ep30 step54425/140100 loss=0.6823 acc=0.977 lr=2.00e-06 gnorm=2.12 159 smp/s
ep30 step54450/140100 loss=1.0663 acc=0.887 lr=2.00e-06 gnorm=1.74 159 smp/s
ep30 step54475/140100 loss=0.9304 acc=0.900 lr=2.00e-06 gnorm=2.41 159 smp/s
ep30 step54500/140100 loss=1.0261 acc=0.887 lr=2.00e-06 gnorm=2.91 159 smp/s
ep30 step54525/140100 loss=0.9061 acc=0.910 lr=2.00e-06 gnorm=1.51 159 smp/s
ep30 step54550/140100 loss=0.9435 acc=0.950 lr=2.00e-06 gnorm=1.93 159 smp/s
ep30 step54575/140100 loss=0.5926 acc=0.921 lr=2.00e-06 gnorm=1.85 159 smp/s
ep30 step54600/140100 loss=0.7510 acc=0.946 lr=2.00e-06 gnorm=1.99 159 smp/s
ep30 step54625/140100 loss=1.0883 acc=0.885 lr=2.00e-06 gnorm=2.52 159 smp/s
ep30 step54650/140100 loss=1.0055 acc=0.899 lr=2.00e-06 gnorm=3.69 159 smp/s
ep30 step54675/140100 loss=0.7116 acc=0.974 lr=2.00e-06 gnorm=1.82 159 smp/s
ep30 step54700/140100 loss=0.7659 acc=0.905 lr=2.00e-06 gnorm=2.93 159 smp/s
ep30 step54725/140100 loss=0.9589 acc=0.909 lr=2.00e-06 gnorm=3.39 159 smp/s
ep30 step54750/140100 loss=0.8551 acc=0.905 lr=2.00e-06 gnorm=3.15 159 smp/s
ep30 step54775/140100 loss=0.9766 acc=0.895 lr=2.00e-06 gnorm=2.36 159 smp/s
ep30 step54800/140100 loss=1.0202 acc=0.886 lr=2.00e-06 gnorm=1.82 159 smp/s
ep30 step54825/140100 loss=0.9111 acc=0.879 lr=2.00e-06 gnorm=4.13 159 smp/s
ep30 step54850/140100 loss=0.8676 acc=0.880 lr=2.00e-06 gnorm=1.67 159 smp/s
ep30 step54875/140100 loss=1.0660 acc=0.904 lr=2.00e-06 gnorm=1.87 159 smp/s
ep30 step54900/140100 loss=0.9250 acc=0.951 lr=2.00e-06 gnorm=2.03 159 smp/s
ep30 step54925/140100 loss=1.1443 acc=0.924 lr=2.00e-06 gnorm=1.81 159 smp/s
ep30 step54950/140100 loss=0.9963 acc=0.873 lr=2.00e-06 gnorm=1.97 159 smp/s
ep30 step54975/140100 loss=0.8167 acc=0.903 lr=2.00e-06 gnorm=2.84 159 smp/s
ep30 step55000/140100 loss=0.6595 acc=0.914 lr=2.00e-06 gnorm=1.70 159 smp/s
ep30 step55025/140100 loss=0.9532 acc=0.895 lr=2.00e-06 gnorm=3.53 159 smp/s
ep30 step55050/140100 loss=0.8178 acc=0.866 lr=2.00e-06 gnorm=1.57 159 smp/s
ep30 step55075/140100 loss=1.1748 acc=0.896 lr=2.00e-06 gnorm=1.78 159 smp/s
ep30 step55100/140100 loss=1.0271 acc=0.918 lr=2.00e-06 gnorm=2.77 159 smp/s
ep30 step55125/140100 loss=0.9555 acc=0.864 lr=2.00e-06 gnorm=6.04 159 smp/s
ep30 step55150/140100 loss=0.5658 acc=0.896 lr=2.00e-06 gnorm=1.93 159 smp/s
ep30 step55175/140100 loss=1.0640 acc=0.923 lr=2.00e-06 gnorm=1.90 159 smp/s
ep30 step55200/140100 loss=0.6155 acc=0.950 lr=2.00e-06 gnorm=1.74 159 smp/s
ep30 step55225/140100 loss=0.7452 acc=0.914 lr=2.00e-06 gnorm=2.44 159 smp/s
ep30 step55250/140100 loss=0.5032 acc=0.909 lr=2.00e-06 gnorm=3.91 159 smp/s
ep30 step55275/140100 loss=0.6805 acc=0.922 lr=2.00e-06 gnorm=1.50 159 smp/s
ep30 step55300/140100 loss=0.7280 acc=0.969 lr=2.00e-06 gnorm=1.59 159 smp/s
ep30 step55325/140100 loss=1.0040 acc=0.903 lr=2.00e-06 gnorm=3.01 159 smp/s
ep30 step55350/140100 loss=0.8998 acc=0.857 lr=2.00e-06 gnorm=2.06 159 smp/s
ep30 step55375/140100 loss=1.0999 acc=0.885 lr=2.00e-06 gnorm=2.13 159 smp/s
ep30 step55400/140100 loss=0.9205 acc=0.953 lr=2.00e-06 gnorm=1.85 159 smp/s
ep30 step55425/140100 loss=1.0874 acc=0.875 lr=2.00e-06 gnorm=3.15 159 smp/s
ep30 step55450/140100 loss=0.8746 acc=0.898 lr=2.00e-06 gnorm=2.63 159 smp/s
ep30 step55475/140100 loss=0.9575 acc=0.894 lr=2.00e-06 gnorm=1.84 159 smp/s
ep30 step55500/140100 loss=0.9306 acc=0.891 lr=2.00e-06 gnorm=2.03 159 smp/s
ep30 step55525/140100 loss=0.6957 acc=0.950 lr=2.00e-06 gnorm=3.32 159 smp/s
ep30 step55550/140100 loss=1.1243 acc=0.893 lr=2.00e-06 gnorm=3.07 159 smp/s
ep30 step55575/140100 loss=0.7779 acc=0.942 lr=2.00e-06 gnorm=1.59 159 smp/s
ep30 step55600/140100 loss=1.1645 acc=0.827 lr=2.00e-06 gnorm=1.76 159 smp/s
ep30 step55625/140100 loss=0.8896 acc=0.940 lr=2.00e-06 gnorm=1.64 159 smp/s
ep30 step55650/140100 loss=0.6716 acc=0.931 lr=2.00e-06 gnorm=6.18 159 smp/s
ep30 step55675/140100 loss=0.8630 acc=0.896 lr=2.00e-06 gnorm=2.90 159 smp/s
ep30 step55700/140100 loss=1.0346 acc=0.869 lr=2.00e-06 gnorm=2.73 159 smp/s
ep30 step55725/140100 loss=1.0666 acc=0.916 lr=2.00e-06 gnorm=1.70 159 smp/s
ep30 step55750/140100 loss=0.6522 acc=0.978 lr=2.00e-06 gnorm=2.14 159 smp/s
ep30 step55775/140100 loss=0.7318 acc=0.961 lr=2.00e-06 gnorm=1.45 159 smp/s
ep30 step55800/140100 loss=1.0216 acc=0.942 lr=2.00e-06 gnorm=2.05 159 smp/s
ep30 step55825/140100 loss=0.7323 acc=0.924 lr=2.00e-06 gnorm=3.34 159 smp/s
ep30 step55850/140100 loss=0.7549 acc=0.908 lr=2.00e-06 gnorm=2.97 159 smp/s
ep30 step55875/140100 loss=0.9261 acc=0.935 lr=2.00e-06 gnorm=2.12 159 smp/s
ep30 step55900/140100 loss=0.5140 acc=0.952 lr=2.00e-06 gnorm=2.49 159 smp/s
ep30 step55925/140100 loss=1.1272 acc=0.892 lr=2.00e-06 gnorm=1.78 159 smp/s
ep30 step55950/140100 loss=0.7991 acc=0.933 lr=2.00e-06 gnorm=2.58 159 smp/s
ep30 step55975/140100 loss=1.1435 acc=0.887 lr=2.00e-06 gnorm=3.39 159 smp/s
ep30 step56000/140100 loss=0.7974 acc=0.952 lr=2.00e-06 gnorm=2.34 159 smp/s
[eval @ 56000] WER=0.812 CER=0.403 SER=1.000 loss=0.780 content_acc=0.334 fill_rate=0.685 entropy=0.686 distinct=82
[eval @ 56000] iter32  WER=0.564 CER=0.207 SER=0.950 (mask-predict decode, n=200 clips)
   Full: ಸ ಾ ಂ ಸ ್ ೃ ೃ ಿ ಿ ಕ | ನ ಗ ರ ಿ | ಮ ೈ ಸ ೂ ರ ಿ ನ ಲ ್ ಲ ಿ | ಕ ೊ ರ ೋ ನ ಾ | ಸ ೋ ಂ ಕ ು | ಹ ಹ ೆ ಚ ಚ ಚ ತ ್ ತ ಿ ಿ ು ು ವ | ಹ ಿ ನ ನ ನ ೆ ೆ ಯ ಲ ಲ ್ ಲ ಿ | 
   Hyp : ಸಸಾಂಸ್ೃೃಿಿಕ ನಗರಿ ಮೈಸೂರಿನಲ್ಲಿ ಕೊರೋನಾ ಸೋಂಕು ಹಹೆಚಚಚತ್ತಿಿುುವ ಹಿನನನೆೆಯಲಲ್ಲಿ ಇಂದಿನಿಂದ 
   Ref : ಸಾಂಸ್ಕೃತಿಕ ನಗರಿ ಮೈಸೂರಿನಲ್ಲಿ ಕೊರೋನಾ ಸೋಂಕು ಹೆಚ್ಚುತ್ತಿರುವ ಹಿನ್ನೆಲೆಯಲ್ಲಿ ಇಂದಿನಿಂದ ಐದ
DEBUG:urllib3.connectionpool:Resetting dropped connection: api.wandb.ai
DEBUG:urllib3.connectionpool:https://api.wandb.ai:443 "POST /graphql HTTP/1.1" 200 60
ep30 step56025/140100 loss=0.5112 acc=0.932 lr=2.00e-06 gnorm=4.77 159 smp/s
ep31 step56050/140100 loss=1.0203 acc=0.898 lr=2.00e-06 gnorm=2.15 159 smp/s
ep31 step56075/140100 loss=0.6856 acc=0.951 lr=2.00e-06 gnorm=1.98 159 smp/s
ep31 step56100/140100 loss=0.8144 acc=0.917 lr=2.00e-06 gnorm=1.87 159 smp/s
ep31 step56125/140100 loss=0.7648 acc=0.930 lr=2.00e-06 gnorm=1.96 159 smp/s
ep31 step56150/140100 loss=0.9672 acc=0.925 lr=2.00e-06 gnorm=1.33 159 smp/s
ep31 step56175/140100 loss=1.0077 acc=0.855 lr=2.00e-06 gnorm=1.86 159 smp/s
ep31 step56200/140100 loss=0.6889 acc=0.934 lr=2.00e-06 gnorm=2.15 159 smp/s
ep31 step56225/140100 loss=0.7924 acc=0.885 lr=2.00e-06 gnorm=1.89 159 smp/s
ep31 step56250/140100 loss=0.9627 acc=0.877 lr=2.00e-06 gnorm=2.55 159 smp/s
ep31 step56275/140100 loss=0.5783 acc=0.916 lr=2.00e-06 gnorm=2.44 159 smp/s
ep31 step56300/140100 loss=1.0206 acc=0.908 lr=2.00e-06 gnorm=3.52 159 smp/s
ep31 step56325/140100 loss=0.7577 acc=0.944 lr=2.00e-06 gnorm=2.32 159 smp/s
ep31 step56350/140100 loss=0.6794 acc=0.949 lr=2.00e-06 gnorm=2.33 159 smp/s
ep31 step56375/140100 loss=0.8235 acc=0.880 lr=2.00e-06 gnorm=1.54 159 smp/s
ep31 step56400/140100 loss=1.0963 acc=0.878 lr=2.00e-06 gnorm=2.71 159 smp/s
ep31 step56425/140100 loss=0.7584 acc=0.907 lr=2.00e-06 gnorm=2.24 159 smp/s
ep31 step56450/140100 loss=1.1900 acc=0.832 lr=2.00e-06 gnorm=4.73 159 smp/s
ep31 step56475/140100 loss=0.9072 acc=0.920 lr=2.00e-06 gnorm=1.67 159 smp/s
ep31 step56500/140100 loss=0.9318 acc=0.905 lr=2.00e-06 gnorm=3.24 159 smp/s
ep31 step56525/140100 loss=0.9677 acc=0.880 lr=2.00e-06 gnorm=1.90 159 smp/s
ep31 step56550/140100 loss=0.8776 acc=0.903 lr=2.00e-06 gnorm=4.42 159 smp/s
ep31 step56575/140100 loss=0.7460 acc=0.867 lr=2.00e-06 gnorm=2.19 159 smp/s
ep31 step56600/140100 loss=0.9765 acc=0.926 lr=2.00e-06 gnorm=2.43 159 smp/s
ep31 step56625/140100 loss=0.8769 acc=0.848 lr=2.00e-06 gnorm=2.63 159 smp/s
ep31 step56650/140100 loss=0.7330 acc=0.883 lr=2.00e-06 gnorm=4.00 159 smp/s
ep31 step56675/140100 loss=0.5560 acc=0.970 lr=2.00e-06 gnorm=2.87 159 smp/s
ep31 step56700/140100 loss=1.0256 acc=0.863 lr=2.00e-06 gnorm=1.97 159 smp/s
ep31 step56725/140100 loss=0.8484 acc=0.937 lr=2.00e-06 gnorm=1.71 159 smp/s
ep31 step56750/140100 loss=0.7088 acc=0.958 lr=2.00e-06 gnorm=2.56 159 smp/s
ep31 step56775/140100 loss=0.9467 acc=0.882 lr=2.00e-06 gnorm=5.09 159 smp/s
ep31 step56800/140100 loss=0.9897 acc=0.905 lr=2.00e-06 gnorm=1.84 159 smp/s
ep31 step56825/140100 loss=0.6596 acc=0.935 lr=2.00e-06 gnorm=2.41 159 smp/s
ep31 step56850/140100 loss=0.9265 acc=0.945 lr=2.00e-06 gnorm=2.78 159 smp/s
ep31 step56875/140100 loss=0.7555 acc=0.911 lr=2.00e-06 gnorm=2.54 159 smp/s
ep31 step56900/140100 loss=0.8361 acc=0.969 lr=2.00e-06 gnorm=3.30 159 smp/s
ep31 step56925/140100 loss=0.8942 acc=0.947 lr=2.00e-06 gnorm=2.19 159 smp/s
ep31 step56950/140100 loss=0.8422 acc=0.931 lr=2.00e-06 gnorm=1.91 159 smp/s
ep31 step56975/140100 loss=0.9934 acc=0.923 lr=2.00e-06 gnorm=5.36 159 smp/s
ep31 step57000/140100 loss=0.9295 acc=0.872 lr=2.00e-06 gnorm=2.04 159 smp/s
ep31 step57025/140100 loss=0.8893 acc=0.877 lr=2.00e-06 gnorm=2.88 159 smp/s
ep31 step57050/140100 loss=0.9657 acc=0.957 lr=2.00e-06 gnorm=1.85 159 smp/s
ep31 step57075/140100 loss=0.6327 acc=0.928 lr=2.00e-06 gnorm=2.22 159 smp/s
ep31 step57100/140100 loss=0.7724 acc=0.943 lr=2.00e-06 gnorm=1.97 159 smp/s
ep31 step57125/140100 loss=0.7617 acc=0.966 lr=2.00e-06 gnorm=3.04 159 smp/s
ep31 step57150/140100 loss=0.9035 acc=0.875 lr=2.00e-06 gnorm=2.30 159 smp/s
ep31 step57175/140100 loss=0.7894 acc=0.912 lr=2.00e-06 gnorm=1.57 159 smp/s
ep31 step57200/140100 loss=0.9402 acc=0.861 lr=2.00e-06 gnorm=2.70 159 smp/s
ep31 step57225/140100 loss=0.8938 acc=0.889 lr=2.00e-06 gnorm=2.21 159 smp/s
ep31 step57250/140100 loss=0.9383 acc=0.932 lr=2.00e-06 gnorm=2.00 159 smp/s
ep31 step57275/140100 loss=0.9684 acc=0.878 lr=2.00e-06 gnorm=1.93 159 smp/s
ep31 step57300/140100 loss=0.9390 acc=0.894 lr=2.00e-06 gnorm=1.52 159 smp/s
ep31 step57325/140100 loss=0.8729 acc=0.884 lr=2.00e-06 gnorm=2.38 159 smp/s
ep31 step57350/140100 loss=1.0789 acc=0.904 lr=2.00e-06 gnorm=1.59 159 smp/s
ep31 step57375/140100 loss=0.7892 acc=0.917 lr=2.00e-06 gnorm=3.39 159 smp/s
ep31 step57400/140100 loss=0.9264 acc=0.943 lr=2.00e-06 gnorm=1.91 159 smp/s
ep31 step57425/140100 loss=0.8338 acc=0.941 lr=2.00e-06 gnorm=1.45 159 smp/s
ep31 step57450/140100 loss=0.9735 acc=0.874 lr=2.00e-06 gnorm=3.05 159 smp/s
ep31 step57475/140100 loss=0.8912 acc=0.919 lr=2.00e-06 gnorm=1.97 159 smp/s
ep31 step57500/140100 loss=0.8125 acc=0.907 lr=2.00e-06 gnorm=1.96 159 smp/s
ep31 step57525/140100 loss=0.9306 acc=0.847 lr=2.00e-06 gnorm=4.44 159 smp/s
ep31 step57550/140100 loss=0.8338 acc=0.934 lr=2.00e-06 gnorm=2.01 159 smp/s
ep31 step57575/140100 loss=0.8557 acc=0.885 lr=2.00e-06 gnorm=4.92 159 smp/s
ep31 step57600/140100 loss=1.1167 acc=0.899 lr=2.00e-06 gnorm=1.62 159 smp/s
ep31 step57625/140100 loss=1.0275 acc=0.846 lr=2.00e-06 gnorm=1.86 159 smp/s
ep31 step57650/140100 loss=0.6272 acc=0.920 lr=2.00e-06 gnorm=1.98 159 smp/s
ep31 step57675/140100 loss=1.0275 acc=0.897 lr=2.00e-06 gnorm=3.70 159 smp/s
ep31 step57700/140100 loss=0.8936 acc=0.882 lr=2.00e-06 gnorm=3.80 159 smp/s
ep31 step57725/140100 loss=0.7519 acc=0.941 lr=2.00e-06 gnorm=2.41 159 smp/s
ep31 step57750/140100 loss=0.9354 acc=0.907 lr=2.00e-06 gnorm=2.58 159 smp/s
ep31 step57775/140100 loss=0.9291 acc=0.893 lr=2.00e-06 gnorm=2.09 159 smp/s
ep31 step57800/140100 loss=0.9632 acc=0.963 lr=2.00e-06 gnorm=3.11 159 smp/s
ep31 step57825/140100 loss=0.9071 acc=0.920 lr=2.00e-06 gnorm=2.54 159 smp/s
ep31 step57850/140100 loss=0.9094 acc=0.966 lr=2.00e-06 gnorm=2.74 159 smp/s
ep31 step57875/140100 loss=1.0840 acc=0.873 lr=2.00e-06 gnorm=2.06 159 smp/s
ep31 step57900/140100 loss=1.0033 acc=0.920 lr=2.00e-06 gnorm=2.00 159 smp/s
ep32 step57925/140100 loss=1.1107 acc=0.897 lr=2.00e-06 gnorm=1.92 159 smp/s
ep32 step57950/140100 loss=0.9368 acc=0.902 lr=2.00e-06 gnorm=1.88 159 smp/s
ep32 step57975/140100 loss=0.9996 acc=0.893 lr=2.00e-06 gnorm=2.06 159 smp/s
ep32 step58000/140100 loss=0.7252 acc=0.912 lr=2.00e-06 gnorm=4.27 159 smp/s
[eval @ 58000] WER=0.808 CER=0.401 SER=1.000 loss=0.728 content_acc=0.371 fill_rate=0.687 entropy=0.688 distinct=82
[eval @ 58000] iter32  WER=0.569 CER=0.208 SER=0.925 (mask-predict decode, n=200 clips)
   Full: ಸ ಾ ಂ ಸ ್ ೃ ೃ ಿ ಿ ಕ | ನ ಗ ರ ಿ | ಮ ೈ ಸ ೂ ರ ಿ ನ ಲ ್ ಲ ಿ | ಕ ೊ ರ ೋ ನ ಾ ಾ ಸ ೋ ಂ ಕ ು | | ಹ ೆ ಚ ್ ಚ ತ ್ ತ ಿ ಿ ು ು ವ | ಹ ಿ ನ ನ ನ ೆ ೆ ಯ ಲ ಲ ಲ ಲ ಿ | 
   Hyp : ಸಸಾಂಸ್ೃೃಿಿಕ ನಗರಿ ಮೈಸೂರಿನಲ್ಲಿ ಕೊರೋನಾಾಸೋಂಕು  ಹೆಚ್ಚತ್ತಿಿುುವ ಹಿನನನೆೆಯಲಲಲಲಿ ಇಂಿಿಿಿಂದಐ
   Ref : ಸಾಂಸ್ಕೃತಿಕ ನಗರಿ ಮೈಸೂರಿನಲ್ಲಿ ಕೊರೋನಾ ಸೋಂಕು ಹೆಚ್ಚುತ್ತಿರುವ ಹಿನ್ನೆಲೆಯಲ್ಲಿ ಇಂದಿನಿಂದ ಐದ
DEBUG:urllib3.connectionpool:Resetting dropped connection: api.wandb.ai
DEBUG:urllib3.connectionpool:https://api.wandb.ai:443 "POST /graphql HTTP/1.1" 200 60
ep32 step58025/140100 loss=1.0544 acc=0.889 lr=2.00e-06 gnorm=2.35 159 smp/s
ep32 step58050/140100 loss=0.8984 acc=0.903 lr=2.00e-06 gnorm=2.18 159 smp/s
ep32 step58075/140100 loss=1.0064 acc=0.875 lr=2.00e-06 gnorm=2.30 159 smp/s
ep32 step58100/140100 loss=0.7662 acc=0.964 lr=2.00e-06 gnorm=1.60 159 smp/s
ep32 step58125/140100 loss=0.9441 acc=0.910 lr=2.00e-06 gnorm=2.21 159 smp/s
ep32 step58150/140100 loss=0.9548 acc=0.908 lr=2.00e-06 gnorm=3.29 159 smp/s
ep32 step58175/140100 loss=0.8554 acc=0.929 lr=2.00e-06 gnorm=2.36 159 smp/s
ep32 step58200/140100 loss=0.9731 acc=0.922 lr=2.00e-06 gnorm=3.30 159 smp/s
ep32 step58225/140100 loss=1.0973 acc=0.853 lr=2.00e-06 gnorm=2.19 159 smp/s
ep32 step58250/140100 loss=0.7949 acc=0.907 lr=2.00e-06 gnorm=1.48 159 smp/s
ep32 step58275/140100 loss=1.0962 acc=0.896 lr=2.00e-06 gnorm=5.72 159 smp/s
ep32 step58300/140100 loss=0.9808 acc=0.858 lr=2.00e-06 gnorm=2.32 159 smp/s
ep32 step58325/140100 loss=1.0460 acc=0.906 lr=2.00e-06 gnorm=2.56 159 smp/s
ep32 step58350/140100 loss=0.7885 acc=0.927 lr=2.00e-06 gnorm=3.27 159 smp/s
ep32 step58375/140100 loss=0.8923 acc=0.934 lr=2.00e-06 gnorm=1.65 159 smp/s
ep32 step58400/140100 loss=1.0396 acc=0.913 lr=2.00e-06 gnorm=2.48 159 smp/s
ep32 step58425/140100 loss=1.0939 acc=0.876 lr=2.00e-06 gnorm=2.21 159 smp/s
ep32 step58450/140100 loss=0.7644 acc=0.935 lr=2.00e-06 gnorm=2.93 159 smp/s
ep32 step58475/140100 loss=0.8310 acc=0.886 lr=2.00e-06 gnorm=2.20 159 smp/s
ep32 step58500/140100 loss=1.1048 acc=0.887 lr=2.00e-06 gnorm=2.54 159 smp/s
ep32 step58525/140100 loss=0.9039 acc=0.880 lr=2.00e-06 gnorm=2.18 159 smp/s
ep32 step58550/140100 loss=1.1015 acc=0.850 lr=2.00e-06 gnorm=2.80 159 smp/s
ep32 step58575/140100 loss=0.8516 acc=0.947 lr=2.00e-06 gnorm=3.04 159 smp/s
ep32 step58600/140100 loss=0.9896 acc=0.874 lr=2.00e-06 gnorm=1.98 159 smp/s
ep32 step58625/140100 loss=0.9474 acc=0.887 lr=2.00e-06 gnorm=3.97 159 smp/s
ep32 step58650/140100 loss=1.1115 acc=0.888 lr=2.00e-06 gnorm=4.70 159 smp/s
ep32 step58675/140100 loss=1.1054 acc=0.846 lr=2.00e-06 gnorm=2.71 159 smp/s
ep32 step58700/140100 loss=1.0066 acc=0.920 lr=2.00e-06 gnorm=2.71 159 smp/s
ep32 step58725/140100 loss=0.9529 acc=0.893 lr=2.00e-06 gnorm=1.97 159 smp/s
ep32 step58750/140100 loss=0.9296 acc=0.893 lr=2.00e-06 gnorm=2.19 159 smp/s
ep32 step58775/140100 loss=1.0136 acc=0.936 lr=2.00e-06 gnorm=1.56 159 smp/s
ep32 step58800/140100 loss=0.8431 acc=0.942 lr=2.00e-06 gnorm=1.40 159 smp/s
ep32 step58825/140100 loss=0.8850 acc=0.883 lr=2.00e-06 gnorm=3.13 159 smp/s
ep32 step58850/140100 loss=1.0627 acc=0.877 lr=2.00e-06 gnorm=1.53 159 smp/s
ep32 step58875/140100 loss=0.7230 acc=0.937 lr=2.00e-06 gnorm=3.27 159 smp/s
ep32 step58900/140100 loss=0.8629 acc=0.933 lr=2.00e-06 gnorm=2.34 159 smp/s
ep32 step58925/140100 loss=0.8297 acc=0.917 lr=2.00e-06 gnorm=4.41 159 smp/s
ep32 step58950/140100 loss=1.0157 acc=0.876 lr=2.00e-06 gnorm=1.84 159 smp/s
ep32 step58975/140100 loss=0.6842 acc=0.886 lr=2.00e-06 gnorm=2.15 159 smp/s
ep32 step59000/140100 loss=0.9079 acc=0.865 lr=2.00e-06 gnorm=2.37 159 smp/s
ep32 step59025/140100 loss=1.0171 acc=0.903 lr=2.00e-06 gnorm=2.88 159 smp/s
ep32 step59050/140100 loss=0.8952 acc=0.894 lr=2.00e-06 gnorm=4.48 159 smp/s
ep32 step59075/140100 loss=0.7992 acc=0.958 lr=2.00e-06 gnorm=1.87 159 smp/s
ep32 step59100/140100 loss=0.7518 acc=0.931 lr=2.00e-06 gnorm=2.00 159 smp/s
ep32 step59125/140100 loss=0.9493 acc=0.930 lr=2.00e-06 gnorm=1.55 159 smp/s
ep32 step59150/140100 loss=0.8943 acc=0.895 lr=2.00e-06 gnorm=2.16 159 smp/s
ep32 step59175/140100 loss=0.8967 acc=0.909 lr=2.00e-06 gnorm=3.87 159 smp/s
ep32 step59200/140100 loss=0.8767 acc=0.889 lr=2.00e-06 gnorm=1.73 159 smp/s
ep32 step59225/140100 loss=1.0822 acc=0.896 lr=2.00e-06 gnorm=2.02 159 smp/s
ep32 step59250/140100 loss=0.7910 acc=0.944 lr=2.00e-06 gnorm=2.53 159 smp/s
ep32 step59275/140100 loss=0.9972 acc=0.898 lr=2.00e-06 gnorm=1.66 159 smp/s
ep32 step59300/140100 loss=0.9871 acc=0.919 lr=2.00e-06 gnorm=2.08 159 smp/s
ep32 step59325/140100 loss=1.1559 acc=0.880 lr=2.00e-06 gnorm=2.72 159 smp/s
ep32 step59350/140100 loss=0.5305 acc=0.940 lr=2.00e-06 gnorm=1.83 159 smp/s
ep32 step59375/140100 loss=0.9292 acc=0.883 lr=2.00e-06 gnorm=1.57 159 smp/s
ep32 step59400/140100 loss=0.8707 acc=0.898 lr=2.00e-06 gnorm=1.49 159 smp/s
ep32 step59425/140100 loss=1.0157 acc=0.924 lr=2.00e-06 gnorm=4.16 159 smp/s
ep32 step59450/140100 loss=0.7663 acc=0.918 lr=2.00e-06 gnorm=1.74 159 smp/s
ep32 step59475/140100 loss=0.7125 acc=0.876 lr=2.00e-06 gnorm=3.00 159 smp/s
ep32 step59500/140100 loss=1.0649 acc=0.883 lr=2.00e-06 gnorm=5.31 159 smp/s
ep32 step59525/140100 loss=0.8639 acc=0.869 lr=2.00e-06 gnorm=2.16 159 smp/s
ep32 step59550/140100 loss=1.1594 acc=0.849 lr=2.00e-06 gnorm=2.14 159 smp/s
ep32 step59575/140100 loss=0.8789 acc=0.903 lr=2.00e-06 gnorm=2.06 159 smp/s
ep32 step59600/140100 loss=0.8060 acc=0.928 lr=2.00e-06 gnorm=2.85 159 smp/s
ep32 step59625/140100 loss=0.7265 acc=0.912 lr=2.00e-06 gnorm=2.32 159 smp/s
ep32 step59650/140100 loss=0.9574 acc=0.902 lr=2.00e-06 gnorm=2.51 159 smp/s
ep32 step59675/140100 loss=0.7787 acc=0.918 lr=2.00e-06 gnorm=4.31 159 smp/s
ep32 step59700/140100 loss=0.6474 acc=0.951 lr=2.00e-06 gnorm=3.79 159 smp/s
ep32 step59725/140100 loss=0.8249 acc=0.926 lr=2.00e-06 gnorm=1.40 159 smp/s
ep32 step59750/140100 loss=0.8881 acc=0.889 lr=2.00e-06 gnorm=3.30 159 smp/s
ep32 step59775/140100 loss=1.0953 acc=0.849 lr=2.00e-06 gnorm=2.78 159 smp/s
ep33 step59800/140100 loss=0.9496 acc=0.884 lr=2.00e-06 gnorm=2.10 159 smp/s
ep33 step59825/140100 loss=1.0219 acc=0.936 lr=2.00e-06 gnorm=1.96 159 smp/s
ep33 step59850/140100 loss=1.0007 acc=0.894 lr=2.00e-06 gnorm=4.16 159 smp/s
ep33 step59875/140100 loss=0.9568 acc=0.929 lr=2.00e-06 gnorm=3.13 159 smp/s
ep33 step59900/140100 loss=0.9227 acc=0.890 lr=2.00e-06 gnorm=2.33 159 smp/s
ep33 step59925/140100 loss=0.7878 acc=0.951 lr=2.00e-06 gnorm=2.07 159 smp/s
ep33 step59950/140100 loss=1.0397 acc=0.926 lr=2.00e-06 gnorm=3.79 159 smp/s
ep33 step59975/140100 loss=1.0138 acc=0.926 lr=2.00e-06 gnorm=2.27 159 smp/s
ep33 step60000/140100 loss=1.2078 acc=0.893 lr=2.00e-06 gnorm=1.55 159 smp/s
[eval @ 60000] WER=0.810 CER=0.402 SER=1.000 loss=0.759 content_acc=0.342 fill_rate=0.686 entropy=0.672 distinct=82
[eval @ 60000] iter32  WER=0.564 CER=0.207 SER=0.940 (mask-predict decode, n=200 clips)
   Full: ಸ ಾ ಂ ಸ ್ ೃ ೃ ಿ ಿ ಕ | ನ ಗ ರ ಿ | ಮ ೈ ಸ ೂ ರ ಿ ನ ಲ ್ ಲ ಿ | ಕ ೊ ರ ೋ ನ ಾ ಾ ಸ ೋ ಂ ಕ ು ು | ಹ ೆ ಚ ಚ ಚ ತ ್ ತ ಿ ಿ ರ ು ವ | ಹ ಿ ನ ್ ನ ೆ ೆ ೆ ಲ ಲ ್ ಲ ಿ | 
   Hyp : ಸಸಾಂಸ್ೃೃಿಿಕ ನಗರಿ ಮೈಸೂರಿನಲ್ಲಿ ಕೊರೋನಾಾಸೋಂಕುು ಹೆಚಚಚತ್ತಿಿರುವ ಹಿನ್ನೆೆೆಲಲ್ಲಿ ಇಂದಿನಿಂದ 
   Ref : ಸಾಂಸ್ಕೃತಿಕ ನಗರಿ ಮೈಸೂರಿನಲ್ಲಿ ಕೊರೋನಾ ಸೋಂಕು ಹೆಚ್ಚುತ್ತಿರುವ ಹಿನ್ನೆಲೆಯಲ್ಲಿ ಇಂದಿನಿಂದ ಐದ
DEBUG:urllib3.connectionpool:Resetting dropped connection: api.wandb.ai
DEBUG:urllib3.connectionpool:https://api.wandb.ai:443 "POST /graphql HTTP/1.1" 200 60
ep33 step60025/140100 loss=0.5619 acc=0.933 lr=2.00e-06 gnorm=2.03 159 smp/s
ep33 step60050/140100 loss=0.7543 acc=0.961 lr=2.00e-06 gnorm=1.97 159 smp/s
ep33 step60075/140100 loss=0.7869 acc=0.949 lr=2.00e-06 gnorm=1.81 159 smp/s
ep33 step60100/140100 loss=0.7931 acc=0.915 lr=2.00e-06 gnorm=2.59 159 smp/s
ep33 step60125/140100 loss=0.8390 acc=0.890 lr=2.00e-06 gnorm=3.23 159 smp/s
ep33 step60150/140100 loss=0.9743 acc=0.892 lr=2.00e-06 gnorm=1.74 159 smp/s
ep33 step60175/140100 loss=0.6358 acc=0.957 lr=2.00e-06 gnorm=2.07 159 smp/s
ep33 step60200/140100 loss=0.7408 acc=0.922 lr=2.00e-06 gnorm=2.32 159 smp/s
ep33 step60225/140100 loss=0.9369 acc=0.965 lr=2.00e-06 gnorm=3.52 159 smp/s
ep33 step60250/140100 loss=0.6330 acc=0.933 lr=2.00e-06 gnorm=3.13 159 smp/s
ep33 step60275/140100 loss=1.0246 acc=0.889 lr=2.00e-06 gnorm=2.24 159 smp/s
ep33 step60300/140100 loss=0.9177 acc=0.929 lr=2.00e-06 gnorm=1.98 159 smp/s
ep33 step60325/140100 loss=0.9554 acc=0.870 lr=2.00e-06 gnorm=3.13 159 smp/s
ep33 step60350/140100 loss=1.0005 acc=0.940 lr=2.00e-06 gnorm=3.05 159 smp/s
ep33 step60375/140100 loss=1.1183 acc=0.847 lr=2.00e-06 gnorm=3.79 159 smp/s
ep33 step60400/140100 loss=0.9510 acc=0.869 lr=2.00e-06 gnorm=2.49 159 smp/s
ep33 step60425/140100 loss=0.8666 acc=0.946 lr=2.00e-06 gnorm=2.61 159 smp/s
ep33 step60450/140100 loss=0.7065 acc=0.929 lr=2.00e-06 gnorm=2.48 159 smp/s
ep33 step60475/140100 loss=1.1388 acc=0.929 lr=2.00e-06 gnorm=1.84 159 smp/s
ep33 step60500/140100 loss=0.9296 acc=0.878 lr=2.00e-06 gnorm=1.64 159 smp/s
ep33 step60525/140100 loss=0.9016 acc=0.944 lr=2.00e-06 gnorm=2.45 159 smp/s
ep33 step60550/140100 loss=0.9312 acc=0.912 lr=2.00e-06 gnorm=3.72 159 smp/s
ep33 step60575/140100 loss=1.0058 acc=0.943 lr=2.00e-06 gnorm=1.87 159 smp/s
ep33 step60600/140100 loss=0.8507 acc=0.919 lr=2.00e-06 gnorm=2.41 159 smp/s
ep33 step60625/140100 loss=0.8216 acc=0.925 lr=2.00e-06 gnorm=2.53 159 smp/s
ep33 step60650/140100 loss=0.9005 acc=0.888 lr=2.00e-06 gnorm=2.10 159 smp/s
ep33 step60675/140100 loss=0.7489 acc=0.937 lr=2.00e-06 gnorm=1.98 159 smp/s
ep33 step60700/140100 loss=1.0141 acc=0.929 lr=2.00e-06 gnorm=2.55 159 smp/s
ep33 step60725/140100 loss=1.0588 acc=0.922 lr=2.00e-06 gnorm=5.59 159 smp/s
ep33 step60750/140100 loss=0.8510 acc=0.883 lr=2.00e-06 gnorm=2.08 159 smp/s
ep33 step60775/140100 loss=1.0289 acc=0.872 lr=2.00e-06 gnorm=2.12 159 smp/s
ep33 step60800/140100 loss=0.9754 acc=0.912 lr=2.00e-06 gnorm=4.66 159 smp/s
ep33 step60825/140100 loss=1.0162 acc=0.916 lr=2.00e-06 gnorm=1.75 159 smp/s
ep33 step60850/140100 loss=1.0954 acc=0.889 lr=2.00e-06 gnorm=1.95 159 smp/s
ep33 step60875/140100 loss=0.6382 acc=0.918 lr=2.00e-06 gnorm=3.35 159 smp/s
ep33 step60900/140100 loss=0.6940 acc=0.921 lr=2.00e-06 gnorm=3.09 159 smp/s
ep33 step60925/140100 loss=0.6706 acc=0.959 lr=2.00e-06 gnorm=3.08 159 smp/s
ep33 step60950/140100 loss=0.9548 acc=0.907 lr=2.00e-06 gnorm=3.75 159 smp/s
ep33 step60975/140100 loss=0.8856 acc=0.879 lr=2.00e-06 gnorm=2.95 159 smp/s
ep33 step61000/140100 loss=0.8646 acc=0.957 lr=2.00e-06 gnorm=1.57 159 smp/s
ep33 step61025/140100 loss=0.7798 acc=0.917 lr=2.00e-06 gnorm=2.47 159 smp/s
ep33 step61050/140100 loss=0.9897 acc=0.904 lr=2.00e-06 gnorm=3.28 159 smp/s
ep33 step61075/140100 loss=0.9704 acc=0.899 lr=2.00e-06 gnorm=5.62 159 smp/s
ep33 step61100/140100 loss=1.1595 acc=0.869 lr=2.00e-06 gnorm=1.74 159 smp/s
ep33 step61125/140100 loss=0.8255 acc=0.918 lr=2.00e-06 gnorm=4.16 159 smp/s
ep33 step61150/140100 loss=0.8306 acc=0.913 lr=2.00e-06 gnorm=3.13 159 smp/s
ep33 step61175/140100 loss=0.9120 acc=0.880 lr=2.00e-06 gnorm=2.63 159 smp/s
ep33 step61200/140100 loss=0.8289 acc=0.931 lr=2.00e-06 gnorm=2.57 159 smp/s
ep33 step61225/140100 loss=0.9982 acc=0.970 lr=2.00e-06 gnorm=3.15 159 smp/s
ep33 step61250/140100 loss=0.7049 acc=0.927 lr=2.00e-06 gnorm=1.62 159 smp/s
ep33 step61275/140100 loss=0.8516 acc=0.928 lr=2.00e-06 gnorm=1.79 159 smp/s
ep33 step61300/140100 loss=0.9270 acc=0.925 lr=2.00e-06 gnorm=2.49 159 smp/s
ep33 step61325/140100 loss=0.9220 acc=0.875 lr=2.00e-06 gnorm=2.52 159 smp/s
ep33 step61350/140100 loss=0.9683 acc=0.889 lr=2.00e-06 gnorm=2.20 159 smp/s
ep33 step61375/140100 loss=1.2687 acc=0.916 lr=2.00e-06 gnorm=1.70 159 smp/s
ep33 step61400/140100 loss=1.0479 acc=0.944 lr=2.00e-06 gnorm=1.94 159 smp/s
ep33 step61425/140100 loss=0.7492 acc=0.943 lr=2.00e-06 gnorm=1.83 159 smp/s
ep33 step61450/140100 loss=0.7525 acc=0.901 lr=2.00e-06 gnorm=2.12 159 smp/s
ep33 step61475/140100 loss=0.9842 acc=0.889 lr=2.00e-06 gnorm=2.63 159 smp/s
ep33 step61500/140100 loss=0.8438 acc=0.919 lr=2.00e-06 gnorm=2.09 159 smp/s
ep33 step61525/140100 loss=0.9624 acc=0.877 lr=2.00e-06 gnorm=2.18 159 smp/s
ep33 step61550/140100 loss=0.7869 acc=0.904 lr=2.00e-06 gnorm=2.99 159 smp/s
ep33 step61575/140100 loss=0.9120 acc=0.890 lr=2.00e-06 gnorm=3.21 159 smp/s
ep33 step61600/140100 loss=1.0531 acc=0.908 lr=2.00e-06 gnorm=1.87 159 smp/s
ep33 step61625/140100 loss=0.9187 acc=0.894 lr=2.00e-06 gnorm=2.00 159 smp/s
ep34 step61650/140100 loss=1.1447 acc=0.914 lr=2.00e-06 gnorm=1.81 159 smp/s
ep34 step61675/140100 loss=1.1122 acc=0.915 lr=2.00e-06 gnorm=2.35 159 smp/s
ep34 step61700/140100 loss=0.7748 acc=0.888 lr=2.00e-06 gnorm=3.63 159 smp/s
ep34 step61725/140100 loss=0.8158 acc=0.920 lr=2.00e-06 gnorm=1.62 159 smp/s
ep34 step61750/140100 loss=0.7557 acc=0.915 lr=2.00e-06 gnorm=2.14 159 smp/s
ep34 step61775/140100 loss=0.8778 acc=0.978 lr=2.00e-06 gnorm=1.89 159 smp/s
ep34 step61800/140100 loss=0.9526 acc=0.880 lr=2.00e-06 gnorm=1.90 159 smp/s
ep34 step61825/140100 loss=0.7849 acc=0.931 lr=2.00e-06 gnorm=2.97 159 smp/s
ep34 step61850/140100 loss=0.8687 acc=0.897 lr=2.00e-06 gnorm=2.49 159 smp/s
ep34 step61875/140100 loss=0.8025 acc=0.944 lr=2.00e-06 gnorm=2.51 159 smp/s
ep34 step61900/140100 loss=0.7138 acc=0.955 lr=2.00e-06 gnorm=2.05 159 smp/s
ep34 step61925/140100 loss=1.1588 acc=0.851 lr=2.00e-06 gnorm=2.14 159 smp/s
ep34 step61950/140100 loss=0.9158 acc=0.885 lr=2.00e-06 gnorm=3.08 159 smp/s
ep34 step61975/140100 loss=0.7243 acc=0.932 lr=2.00e-06 gnorm=2.30 159 smp/s
ep34 step62000/140100 loss=1.1215 acc=0.854 lr=2.00e-06 gnorm=2.39 159 smp/s
[eval @ 62000] WER=0.807 CER=0.400 SER=1.000 loss=0.727 content_acc=0.367 fill_rate=0.687 entropy=0.660 distinct=82
[eval @ 62000] iter32  WER=0.560 CER=0.204 SER=0.930 (mask-predict decode, n=200 clips)
   Full: ಸ ಾ ಂ ಸ ್ ೃ ೃ ಿ ಿ ಕ | ನ ಗ ರ ಿ | ಮ ೈ ಸ ೂ ರ ಿ ನ ಲ ್ ಲ ಿ | ಕ ೊ ರ ೋ ನ ಾ ಾ ಸ ೋ ಂ ಕ ು ು | ಹ ೆ ಚ ್ ಚ ತ ್ ತ ಿ ಿ ರ ು ವ | ಹ ಿ ನ ನ ನ ೆ ೆ ಯ ಲ ಲ ್ ಲ ಿ | 
   Hyp : ಸಸಾಂಸ್ೃೃಿಿಕ ನಗರಿ ಮೈಸೂರಿನಲ್ಲಿ ಕೊರೋನಾಾಸೋಂಕುು ಹೆಚ್ಚತ್ತಿಿರುವ ಹಿನನನೆೆಯಲಲ್ಲಿ ಇಂದಿನಿಂದ 
   Ref : ಸಾಂಸ್ಕೃತಿಕ ನಗರಿ ಮೈಸೂರಿನಲ್ಲಿ ಕೊರೋನಾ ಸೋಂಕು ಹೆಚ್ಚುತ್ತಿರುವ ಹಿನ್ನೆಲೆಯಲ್ಲಿ ಇಂದಿನಿಂದ ಐದ
DEBUG:urllib3.connectionpool:Resetting dropped connection: api.wandb.ai
DEBUG:urllib3.connectionpool:https://api.wandb.ai:443 "POST /graphql HTTP/1.1" 200 60
   ** new best eval/iter_WER=0.5596 -> best.pt
ep34 step62025/140100 loss=1.0457 acc=0.865 lr=2.00e-06 gnorm=2.09 159 smp/s
ep34 step62050/140100 loss=1.2436 acc=0.857 lr=2.00e-06 gnorm=2.09 159 smp/s
ep34 step62075/140100 loss=0.7276 acc=0.923 lr=2.00e-06 gnorm=2.51 159 smp/s
ep34 step62100/140100 loss=0.9248 acc=0.903 lr=2.00e-06 gnorm=2.51 159 smp/s
ep34 step62125/140100 loss=0.7826 acc=0.905 lr=2.00e-06 gnorm=2.83 159 smp/s
ep34 step62150/140100 loss=0.9435 acc=0.951 lr=2.00e-06 gnorm=1.96 159 smp/s
ep34 step62175/140100 loss=0.8543 acc=0.893 lr=2.00e-06 gnorm=4.77 159 smp/s
ep34 step62200/140100 loss=0.9905 acc=0.867 lr=2.00e-06 gnorm=1.38 159 smp/s
ep34 step62225/140100 loss=0.8259 acc=0.935 lr=2.00e-06 gnorm=1.92 159 smp/s
ep34 step62250/140100 loss=0.8620 acc=0.917 lr=2.00e-06 gnorm=2.25 159 smp/s
ep34 step62275/140100 loss=0.9917 acc=0.934 lr=2.00e-06 gnorm=1.85 159 smp/s
ep34 step62300/140100 loss=0.9216 acc=0.884 lr=2.00e-06 gnorm=1.77 159 smp/s
ep34 step62325/140100 loss=0.9130 acc=0.889 lr=2.00e-06 gnorm=1.72 159 smp/s
ep34 step62350/140100 loss=0.8826 acc=0.914 lr=2.00e-06 gnorm=1.84 159 smp/s
ep34 step62375/140100 loss=0.8238 acc=0.917 lr=2.00e-06 gnorm=4.59 159 smp/s
ep34 step62400/140100 loss=0.8645 acc=0.907 lr=2.00e-06 gnorm=2.89 159 smp/s
ep34 step62425/140100 loss=1.0400 acc=0.845 lr=2.00e-06 gnorm=2.10 159 smp/s
ep34 step62450/140100 loss=0.8902 acc=0.914 lr=2.00e-06 gnorm=3.42 159 smp/s
ep34 step62475/140100 loss=0.9123 acc=0.942 lr=2.00e-06 gnorm=2.73 159 smp/s
ep34 step62500/140100 loss=1.1136 acc=0.863 lr=2.00e-06 gnorm=1.74 159 smp/s
ep34 step62525/140100 loss=1.0509 acc=0.909 lr=2.00e-06 gnorm=1.78 159 smp/s
ep34 step62550/140100 loss=1.0548 acc=0.850 lr=2.00e-06 gnorm=4.14 159 smp/s
ep34 step62575/140100 loss=0.7997 acc=0.971 lr=2.00e-06 gnorm=2.23 159 smp/s
ep34 step62600/140100 loss=0.8275 acc=0.933 lr=2.00e-06 gnorm=1.81 159 smp/s
ep34 step62625/140100 loss=0.8590 acc=0.921 lr=2.00e-06 gnorm=3.01 159 smp/s
ep34 step62650/140100 loss=0.9931 acc=0.860 lr=2.00e-06 gnorm=2.04 159 smp/s
ep34 step62675/140100 loss=0.8135 acc=0.937 lr=2.00e-06 gnorm=1.98 159 smp/s
ep34 step62700/140100 loss=0.5077 acc=0.938 lr=2.00e-06 gnorm=3.04 159 smp/s
ep34 step62725/140100 loss=0.7673 acc=0.906 lr=2.00e-06 gnorm=3.32 159 smp/s
ep34 step62750/140100 loss=0.9302 acc=0.869 lr=2.00e-06 gnorm=2.04 159 smp/s
ep34 step62775/140100 loss=0.6575 acc=0.979 lr=2.00e-06 gnorm=3.26 159 smp/s
ep34 step62800/140100 loss=0.6887 acc=0.962 lr=2.00e-06 gnorm=1.78 159 smp/s
ep34 step62825/140100 loss=0.7342 acc=0.895 lr=2.00e-06 gnorm=1.95 159 smp/s
ep34 step62850/140100 loss=0.8801 acc=0.906 lr=2.00e-06 gnorm=2.16 159 smp/s
ep34 step62875/140100 loss=1.0924 acc=0.869 lr=2.00e-06 gnorm=2.70 159 smp/s
ep34 step62900/140100 loss=0.8561 acc=0.869 lr=2.00e-06 gnorm=5.08 159 smp/s
ep34 step62925/140100 loss=1.0541 acc=0.949 lr=2.00e-06 gnorm=1.50 159 smp/s
ep34 step62950/140100 loss=0.8569 acc=0.923 lr=2.00e-06 gnorm=1.78 159 smp/s
ep34 step62975/140100 loss=1.0887 acc=0.936 lr=2.00e-06 gnorm=1.87 159 smp/s
ep34 step63000/140100 loss=0.7393 acc=0.957 lr=2.00e-06 gnorm=2.00 159 smp/s
ep34 step63025/140100 loss=0.7406 acc=0.915 lr=2.00e-06 gnorm=2.11 159 smp/s
ep34 step63050/140100 loss=0.7745 acc=0.928 lr=2.00e-06 gnorm=3.46 159 smp/s
ep34 step63075/140100 loss=1.1249 acc=0.877 lr=2.00e-06 gnorm=2.46 159 smp/s
ep34 step63100/140100 loss=1.0709 acc=0.856 lr=2.00e-06 gnorm=1.91 159 smp/s
ep34 step63125/140100 loss=0.8301 acc=0.879 lr=2.00e-06 gnorm=2.22 159 smp/s
ep34 step63150/140100 loss=0.6528 acc=0.947 lr=2.00e-06 gnorm=2.52 159 smp/s
ep34 step63175/140100 loss=0.7239 acc=0.931 lr=2.00e-06 gnorm=3.62 159 smp/s
ep34 step63200/140100 loss=0.7689 acc=0.886 lr=2.00e-06 gnorm=2.82 159 smp/s
ep34 step63225/140100 loss=0.8514 acc=0.900 lr=2.00e-06 gnorm=2.33 159 smp/s
ep34 step63250/140100 loss=0.9003 acc=0.872 lr=2.00e-06 gnorm=2.82 159 smp/s
ep34 step63275/140100 loss=0.7331 acc=0.961 lr=2.00e-06 gnorm=5.83 159 smp/s
ep34 step63300/140100 loss=0.8907 acc=0.916 lr=2.00e-06 gnorm=2.17 159 smp/s
ep34 step63325/140100 loss=0.9102 acc=0.948 lr=2.00e-06 gnorm=3.06 159 smp/s
ep34 step63350/140100 loss=0.8102 acc=0.895 lr=2.00e-06 gnorm=2.18 159 smp/s
ep34 step63375/140100 loss=0.7663 acc=0.959 lr=2.00e-06 gnorm=2.29 159 smp/s
ep34 step63400/140100 loss=1.1940 acc=0.860 lr=2.00e-06 gnorm=2.27 159 smp/s
ep34 step63425/140100 loss=1.1114 acc=0.922 lr=2.00e-06 gnorm=3.43 159 smp/s
ep34 step63450/140100 loss=0.6492 acc=0.941 lr=2.00e-06 gnorm=3.04 159 smp/s
ep34 step63475/140100 loss=0.9947 acc=0.867 lr=2.00e-06 gnorm=1.86 159 smp/s
ep34 step63500/140100 loss=0.7651 acc=0.896 lr=2.00e-06 gnorm=2.67 159 smp/s
ep35 step63525/140100 loss=0.7187 acc=0.931 lr=2.00e-06 gnorm=1.51 159 smp/s
ep35 step63550/140100 loss=1.0897 acc=0.896 lr=2.00e-06 gnorm=1.71 159 smp/s
ep35 step63575/140100 loss=1.2307 acc=0.936 lr=2.00e-06 gnorm=2.67 159 smp/s
ep35 step63600/140100 loss=1.1608 acc=0.932 lr=2.00e-06 gnorm=2.20 159 smp/s
ep35 step63625/140100 loss=1.0570 acc=0.882 lr=2.00e-06 gnorm=1.62 159 smp/s
ep35 step63650/140100 loss=0.7139 acc=0.945 lr=2.00e-06 gnorm=2.23 159 smp/s
ep35 step63675/140100 loss=1.2035 acc=0.869 lr=2.00e-06 gnorm=4.15 159 smp/s
ep35 step63700/140100 loss=0.9040 acc=0.922 lr=2.00e-06 gnorm=3.13 159 smp/s
ep35 step63725/140100 loss=0.9785 acc=0.867 lr=2.00e-06 gnorm=2.53 159 smp/s
ep35 step63750/140100 loss=0.8514 acc=0.904 lr=2.00e-06 gnorm=5.25 159 smp/s
ep35 step63775/140100 loss=0.8190 acc=0.884 lr=2.00e-06 gnorm=4.25 159 smp/s
ep35 step63800/140100 loss=0.8795 acc=0.910 lr=2.00e-06 gnorm=3.22 159 smp/s
ep35 step63825/140100 loss=0.7329 acc=0.878 lr=2.00e-06 gnorm=3.11 159 smp/s
ep35 step63850/140100 loss=0.9055 acc=0.919 lr=2.00e-06 gnorm=2.61 159 smp/s
ep35 step63875/140100 loss=0.9253 acc=0.850 lr=2.00e-06 gnorm=3.93 159 smp/s
ep35 step63900/140100 loss=0.8041 acc=0.921 lr=2.00e-06 gnorm=2.48 159 smp/s
ep35 step63925/140100 loss=0.7545 acc=0.927 lr=2.00e-06 gnorm=1.60 159 smp/s
ep35 step63950/140100 loss=0.7133 acc=0.963 lr=2.00e-06 gnorm=2.71 159 smp/s
ep35 step63975/140100 loss=1.2131 acc=0.800 lr=2.00e-06 gnorm=2.42 159 smp/s
ep35 step64000/140100 loss=1.1857 acc=0.895 lr=2.00e-06 gnorm=1.85 159 smp/s
[eval @ 64000] WER=0.811 CER=0.404 SER=1.000 loss=0.734 content_acc=0.357 fill_rate=0.687 entropy=0.678 distinct=82
[eval @ 64000] iter32  WER=0.562 CER=0.206 SER=0.930 (mask-predict decode, n=200 clips)
   Full: ಸ ಾ ಂ ಸ ್ ಕ ೃ ೃ ಿ ಕ | ನ ಗ ರ ಿ | ಮ ೈ ಸ ೂ ರ ಿ ನ ಲ ್ ಲ ಿ | ಕ ೊ ರ ರ ನ ಾ | | ೋ ಂ ಕ ು | | ಹ ೆ ಚ ಚ ಚ ತ ್ ತ ಿ ಿ ರ ು ವ | ಹ ಿ ನ ್ ನ ೆ ೆ ೆ ಲ ಲ ್ ಲ ಿ | 
   Hyp : ಸಸಾಂಸ್ಕೃೃಿಕ ನಗರಿ ಮೈಸೂರಿನಲ್ಲಿ ಕೊರರನಾ  ೋಂಕು  ಹೆಚಚಚತ್ತಿಿರುವ ಹಿನ್ನೆೆೆಲಲ್ಲಿ ಇಂದಿನಿಂದ 
   Ref : ಸಾಂಸ್ಕೃತಿಕ ನಗರಿ ಮೈಸೂರಿನಲ್ಲಿ ಕೊರೋನಾ ಸೋಂಕು ಹೆಚ್ಚುತ್ತಿರುವ ಹಿನ್ನೆಲೆಯಲ್ಲಿ ಇಂದಿನಿಂದ ಐದ
DEBUG:urllib3.connectionpool:Resetting dropped connection: api.wandb.ai
DEBUG:urllib3.connectionpool:https://api.wandb.ai:443 "POST /graphql HTTP/1.1" 200 60
ep35 step64025/140100 loss=1.0498 acc=0.910 lr=2.00e-06 gnorm=5.53 159 smp/s
ep35 step64050/140100 loss=0.7217 acc=0.922 lr=2.00e-06 gnorm=1.65 159 smp/s
ep35 step64075/140100 loss=1.2155 acc=0.899 lr=2.00e-06 gnorm=3.66 159 smp/s
ep35 step64100/140100 loss=1.3096 acc=0.824 lr=2.00e-06 gnorm=3.94 159 smp/s
ep35 step64125/140100 loss=0.7221 acc=0.893 lr=2.00e-06 gnorm=1.57 159 smp/s
ep35 step64150/140100 loss=0.8846 acc=0.929 lr=2.00e-06 gnorm=1.75 159 smp/s
ep35 step64175/140100 loss=0.6877 acc=0.946 lr=2.00e-06 gnorm=2.32 159 smp/s
ep35 step64200/140100 loss=0.8900 acc=0.901 lr=2.00e-06 gnorm=2.33 159 smp/s
ep35 step64225/140100 loss=0.8414 acc=0.947 lr=2.00e-06 gnorm=4.00 159 smp/s
ep35 step64250/140100 loss=1.0625 acc=0.859 lr=2.00e-06 gnorm=2.02 159 smp/s
ep35 step64275/140100 loss=1.0053 acc=0.887 lr=2.00e-06 gnorm=4.40 159 smp/s
ep35 step64300/140100 loss=0.9415 acc=0.855 lr=2.00e-06 gnorm=4.47 159 smp/s
ep35 step64325/140100 loss=0.7527 acc=0.956 lr=2.00e-06 gnorm=5.39 159 smp/s
ep35 step64350/140100 loss=1.0411 acc=0.882 lr=2.00e-06 gnorm=2.41 159 smp/s
ep35 step64375/140100 loss=0.9246 acc=0.948 lr=2.00e-06 gnorm=1.82 159 smp/s
ep35 step64400/140100 loss=1.0997 acc=0.873 lr=2.00e-06 gnorm=2.03 159 smp/s
ep35 step64425/140100 loss=0.9936 acc=0.913 lr=2.00e-06 gnorm=3.22 159 smp/s
ep35 step64450/140100 loss=0.7624 acc=0.945 lr=2.00e-06 gnorm=2.48 159 smp/s
ep35 step64475/140100 loss=0.7317 acc=0.904 lr=2.00e-06 gnorm=2.10 159 smp/s
ep35 step64500/140100 loss=1.0055 acc=0.869 lr=2.00e-06 gnorm=2.81 159 smp/s
ep35 step64525/140100 loss=1.2643 acc=0.890 lr=2.00e-06 gnorm=4.40 159 smp/s
ep35 step64550/140100 loss=0.8569 acc=0.885 lr=2.00e-06 gnorm=1.71 159 smp/s
ep35 step64575/140100 loss=0.9294 acc=0.964 lr=2.00e-06 gnorm=1.71 159 smp/s
ep35 step64600/140100 loss=1.0620 acc=0.845 lr=2.00e-06 gnorm=2.01 159 smp/s
ep35 step64625/140100 loss=0.8416 acc=0.919 lr=2.00e-06 gnorm=1.71 159 smp/s
ep35 step64650/140100 loss=0.8155 acc=0.895 lr=2.00e-06 gnorm=1.98 159 smp/s
ep35 step64675/140100 loss=1.0481 acc=0.849 lr=2.00e-06 gnorm=4.64 159 smp/s
ep35 step64700/140100 loss=0.9580 acc=0.916 lr=2.00e-06 gnorm=2.48 159 smp/s
ep35 step64725/140100 loss=0.7650 acc=0.904 lr=2.00e-06 gnorm=2.84 159 smp/s
ep35 step64750/140100 loss=0.7061 acc=0.915 lr=2.00e-06 gnorm=1.94 159 smp/s
ep35 step64775/140100 loss=0.6677 acc=0.923 lr=2.00e-06 gnorm=2.27 159 smp/s
ep35 step64800/140100 loss=0.8323 acc=0.915 lr=2.00e-06 gnorm=2.37 159 smp/s
ep35 step64825/140100 loss=0.8565 acc=0.917 lr=2.00e-06 gnorm=4.53 159 smp/s
ep35 step64850/140100 loss=0.8160 acc=0.902 lr=2.00e-06 gnorm=2.29 159 smp/s
ep35 step64875/140100 loss=0.7689 acc=0.939 lr=2.00e-06 gnorm=1.81 159 smp/s
ep35 step64900/140100 loss=1.1746 acc=0.853 lr=2.00e-06 gnorm=2.26 159 smp/s
ep35 step64925/140100 loss=0.8753 acc=0.919 lr=2.00e-06 gnorm=3.72 159 smp/s
ep35 step64950/140100 loss=0.8908 acc=0.887 lr=2.00e-06 gnorm=2.86 159 smp/s
ep35 step64975/140100 loss=0.6634 acc=0.954 lr=2.00e-06 gnorm=3.98 159 smp/s
ep35 step65000/140100 loss=1.0626 acc=0.820 lr=2.00e-06 gnorm=1.77 159 smp/s
ep35 step65025/140100 loss=0.9415 acc=0.886 lr=2.00e-06 gnorm=2.41 159 smp/s
ep35 step65050/140100 loss=1.0453 acc=0.910 lr=2.00e-06 gnorm=2.14 159 smp/s
ep35 step65075/140100 loss=0.8731 acc=0.912 lr=2.00e-06 gnorm=4.02 159 smp/s
ep35 step65100/140100 loss=0.8222 acc=0.899 lr=2.00e-06 gnorm=3.17 159 smp/s
ep35 step65125/140100 loss=0.8448 acc=0.898 lr=2.00e-06 gnorm=3.22 159 smp/s
ep35 step65150/140100 loss=1.2142 acc=0.897 lr=2.00e-06 gnorm=2.93 159 smp/s
ep35 step65175/140100 loss=0.6437 acc=0.934 lr=2.00e-06 gnorm=2.28 159 smp/s
ep35 step65200/140100 loss=0.8869 acc=0.917 lr=2.00e-06 gnorm=2.73 159 smp/s
ep35 step65225/140100 loss=0.9626 acc=0.884 lr=2.00e-06 gnorm=2.43 159 smp/s
ep35 step65250/140100 loss=1.0932 acc=0.879 lr=2.00e-06 gnorm=2.09 159 smp/s
ep35 step65275/140100 loss=0.6169 acc=0.974 lr=2.00e-06 gnorm=2.13 159 smp/s
ep35 step65300/140100 loss=1.0569 acc=0.905 lr=2.00e-06 gnorm=3.91 159 smp/s
ep35 step65325/140100 loss=0.9275 acc=0.901 lr=2.00e-06 gnorm=2.23 159 smp/s
ep35 step65350/140100 loss=0.8371 acc=0.906 lr=2.00e-06 gnorm=2.39 159 smp/s
ep35 step65375/140100 loss=1.1577 acc=0.879 lr=2.00e-06 gnorm=2.22 159 smp/s
ep36 step65400/140100 loss=0.7531 acc=0.887 lr=2.00e-06 gnorm=2.87 159 smp/s
ep36 step65425/140100 loss=1.1648 acc=0.878 lr=2.00e-06 gnorm=4.82 159 smp/s
ep36 step65450/140100 loss=0.7920 acc=0.937 lr=2.00e-06 gnorm=3.15 159 smp/s
ep36 step65475/140100 loss=1.0004 acc=0.880 lr=2.00e-06 gnorm=2.57 159 smp/s
ep36 step65500/140100 loss=0.8208 acc=0.931 lr=2.00e-06 gnorm=3.10 159 smp/s
ep36 step65525/140100 loss=0.7650 acc=0.922 lr=2.00e-06 gnorm=3.44 159 smp/s
ep36 step65550/140100 loss=1.0464 acc=0.898 lr=2.00e-06 gnorm=1.88 159 smp/s
ep36 step65575/140100 loss=1.0393 acc=0.904 lr=2.00e-06 gnorm=1.85 159 smp/s
ep36 step65600/140100 loss=1.3459 acc=0.890 lr=2.00e-06 gnorm=1.46 159 smp/s
ep36 step65625/140100 loss=0.9040 acc=0.937 lr=2.00e-06 gnorm=2.81 159 smp/s
ep36 step65650/140100 loss=0.7995 acc=0.946 lr=2.00e-06 gnorm=2.19 159 smp/s
ep36 step65675/140100 loss=1.0162 acc=0.943 lr=2.00e-06 gnorm=2.56 159 smp/s
ep36 step65700/140100 loss=0.9678 acc=0.955 lr=2.00e-06 gnorm=2.60 159 smp/s
ep36 step65725/140100 loss=0.6990 acc=0.931 lr=2.00e-06 gnorm=2.54 159 smp/s
ep36 step65750/140100 loss=0.7945 acc=0.945 lr=2.00e-06 gnorm=2.04 159 smp/s
ep36 step65775/140100 loss=0.8382 acc=0.933 lr=2.00e-06 gnorm=4.47 159 smp/s
ep36 step65800/140100 loss=0.7731 acc=0.923 lr=2.00e-06 gnorm=1.82 159 smp/s
ep36 step65825/140100 loss=0.9399 acc=0.901 lr=2.00e-06 gnorm=2.68 159 smp/s
ep36 step65850/140100 loss=0.7444 acc=0.925 lr=2.00e-06 gnorm=2.62 159 smp/s
ep36 step65875/140100 loss=0.7239 acc=0.955 lr=2.00e-06 gnorm=4.10 159 smp/s
ep36 step65900/140100 loss=0.9705 acc=0.962 lr=2.00e-06 gnorm=2.85 159 smp/s
ep36 step65925/140100 loss=0.8101 acc=0.868 lr=2.00e-06 gnorm=1.69 159 smp/s
ep36 step65950/140100 loss=0.8178 acc=0.897 lr=2.00e-06 gnorm=2.08 159 smp/s
ep36 step65975/140100 loss=0.9874 acc=0.896 lr=2.00e-06 gnorm=2.23 159 smp/s
ep36 step66000/140100 loss=0.6967 acc=0.958 lr=2.00e-06 gnorm=1.87 159 smp/s
[eval @ 66000] WER=0.806 CER=0.404 SER=1.000 loss=0.727 content_acc=0.371 fill_rate=0.687 entropy=0.699 distinct=82
[eval @ 66000] iter32  WER=0.568 CER=0.206 SER=0.930 (mask-predict decode, n=200 clips)
   Full: ಸ ಾ ಂ ಸ ್ ೃ ೃ ಿ ಿ ಕ | ನ ಗ ರ ಿ | ಮ ೈ ಸ ೂ ರ ಿ ನ ಲ ್ ಲ ಿ | ಕ ೊ ರ ೋ ನ ಾ | ಸ ೋ ಂ ಕ ು | ಹ ೆ ಚ ್ ಚ ತ ತ ತ ತ ಿ ರ ು ವ | ಹ ಿ ನ ನ ನ ೆ ೆ ೆ ಯ ಲ ಲ ಲ ಿ ಿ ಇ 
   Hyp : ಸಸಾಂಸ್ೃೃಿಿಕ ನಗರಿ ಮೈಸೂರಿನಲ್ಲಿ ಕೊರೋನಾ ಸೋಂಕು ಹೆಚ್ಚತತತತಿರುವ ಹಿನನನೆೆೆಯಲಲಲಿಿಇಇಂಿಿಿಿಂದಐ
   Ref : ಸಾಂಸ್ಕೃತಿಕ ನಗರಿ ಮೈಸೂರಿನಲ್ಲಿ ಕೊರೋನಾ ಸೋಂಕು ಹೆಚ್ಚುತ್ತಿರುವ ಹಿನ್ನೆಲೆಯಲ್ಲಿ ಇಂದಿನಿಂದ ಐದ
DEBUG:urllib3.connectionpool:Resetting dropped connection: api.wandb.ai
DEBUG:urllib3.connectionpool:https://api.wandb.ai:443 "POST /graphql HTTP/1.1" 200 60
ep36 step66025/140100 loss=0.8995 acc=0.939 lr=2.00e-06 gnorm=2.09 159 smp/s
ep36 step66050/140100 loss=0.9885 acc=0.915 lr=2.00e-06 gnorm=2.92 159 smp/s
ep36 step66075/140100 loss=1.0733 acc=0.930 lr=2.00e-06 gnorm=2.29 159 smp/s
ep36 step66100/140100 loss=0.8453 acc=0.898 lr=2.00e-06 gnorm=2.46 159 smp/s
ep36 step66125/140100 loss=0.9926 acc=0.880 lr=2.00e-06 gnorm=1.37 159 smp/s
ep36 step66150/140100 loss=0.8867 acc=0.899 lr=2.00e-06 gnorm=1.73 159 smp/s
ep36 step66175/140100 loss=1.3225 acc=0.850 lr=2.00e-06 gnorm=1.98 159 smp/s
ep36 step66200/140100 loss=0.8257 acc=0.974 lr=2.00e-06 gnorm=2.59 159 smp/s
ep36 step66225/140100 loss=0.7729 acc=0.935 lr=2.00e-06 gnorm=3.57 159 smp/s
ep36 step66250/140100 loss=0.6299 acc=0.954 lr=2.00e-06 gnorm=2.49 159 smp/s
ep36 step66275/140100 loss=0.7589 acc=0.923 lr=2.00e-06 gnorm=1.95 159 smp/s
ep36 step66300/140100 loss=1.1077 acc=0.891 lr=2.00e-06 gnorm=2.43 159 smp/s
ep36 step66325/140100 loss=0.7621 acc=0.882 lr=2.00e-06 gnorm=2.87 159 smp/s
ep36 step66350/140100 loss=0.7477 acc=0.921 lr=2.00e-06 gnorm=2.71 159 smp/s
ep36 step66375/140100 loss=1.0698 acc=0.898 lr=2.00e-06 gnorm=3.02 159 smp/s
ep36 step66400/140100 loss=1.1298 acc=0.919 lr=2.00e-06 gnorm=4.64 159 smp/s
ep36 step66425/140100 loss=1.0115 acc=0.926 lr=2.00e-06 gnorm=2.31 159 smp/s
ep36 step66450/140100 loss=0.9062 acc=0.867 lr=2.00e-06 gnorm=2.26 159 smp/s
ep36 step66475/140100 loss=0.9350 acc=0.911 lr=2.00e-06 gnorm=1.86 159 smp/s
ep36 step66500/140100 loss=0.6450 acc=0.935 lr=2.00e-06 gnorm=2.84 159 smp/s
ep36 step66525/140100 loss=0.9518 acc=0.963 lr=2.00e-06 gnorm=1.97 159 smp/s
ep36 step66550/140100 loss=1.0772 acc=0.913 lr=2.00e-06 gnorm=1.84 159 smp/s
ep36 step66575/140100 loss=0.8830 acc=0.904 lr=2.00e-06 gnorm=2.01 159 smp/s
ep36 step66600/140100 loss=1.1284 acc=0.924 lr=2.00e-06 gnorm=2.05 159 smp/s
ep36 step66625/140100 loss=0.7719 acc=0.889 lr=2.00e-06 gnorm=1.73 159 smp/s
ep36 step66650/140100 loss=1.0301 acc=0.891 lr=2.00e-06 gnorm=1.96 159 smp/s
ep36 step66675/140100 loss=0.8284 acc=0.942 lr=2.00e-06 gnorm=1.81 159 smp/s
ep36 step66700/140100 loss=1.0464 acc=0.959 lr=2.00e-06 gnorm=3.13 159 smp/s
ep36 step66725/140100 loss=0.6990 acc=0.890 lr=2.00e-06 gnorm=2.02 159 smp/s
ep36 step66750/140100 loss=1.1982 acc=0.853 lr=2.00e-06 gnorm=3.57 159 smp/s
ep36 step66775/140100 loss=0.8791 acc=0.904 lr=2.00e-06 gnorm=1.89 159 smp/s
ep36 step66800/140100 loss=0.9489 acc=0.909 lr=2.00e-06 gnorm=2.34 159 smp/s
ep36 step66825/140100 loss=0.9131 acc=0.949 lr=2.00e-06 gnorm=1.53 159 smp/s
ep36 step66850/140100 loss=0.8984 acc=0.889 lr=2.00e-06 gnorm=2.66 159 smp/s
ep36 step66875/140100 loss=0.9577 acc=0.827 lr=2.00e-06 gnorm=1.96 159 smp/s
ep36 step66900/140100 loss=1.0868 acc=0.870 lr=2.00e-06 gnorm=4.81 159 smp/s
ep36 step66925/140100 loss=1.1208 acc=0.871 lr=2.00e-06 gnorm=2.37 159 smp/s
ep36 step66950/140100 loss=1.1263 acc=0.864 lr=2.00e-06 gnorm=2.25 159 smp/s
ep36 step66975/140100 loss=0.7289 acc=0.935 lr=2.00e-06 gnorm=1.93 159 smp/s
ep36 step67000/140100 loss=0.8994 acc=0.957 lr=2.00e-06 gnorm=2.34 159 smp/s
ep36 step67025/140100 loss=0.8959 acc=0.918 lr=2.00e-06 gnorm=2.01 159 smp/s
ep36 step67050/140100 loss=0.8489 acc=0.950 lr=2.00e-06 gnorm=1.89 159 smp/s
ep36 step67075/140100 loss=0.7964 acc=0.911 lr=2.00e-06 gnorm=2.62 159 smp/s
ep36 step67100/140100 loss=0.7590 acc=0.889 lr=2.00e-06 gnorm=3.26 159 smp/s
ep36 step67125/140100 loss=0.7541 acc=0.908 lr=2.00e-06 gnorm=2.44 159 smp/s
ep36 step67150/140100 loss=0.9146 acc=0.925 lr=2.00e-06 gnorm=3.28 159 smp/s
ep36 step67175/140100 loss=0.8208 acc=0.928 lr=2.00e-06 gnorm=3.82 159 smp/s
ep36 step67200/140100 loss=0.8904 acc=0.930 lr=2.00e-06 gnorm=2.20 159 smp/s
ep36 step67225/140100 loss=0.9796 acc=0.898 lr=2.00e-06 gnorm=1.58 159 smp/s
ep37 step67250/140100 loss=0.9093 acc=0.884 lr=2.00e-06 gnorm=3.03 159 smp/s
ep37 step67275/140100 loss=0.8982 acc=0.904 lr=2.00e-06 gnorm=1.30 159 smp/s
ep37 step67300/140100 loss=0.9854 acc=0.901 lr=2.00e-06 gnorm=2.74 159 smp/s
ep37 step67325/140100 loss=0.8343 acc=0.962 lr=2.00e-06 gnorm=4.38 159 smp/s
ep37 step67350/140100 loss=0.8884 acc=0.939 lr=2.00e-06 gnorm=1.70 159 smp/s
ep37 step67375/140100 loss=0.8218 acc=0.922 lr=2.00e-06 gnorm=1.85 159 smp/s
ep37 step67400/140100 loss=0.8006 acc=0.933 lr=2.00e-06 gnorm=2.36 159 smp/s
ep37 step67425/140100 loss=1.0015 acc=0.907 lr=2.00e-06 gnorm=2.66 159 smp/s
ep37 step67450/140100 loss=0.9177 acc=0.902 lr=2.00e-06 gnorm=1.73 159 smp/s
ep37 step67475/140100 loss=0.8804 acc=0.912 lr=2.00e-06 gnorm=4.66 159 smp/s
ep37 step67500/140100 loss=0.7788 acc=0.926 lr=2.00e-06 gnorm=1.88 159 smp/s
ep37 step67525/140100 loss=0.9986 acc=0.886 lr=2.00e-06 gnorm=1.69 159 smp/s
ep37 step67550/140100 loss=0.8213 acc=0.925 lr=2.00e-06 gnorm=2.59 159 smp/s
ep37 step67575/140100 loss=1.2321 acc=0.936 lr=2.00e-06 gnorm=2.59 159 smp/s
ep37 step67600/140100 loss=0.9674 acc=0.933 lr=2.00e-06 gnorm=3.70 159 smp/s
ep37 step67625/140100 loss=0.7718 acc=0.950 lr=2.00e-06 gnorm=3.13 159 smp/s
ep37 step67650/140100 loss=0.7212 acc=0.923 lr=2.00e-06 gnorm=3.29 159 smp/s
ep37 step67675/140100 loss=0.8482 acc=0.920 lr=2.00e-06 gnorm=2.14 159 smp/s
ep37 step67700/140100 loss=0.8088 acc=0.907 lr=2.00e-06 gnorm=2.16 159 smp/s
ep37 step67725/140100 loss=0.8803 acc=0.904 lr=2.00e-06 gnorm=2.15 159 smp/s
ep37 step67750/140100 loss=1.0091 acc=0.853 lr=2.00e-06 gnorm=1.96 159 smp/s
ep37 step67775/140100 loss=0.9075 acc=0.882 lr=2.00e-06 gnorm=2.46 159 smp/s
ep37 step67800/140100 loss=0.6011 acc=0.973 lr=2.00e-06 gnorm=1.95 159 smp/s
ep37 step67825/140100 loss=1.0102 acc=0.934 lr=2.00e-06 gnorm=3.40 159 smp/s
ep37 step67850/140100 loss=0.8514 acc=0.903 lr=2.00e-06 gnorm=1.77 159 smp/s
ep37 step67875/140100 loss=0.7774 acc=0.885 lr=2.00e-06 gnorm=2.45 159 smp/s
ep37 step67900/140100 loss=1.0874 acc=0.905 lr=2.00e-06 gnorm=1.62 159 smp/s
ep37 step67925/140100 loss=0.9722 acc=0.914 lr=2.00e-06 gnorm=4.11 159 smp/s
ep37 step67950/140100 loss=0.8213 acc=0.898 lr=2.00e-06 gnorm=2.37 159 smp/s
ep37 step67975/140100 loss=0.8585 acc=0.897 lr=2.00e-06 gnorm=1.58 159 smp/s
ep37 step68000/140100 loss=0.8580 acc=0.937 lr=2.00e-06 gnorm=1.62 159 smp/s
[eval @ 68000] WER=0.805 CER=0.400 SER=1.000 loss=0.767 content_acc=0.347 fill_rate=0.685 entropy=0.697 distinct=82
[eval @ 68000] iter32  WER=0.567 CER=0.208 SER=0.940 (mask-predict decode, n=200 clips)
   Full: ಸ ಾ ಂ ಸ ್ ೃ ೃ ಿ ಿ ಕ | ನ ಗ ರ ಿ | ಮ ೈ ಸ ೂ ರ ಿ ನ ಲ ್ ಲ ಿ | ಕ ೊ ರ ೋ ನ ಾ | ಸ ೋ ಂ ಕ ು | ಹ ೆ ಚ ಚ ಚ ು ತ ್ ತ ಿ ರ ು ವ ವ | ಹ ನ ನ ನ ನ ೆ ೆ ಯ ಲ ಲ ಲ ಿ ಿ | 
   Hyp : ಸಸಾಂಸ್ೃೃಿಿಕ ನಗರಿ ಮೈಸೂರಿನಲ್ಲಿ ಕೊರೋನಾ ಸೋಂಕು ಹೆಚಚಚುತ್ತಿರುವವ ಹನನನನೆೆಯಲಲಲಿಿ ಇಂಿಿನಿಂದಐ
   Ref : ಸಾಂಸ್ಕೃತಿಕ ನಗರಿ ಮೈಸೂರಿನಲ್ಲಿ ಕೊರೋನಾ ಸೋಂಕು ಹೆಚ್ಚುತ್ತಿರುವ ಹಿನ್ನೆಲೆಯಲ್ಲಿ ಇಂದಿನಿಂದ ಐದ
DEBUG:urllib3.connectionpool:Resetting dropped connection: api.wandb.ai
DEBUG:urllib3.connectionpool:https://api.wandb.ai:443 "POST /graphql HTTP/1.1" 200 60
ep37 step68025/140100 loss=1.1309 acc=0.855 lr=2.00e-06 gnorm=2.80 159 smp/s
ep37 step68050/140100 loss=0.8832 acc=0.898 lr=2.00e-06 gnorm=2.33 159 smp/s
ep37 step68075/140100 loss=0.7731 acc=0.950 lr=2.00e-06 gnorm=2.48 159 smp/s
ep37 step68100/140100 loss=0.8609 acc=0.867 lr=2.00e-06 gnorm=1.65 159 smp/s
ep37 step68125/140100 loss=0.8797 acc=0.920 lr=2.00e-06 gnorm=3.57 159 smp/s
ep37 step68150/140100 loss=0.8125 acc=0.943 lr=2.00e-06 gnorm=3.36 159 smp/s
ep37 step68175/140100 loss=0.7429 acc=0.924 lr=2.00e-06 gnorm=4.96 159 smp/s
ep37 step68200/140100 loss=0.9826 acc=0.947 lr=2.00e-06 gnorm=1.96 159 smp/s
ep37 step68225/140100 loss=0.6309 acc=0.917 lr=2.00e-06 gnorm=3.48 159 smp/s
ep37 step68250/140100 loss=0.9608 acc=0.940 lr=2.00e-06 gnorm=2.87 159 smp/s
ep37 step68275/140100 loss=0.5757 acc=0.911 lr=2.00e-06 gnorm=3.41 159 smp/s
ep37 step68300/140100 loss=1.2018 acc=0.871 lr=2.00e-06 gnorm=2.49 159 smp/s
ep37 step68325/140100 loss=0.8870 acc=0.942 lr=2.00e-06 gnorm=3.24 159 smp/s
ep37 step68350/140100 loss=1.0037 acc=0.865 lr=2.00e-06 gnorm=2.24 159 smp/s
ep37 step68375/140100 loss=0.8034 acc=0.904 lr=2.00e-06 gnorm=1.89 159 smp/s
ep37 step68400/140100 loss=0.8306 acc=0.902 lr=2.00e-06 gnorm=1.89 159 smp/s
ep37 step68425/140100 loss=0.7735 acc=0.895 lr=2.00e-06 gnorm=1.91 159 smp/s
ep37 step68450/140100 loss=0.9110 acc=0.885 lr=2.00e-06 gnorm=2.11 159 smp/s
ep37 step68475/140100 loss=0.7903 acc=0.866 lr=2.00e-06 gnorm=1.55 159 smp/s
ep37 step68500/140100 loss=1.0123 acc=0.855 lr=2.00e-06 gnorm=2.45 159 smp/s
ep37 step68525/140100 loss=0.8194 acc=0.921 lr=2.00e-06 gnorm=2.12 159 smp/s
ep37 step68550/140100 loss=0.8529 acc=0.879 lr=2.00e-06 gnorm=2.03 159 smp/s
ep37 step68575/140100 loss=0.6892 acc=0.962 lr=2.00e-06 gnorm=3.71 159 smp/s
ep37 step68600/140100 loss=0.7277 acc=0.947 lr=2.00e-06 gnorm=1.53 159 smp/s
ep37 step68625/140100 loss=0.6239 acc=0.942 lr=2.00e-06 gnorm=1.75 159 smp/s
ep37 step68650/140100 loss=0.8384 acc=0.910 lr=2.00e-06 gnorm=1.80 159 smp/s
ep37 step68675/140100 loss=0.6688 acc=0.935 lr=2.00e-06 gnorm=2.04 159 smp/s
ep37 step68700/140100 loss=0.8466 acc=0.892 lr=2.00e-06 gnorm=3.38 159 smp/s
ep37 step68725/140100 loss=1.1457 acc=0.857 lr=2.00e-06 gnorm=1.70 159 smp/s
ep37 step68750/140100 loss=0.6942 acc=0.923 lr=2.00e-06 gnorm=1.79 159 smp/s
ep37 step68775/140100 loss=1.2158 acc=0.892 lr=2.00e-06 gnorm=2.73 159 smp/s
ep37 step68800/140100 loss=1.0072 acc=0.900 lr=2.00e-06 gnorm=4.28 159 smp/s
ep37 step68825/140100 loss=0.9389 acc=0.876 lr=2.00e-06 gnorm=2.35 159 smp/s
ep37 step68850/140100 loss=0.6068 acc=0.916 lr=2.00e-06 gnorm=2.77 159 smp/s
ep37 step68875/140100 loss=0.8155 acc=0.889 lr=2.00e-06 gnorm=1.62 159 smp/s
ep37 step68900/140100 loss=0.7830 acc=0.888 lr=2.00e-06 gnorm=2.09 159 smp/s
ep37 step68925/140100 loss=0.9463 acc=0.860 lr=2.00e-06 gnorm=2.76 159 smp/s
ep37 step68950/140100 loss=1.0684 acc=0.920 lr=2.00e-06 gnorm=1.76 159 smp/s
ep37 step68975/140100 loss=1.0619 acc=0.893 lr=2.00e-06 gnorm=2.82 159 smp/s
ep37 step69000/140100 loss=0.7708 acc=0.959 lr=2.00e-06 gnorm=2.17 159 smp/s
ep37 step69025/140100 loss=0.9956 acc=0.859 lr=2.00e-06 gnorm=1.77 159 smp/s
ep37 step69050/140100 loss=1.0784 acc=0.855 lr=2.00e-06 gnorm=2.84 159 smp/s
ep37 step69075/140100 loss=0.7831 acc=0.925 lr=2.00e-06 gnorm=3.01 159 smp/s
ep37 step69100/140100 loss=0.7185 acc=0.943 lr=2.00e-06 gnorm=3.73 159 smp/s
ep38 step69125/140100 loss=0.9715 acc=0.906 lr=2.00e-06 gnorm=2.53 159 smp/s
ep38 step69150/140100 loss=0.8257 acc=0.948 lr=2.00e-06 gnorm=3.42 159 smp/s
ep38 step69175/140100 loss=1.1030 acc=0.850 lr=2.00e-06 gnorm=2.36 159 smp/s
ep38 step69200/140100 loss=0.9408 acc=0.871 lr=2.00e-06 gnorm=1.58 159 smp/s
ep38 step69225/140100 loss=1.1444 acc=0.898 lr=2.00e-06 gnorm=5.39 159 smp/s
ep38 step69250/140100 loss=0.9399 acc=0.940 lr=2.00e-06 gnorm=2.27 159 smp/s
ep38 step69275/140100 loss=0.8726 acc=0.875 lr=2.00e-06 gnorm=3.13 159 smp/s
ep38 step69300/140100 loss=1.0266 acc=0.837 lr=2.00e-06 gnorm=4.24 159 smp/s
ep38 step69325/140100 loss=0.7904 acc=0.918 lr=2.00e-06 gnorm=3.43 159 smp/s
ep38 step69350/140100 loss=0.9182 acc=0.928 lr=2.00e-06 gnorm=1.49 159 smp/s
ep38 step69375/140100 loss=0.9170 acc=0.874 lr=2.00e-06 gnorm=1.78 159 smp/s
ep38 step69400/140100 loss=0.8141 acc=0.911 lr=2.00e-06 gnorm=2.12 159 smp/s
ep38 step69425/140100 loss=0.9716 acc=0.921 lr=2.00e-06 gnorm=1.85 159 smp/s
ep38 step69450/140100 loss=1.0036 acc=0.916 lr=2.00e-06 gnorm=2.11 159 smp/s
ep38 step69475/140100 loss=0.9597 acc=0.931 lr=2.00e-06 gnorm=1.90 159 smp/s
ep38 step69500/140100 loss=0.9659 acc=0.909 lr=2.00e-06 gnorm=6.69 159 smp/s
ep38 step69525/140100 loss=0.6761 acc=0.933 lr=2.00e-06 gnorm=1.64 159 smp/s
ep38 step69550/140100 loss=1.0559 acc=0.953 lr=2.00e-06 gnorm=1.92 159 smp/s
ep38 step69575/140100 loss=0.6765 acc=0.936 lr=2.00e-06 gnorm=1.78 159 smp/s
ep38 step69600/140100 loss=0.7094 acc=0.915 lr=2.00e-06 gnorm=2.14 159 smp/s
ep38 step69625/140100 loss=0.8853 acc=0.907 lr=2.00e-06 gnorm=3.99 159 smp/s
ep38 step69650/140100 loss=1.1337 acc=0.904 lr=2.00e-06 gnorm=2.13 159 smp/s
ep38 step69675/140100 loss=0.9935 acc=0.890 lr=2.00e-06 gnorm=2.26 159 smp/s
ep38 step69700/140100 loss=0.7748 acc=0.923 lr=2.00e-06 gnorm=1.81 159 smp/s
ep38 step69725/140100 loss=0.7272 acc=0.948 lr=2.00e-06 gnorm=3.65 159 smp/s
ep38 step69750/140100 loss=1.0512 acc=0.942 lr=2.00e-06 gnorm=1.53 159 smp/s
ep38 step69775/140100 loss=0.8480 acc=0.875 lr=2.00e-06 gnorm=2.05 159 smp/s
ep38 step69800/140100 loss=0.9062 acc=0.902 lr=2.00e-06 gnorm=2.03 159 smp/s
ep38 step69825/140100 loss=0.8527 acc=0.852 lr=2.00e-06 gnorm=2.94 159 smp/s
ep38 step69850/140100 loss=0.7939 acc=0.930 lr=2.00e-06 gnorm=2.27 159 smp/s
ep38 step69875/140100 loss=1.0371 acc=0.934 lr=2.00e-06 gnorm=6.39 159 smp/s
ep38 step69900/140100 loss=0.9939 acc=0.882 lr=2.00e-06 gnorm=2.94 159 smp/s
ep38 step69925/140100 loss=0.6272 acc=0.940 lr=2.00e-06 gnorm=2.39 159 smp/s
ep38 step69950/140100 loss=1.0166 acc=0.900 lr=2.00e-06 gnorm=2.24 159 smp/s
ep38 step69975/140100 loss=1.3729 acc=0.848 lr=2.00e-06 gnorm=2.37 159 smp/s
ep38 step70000/140100 loss=0.9101 acc=0.899 lr=2.00e-06 gnorm=3.20 159 smp/s
[eval @ 70000] WER=0.806 CER=0.402 SER=1.000 loss=0.746 content_acc=0.353 fill_rate=0.686 entropy=0.676 distinct=82
[eval @ 70000] iter32  WER=0.568 CER=0.207 SER=0.935 (mask-predict decode, n=200 clips)
   Full: ಸ ಾ ಂ ಸ ್ ೃ ೃ ಿ ಿ ಕ | ನ ಗ ರ ಿ | ಮ ೈ ಸ ೂ ರ ಿ ನ ಲ ್ ಲ ಿ | ಕ ೊ ರ ೋ ನ ಾ | ಸ ೋ ಂ ಕ ು | ಹ ೆ ಚ ್ ಚ ು ತ ್ ತ ಿ ರ ು ವ | ಹ ಿ ನ ್ ನ ೆ ೆ ೆ ಯ ಲ ್ ಲ ಿ ಿ ಇ 
   Hyp : ಸಸಾಂಸ್ೃೃಿಿಕ ನಗರಿ ಮೈಸೂರಿನಲ್ಲಿ ಕೊರೋನಾ ಸೋಂಕು ಹೆಚ್ಚುತ್ತಿರುವ ಹಿನ್ನೆೆೆಯಲ್ಲಿಿಇಇಂಿಿಿಿಂದಐ
   Ref : ಸಾಂಸ್ಕೃತಿಕ ನಗರಿ ಮೈಸೂರಿನಲ್ಲಿ ಕೊರೋನಾ ಸೋಂಕು ಹೆಚ್ಚುತ್ತಿರುವ ಹಿನ್ನೆಲೆಯಲ್ಲಿ ಇಂದಿನಿಂದ ಐದ
DEBUG:urllib3.connectionpool:Resetting dropped connection: api.wandb.ai
DEBUG:urllib3.connectionpool:https://api.wandb.ai:443 "POST /graphql HTTP/1.1" 200 60
ep38 step70025/140100 loss=0.7195 acc=0.916 lr=2.00e-06 gnorm=1.71 159 smp/s
ep38 step70050/140100 loss=1.0643 acc=0.890 lr=2.00e-06 gnorm=1.73 159 smp/s
ep38 step70075/140100 loss=0.9568 acc=0.904 lr=2.00e-06 gnorm=2.36 159 smp/s
ep38 step70100/140100 loss=1.1155 acc=0.858 lr=2.00e-06 gnorm=1.90 159 smp/s
ep38 step70125/140100 loss=0.9295 acc=0.891 lr=2.00e-06 gnorm=3.77 159 smp/s
ep38 step70150/140100 loss=0.9228 acc=0.927 lr=2.00e-06 gnorm=2.40 159 smp/s
ep38 step70175/140100 loss=0.9098 acc=0.910 lr=2.00e-06 gnorm=2.54 159 smp/s
ep38 step70200/140100 loss=0.8111 acc=0.942 lr=2.00e-06 gnorm=2.58 159 smp/s
ep38 step70225/140100 loss=0.9225 acc=0.936 lr=2.00e-06 gnorm=1.88 159 smp/s
ep38 step70250/140100 loss=0.6347 acc=0.902 lr=2.00e-06 gnorm=3.68 159 smp/s
ep38 step70275/140100 loss=1.0281 acc=0.902 lr=2.00e-06 gnorm=2.24 159 smp/s
ep38 step70300/140100 loss=0.7847 acc=0.980 lr=2.00e-06 gnorm=2.37 159 smp/s
ep38 step70325/140100 loss=0.9386 acc=0.919 lr=2.00e-06 gnorm=3.32 159 smp/s
ep38 step70350/140100 loss=0.6386 acc=0.922 lr=2.00e-06 gnorm=4.85 159 smp/s
ep38 step70375/140100 loss=0.9526 acc=0.921 lr=2.00e-06 gnorm=2.00 159 smp/s
ep38 step70400/140100 loss=1.0489 acc=0.852 lr=2.00e-06 gnorm=1.87 159 smp/s
ep38 step70425/140100 loss=0.5954 acc=0.974 lr=2.00e-06 gnorm=2.02 159 smp/s
ep38 step70450/140100 loss=0.9583 acc=0.929 lr=2.00e-06 gnorm=1.87 159 smp/s
ep38 step70475/140100 loss=0.8544 acc=0.884 lr=2.00e-06 gnorm=4.83 159 smp/s
ep38 step70500/140100 loss=0.8860 acc=0.906 lr=2.00e-06 gnorm=2.12 159 smp/s
ep38 step70525/140100 loss=1.0025 acc=0.942 lr=2.00e-06 gnorm=3.67 159 smp/s
ep38 step70550/140100 loss=0.7012 acc=0.927 lr=2.00e-06 gnorm=2.19 159 smp/s
ep38 step70575/140100 loss=0.8519 acc=0.949 lr=2.00e-06 gnorm=1.51 159 smp/s
ep38 step70600/140100 loss=0.9320 acc=0.841 lr=2.00e-06 gnorm=2.21 159 smp/s
ep38 step70625/140100 loss=0.9593 acc=0.888 lr=2.00e-06 gnorm=5.75 159 smp/s
ep38 step70650/140100 loss=1.1531 acc=0.906 lr=2.00e-06 gnorm=1.88 159 smp/s
ep38 step70675/140100 loss=0.8875 acc=0.906 lr=2.00e-06 gnorm=3.53 159 smp/s
ep38 step70700/140100 loss=0.8303 acc=0.883 lr=2.00e-06 gnorm=2.16 159 smp/s
ep38 step70725/140100 loss=0.8122 acc=0.937 lr=2.00e-06 gnorm=3.01 159 smp/s
ep38 step70750/140100 loss=0.8991 acc=0.914 lr=2.00e-06 gnorm=2.50 159 smp/s
ep38 step70775/140100 loss=0.9758 acc=0.924 lr=2.00e-06 gnorm=4.21 159 smp/s
ep38 step70800/140100 loss=0.7015 acc=0.876 lr=2.00e-06 gnorm=2.39 159 smp/s
ep38 step70825/140100 loss=0.6770 acc=0.924 lr=2.00e-06 gnorm=1.89 159 smp/s
ep38 step70850/140100 loss=1.1181 acc=0.861 lr=2.00e-06 gnorm=2.08 159 smp/s
ep38 step70875/140100 loss=0.8378 acc=0.949 lr=2.00e-06 gnorm=2.02 159 smp/s
ep38 step70900/140100 loss=1.1577 acc=0.898 lr=2.00e-06 gnorm=2.49 159 smp/s
ep38 step70925/140100 loss=0.9785 acc=0.903 lr=2.00e-06 gnorm=1.61 159 smp/s
ep38 step70950/140100 loss=0.9486 acc=0.945 lr=2.00e-06 gnorm=1.79 159 smp/s
ep38 step70975/140100 loss=1.1129 acc=0.860 lr=2.00e-06 gnorm=1.91 159 smp/s
ep39 step71000/140100 loss=0.8810 acc=0.875 lr=2.00e-06 gnorm=2.48 159 smp/s
ep39 step71025/140100 loss=0.7270 acc=0.959 lr=2.00e-06 gnorm=1.59 159 smp/s
ep39 step71050/140100 loss=1.0519 acc=0.915 lr=2.00e-06 gnorm=3.21 159 smp/s
ep39 step71075/140100 loss=0.9921 acc=0.874 lr=2.00e-06 gnorm=2.43 159 smp/s
ep39 step71100/140100 loss=0.9770 acc=0.899 lr=2.00e-06 gnorm=3.15 159 smp/s
ep39 step71125/140100 loss=0.8764 acc=0.911 lr=2.00e-06 gnorm=2.44 159 smp/s
ep39 step71150/140100 loss=0.9361 acc=0.888 lr=2.00e-06 gnorm=1.88 159 smp/s
ep39 step71175/140100 loss=1.1754 acc=0.892 lr=2.00e-06 gnorm=2.99 159 smp/s
ep39 step71200/140100 loss=0.8775 acc=0.961 lr=2.00e-06 gnorm=3.03 159 smp/s
ep39 step71225/140100 loss=0.7732 acc=0.879 lr=2.00e-06 gnorm=3.05 159 smp/s
ep39 step71250/140100 loss=0.7757 acc=0.919 lr=2.00e-06 gnorm=1.58 159 smp/s
ep39 step71275/140100 loss=0.7611 acc=0.915 lr=2.00e-06 gnorm=3.62 159 smp/s
ep39 step71300/140100 loss=1.0484 acc=0.854 lr=2.00e-06 gnorm=2.17 159 smp/s
ep39 step71325/140100 loss=0.9737 acc=0.889 lr=2.00e-06 gnorm=2.05 159 smp/s
ep39 step71350/140100 loss=0.9064 acc=0.930 lr=2.00e-06 gnorm=2.01 159 smp/s
ep39 step71375/140100 loss=0.7214 acc=0.904 lr=2.00e-06 gnorm=2.04 159 smp/s
ep39 step71400/140100 loss=0.8897 acc=0.960 lr=2.00e-06 gnorm=1.59 159 smp/s
ep39 step71425/140100 loss=0.6848 acc=0.913 lr=2.00e-06 gnorm=1.90 159 smp/s
ep39 step71450/140100 loss=0.8398 acc=0.922 lr=2.00e-06 gnorm=4.78 159 smp/s
ep39 step71475/140100 loss=0.8209 acc=0.944 lr=2.00e-06 gnorm=2.53 159 smp/s
ep39 step71500/140100 loss=1.0176 acc=0.890 lr=2.00e-06 gnorm=2.14 159 smp/s
ep39 step71525/140100 loss=0.9609 acc=0.879 lr=2.00e-06 gnorm=2.29 159 smp/s
ep39 step71550/140100 loss=0.9848 acc=0.875 lr=2.00e-06 gnorm=2.75 159 smp/s
ep39 step71575/140100 loss=0.8266 acc=0.920 lr=2.00e-06 gnorm=2.19 159 smp/s
ep39 step71600/140100 loss=0.8653 acc=0.874 lr=2.00e-06 gnorm=2.33 159 smp/s
ep39 step71625/140100 loss=0.8053 acc=0.940 lr=2.00e-06 gnorm=2.02 159 smp/s
ep39 step71650/140100 loss=0.9436 acc=0.909 lr=2.00e-06 gnorm=1.75 159 smp/s
ep39 step71675/140100 loss=1.0051 acc=0.868 lr=2.00e-06 gnorm=2.55 159 smp/s
ep39 step71700/140100 loss=0.7076 acc=0.963 lr=2.00e-06 gnorm=1.92 159 smp/s
ep39 step71725/140100 loss=0.9012 acc=0.887 lr=2.00e-06 gnorm=2.07 159 smp/s
ep39 step71750/140100 loss=0.6462 acc=0.945 lr=2.00e-06 gnorm=2.65 159 smp/s
ep39 step71775/140100 loss=0.8470 acc=0.881 lr=2.00e-06 gnorm=2.24 159 smp/s
ep39 step71800/140100 loss=0.8288 acc=0.941 lr=2.00e-06 gnorm=2.06 159 smp/s
ep39 step71825/140100 loss=1.3248 acc=0.826 lr=2.00e-06 gnorm=1.76 159 smp/s
ep39 step71850/140100 loss=0.7986 acc=0.977 lr=2.00e-06 gnorm=1.93 159 smp/s
ep39 step71875/140100 loss=0.7786 acc=0.905 lr=2.00e-06 gnorm=2.48 159 smp/s
ep39 step71900/140100 loss=0.7524 acc=0.942 lr=2.00e-06 gnorm=3.23 159 smp/s
ep39 step71925/140100 loss=0.8003 acc=0.931 lr=2.00e-06 gnorm=2.85 159 smp/s
ep39 step71950/140100 loss=0.6607 acc=0.963 lr=2.00e-06 gnorm=4.74 159 smp/s
ep39 step71975/140100 loss=0.8678 acc=0.899 lr=2.00e-06 gnorm=3.42 159 smp/s
ep39 step72000/140100 loss=0.6555 acc=0.939 lr=2.00e-06 gnorm=2.47 159 smp/s
[eval @ 72000] WER=0.813 CER=0.402 SER=1.000 loss=0.733 content_acc=0.364 fill_rate=0.686 entropy=0.711 distinct=82
[eval @ 72000] iter32  WER=0.564 CER=0.206 SER=0.940 (mask-predict decode, n=200 clips)
   Full: ಸ ಾ ಂ ಸ ್ ೃ ೃ ಿ ಿ ಕ | ನ ಗ ರ ಿ | ಮ ೈ ಸ ೂ ರ ಿ ನ ಲ ್ ಲ ಿ | ಕ ೊ ರ ೋ ನ ಾ ಾ | ೋ ೋ ಕ ು | ಹ ಹ ೆ ಚ ಚ ು ತ ್ ತ ಿ ರ ು ವ ವ ಹ ಿ ನ ನ ನ ನ ೆ ೆ ಯ ಲ ಲ ಲ ಿ ಿ | 
   Hyp : ಸಸಾಂಸ್ೃೃಿಿಕ ನಗರಿ ಮೈಸೂರಿನಲ್ಲಿ ಕೊರೋನಾಾ ೋೋಕು ಹಹೆಚಚುತ್ತಿರುವವಹಿನನನನೆೆಯಲಲಲಿಿ ಇಂಿಿಿಿಂದಐ
   Ref : ಸಾಂಸ್ಕೃತಿಕ ನಗರಿ ಮೈಸೂರಿನಲ್ಲಿ ಕೊರೋನಾ ಸೋಂಕು ಹೆಚ್ಚುತ್ತಿರುವ ಹಿನ್ನೆಲೆಯಲ್ಲಿ ಇಂದಿನಿಂದ ಐದ
DEBUG:urllib3.connectionpool:Resetting dropped connection: api.wandb.ai
DEBUG:urllib3.connectionpool:https://api.wandb.ai:443 "POST /graphql HTTP/1.1" 200 60
ep39 step72025/140100 loss=0.6941 acc=0.913 lr=2.00e-06 gnorm=2.24 159 smp/s
ep39 step72050/140100 loss=0.7135 acc=0.927 lr=2.00e-06 gnorm=2.02 159 smp/s
ep39 step72075/140100 loss=1.0539 acc=0.898 lr=2.00e-06 gnorm=1.97 159 smp/s
ep39 step72100/140100 loss=0.7552 acc=0.892 lr=2.00e-06 gnorm=1.85 159 smp/s
ep39 step72125/140100 loss=0.9956 acc=0.860 lr=2.00e-06 gnorm=2.14 159 smp/s
ep39 step72150/140100 loss=0.9257 acc=0.945 lr=2.00e-06 gnorm=3.21 159 smp/s
ep39 step72175/140100 loss=0.9727 acc=0.882 lr=2.00e-06 gnorm=2.12 159 smp/s
ep39 step72200/140100 loss=1.2768 acc=0.876 lr=2.00e-06 gnorm=1.85 159 smp/s
ep39 step72225/140100 loss=1.1961 acc=0.852 lr=2.00e-06 gnorm=1.66 159 smp/s
ep39 step72250/140100 loss=0.8817 acc=0.948 lr=2.00e-06 gnorm=4.80 159 smp/s
ep39 step72275/140100 loss=0.8897 acc=0.933 lr=2.00e-06 gnorm=2.13 159 smp/s
ep39 step72300/140100 loss=1.0018 acc=0.902 lr=2.00e-06 gnorm=2.96 159 smp/s
ep39 step72325/140100 loss=0.9844 acc=0.869 lr=2.00e-06 gnorm=2.75 159 smp/s
ep39 step72350/140100 loss=1.1002 acc=0.904 lr=2.00e-06 gnorm=3.18 159 smp/s
ep39 step72375/140100 loss=0.8449 acc=0.970 lr=2.00e-06 gnorm=3.96 159 smp/s
ep39 step72400/140100 loss=0.6069 acc=0.920 lr=2.00e-06 gnorm=3.02 159 smp/s
ep39 step72425/140100 loss=1.1190 acc=0.830 lr=2.00e-06 gnorm=2.93 159 smp/s
ep39 step72450/140100 loss=0.8381 acc=0.894 lr=2.00e-06 gnorm=1.76 159 smp/s
ep39 step72475/140100 loss=0.8879 acc=0.933 lr=2.00e-06 gnorm=1.98 159 smp/s
ep39 step72500/140100 loss=0.7179 acc=0.921 lr=2.00e-06 gnorm=3.01 159 smp/s
ep39 step72525/140100 loss=0.7696 acc=0.916 lr=2.00e-06 gnorm=2.50 159 smp/s
ep39 step72550/140100 loss=0.9534 acc=0.942 lr=2.00e-06 gnorm=3.02 159 smp/s
ep39 step72575/140100 loss=0.9190 acc=0.881 lr=2.00e-06 gnorm=2.36 159 smp/s
ep39 step72600/140100 loss=0.6337 acc=0.932 lr=2.00e-06 gnorm=2.31 159 smp/s
ep39 step72625/140100 loss=1.0878 acc=0.890 lr=2.00e-06 gnorm=1.97 159 smp/s
ep39 step72650/140100 loss=1.0487 acc=0.912 lr=2.00e-06 gnorm=2.97 159 smp/s
ep39 step72675/140100 loss=0.7270 acc=0.905 lr=2.00e-06 gnorm=2.42 159 smp/s
ep39 step72700/140100 loss=0.6147 acc=0.915 lr=2.00e-06 gnorm=2.00 159 smp/s
ep39 step72725/140100 loss=0.8219 acc=0.872 lr=2.00e-06 gnorm=5.63 159 smp/s
ep39 step72750/140100 loss=0.9114 acc=0.902 lr=2.00e-06 gnorm=2.45 159 smp/s
ep39 step72775/140100 loss=1.1746 acc=0.859 lr=2.00e-06 gnorm=1.89 159 smp/s
ep39 step72800/140100 loss=0.8749 acc=0.944 lr=2.00e-06 gnorm=2.93 159 smp/s
ep39 step72825/140100 loss=0.7457 acc=0.931 lr=2.00e-06 gnorm=2.65 159 smp/s
ep39 step72850/140100 loss=0.7076 acc=0.946 lr=2.00e-06 gnorm=3.67 159 smp/s
ep40 step72875/140100 loss=0.8674 acc=0.901 lr=2.00e-06 gnorm=2.58 159 smp/s
ep40 step72900/140100 loss=1.0443 acc=0.912 lr=2.00e-06 gnorm=3.79 159 smp/s
ep40 step72925/140100 loss=1.0430 acc=0.851 lr=2.00e-06 gnorm=2.86 159 smp/s
ep40 step72950/140100 loss=1.2313 acc=0.837 lr=2.00e-06 gnorm=3.36 159 smp/s
ep40 step72975/140100 loss=1.0067 acc=0.892 lr=2.00e-06 gnorm=2.72 159 smp/s
ep40 step73000/140100 loss=1.0021 acc=0.921 lr=2.00e-06 gnorm=1.89 159 smp/s
ep40 step73025/140100 loss=0.9327 acc=0.904 lr=2.00e-06 gnorm=1.98 159 smp/s
ep40 step73050/140100 loss=0.8910 acc=0.922 lr=2.00e-06 gnorm=4.38 159 smp/s
ep40 step73075/140100 loss=1.1686 acc=0.918 lr=2.00e-06 gnorm=2.25 159 smp/s
ep40 step73100/140100 loss=1.2861 acc=0.928 lr=2.00e-06 gnorm=2.04 159 smp/s
ep40 step73125/140100 loss=0.6275 acc=0.972 lr=2.00e-06 gnorm=2.88 159 smp/s
ep40 step73150/140100 loss=0.9128 acc=0.910 lr=2.00e-06 gnorm=1.80 159 smp/s
ep40 step73175/140100 loss=1.1487 acc=0.896 lr=2.00e-06 gnorm=3.54 159 smp/s
ep40 step73200/140100 loss=0.8641 acc=0.913 lr=2.00e-06 gnorm=2.21 159 smp/s
ep40 step73225/140100 loss=0.9710 acc=0.886 lr=2.00e-06 gnorm=1.70 159 smp/s
ep40 step73250/140100 loss=0.9964 acc=0.872 lr=2.00e-06 gnorm=1.72 159 smp/s
ep40 step73275/140100 loss=1.0273 acc=0.871 lr=2.00e-06 gnorm=1.60 159 smp/s
ep40 step73300/140100 loss=0.9159 acc=0.861 lr=2.00e-06 gnorm=6.27 159 smp/s
ep40 step73325/140100 loss=0.6625 acc=0.901 lr=2.00e-06 gnorm=1.47 159 smp/s
ep40 step73350/140100 loss=0.7333 acc=0.912 lr=2.00e-06 gnorm=2.36 159 smp/s
ep40 step73375/140100 loss=0.4738 acc=0.949 lr=2.00e-06 gnorm=2.64 159 smp/s
ep40 step73400/140100 loss=0.8146 acc=0.885 lr=2.00e-06 gnorm=1.56 159 smp/s
ep40 step73425/140100 loss=1.0143 acc=0.845 lr=2.00e-06 gnorm=2.66 159 smp/s
ep40 step73450/140100 loss=0.7630 acc=0.922 lr=2.00e-06 gnorm=2.24 159 smp/s
ep40 step73475/140100 loss=1.1714 acc=0.962 lr=2.00e-06 gnorm=4.68 159 smp/s
ep40 step73500/140100 loss=0.8947 acc=0.926 lr=2.00e-06 gnorm=3.85 159 smp/s
ep40 step73525/140100 loss=0.8627 acc=0.902 lr=2.00e-06 gnorm=2.46 159 smp/s
ep40 step73550/140100 loss=0.8538 acc=0.901 lr=2.00e-06 gnorm=4.88 159 smp/s
ep40 step73575/140100 loss=0.8036 acc=0.921 lr=2.00e-06 gnorm=6.67 159 smp/s
ep40 step73600/140100 loss=1.2606 acc=0.800 lr=2.00e-06 gnorm=1.53 159 smp/s
ep40 step73625/140100 loss=0.8926 acc=0.899 lr=2.00e-06 gnorm=2.74 159 smp/s
ep40 step73650/140100 loss=0.9400 acc=0.952 lr=2.00e-06 gnorm=3.67 159 smp/s
ep40 step73675/140100 loss=0.8112 acc=0.923 lr=2.00e-06 gnorm=2.75 159 smp/s
ep40 step73700/140100 loss=0.9091 acc=0.951 lr=2.00e-06 gnorm=1.70 159 smp/s
ep40 step73725/140100 loss=0.8157 acc=0.878 lr=2.00e-06 gnorm=2.92 159 smp/s
ep40 step73750/140100 loss=0.6423 acc=0.924 lr=2.00e-06 gnorm=4.79 159 smp/s
ep40 step73775/140100 loss=0.9266 acc=0.853 lr=2.00e-06 gnorm=2.38 159 smp/s
ep40 step73800/140100 loss=0.8624 acc=0.909 lr=2.00e-06 gnorm=3.65 159 smp/s
ep40 step73825/140100 loss=1.0390 acc=0.898 lr=2.00e-06 gnorm=1.76 159 smp/s
ep40 step73850/140100 loss=0.6561 acc=0.973 lr=2.00e-06 gnorm=1.60 159 smp/s
ep40 step73875/140100 loss=0.6545 acc=0.953 lr=2.00e-06 gnorm=3.75 159 smp/s
ep40 step73900/140100 loss=0.9621 acc=0.893 lr=2.00e-06 gnorm=1.97 159 smp/s
ep40 step73925/140100 loss=0.7203 acc=0.963 lr=2.00e-06 gnorm=1.69 159 smp/s
ep40 step73950/140100 loss=0.8594 acc=0.903 lr=2.00e-06 gnorm=5.34 159 smp/s
ep40 step73975/140100 loss=1.0234 acc=0.921 lr=2.00e-06 gnorm=2.39 159 smp/s
ep40 step74000/140100 loss=0.6559 acc=0.948 lr=2.00e-06 gnorm=2.38 160 smp/s
[eval @ 74000] WER=0.805 CER=0.400 SER=1.000 loss=0.779 content_acc=0.334 fill_rate=0.686 entropy=0.683 distinct=83
[eval @ 74000] iter32  WER=0.576 CER=0.212 SER=0.940 (mask-predict decode, n=200 clips)
   Full: ಸ ಾ ಂ ಸ ್ ೃ ೃ ಿ ಿ ಕ | ನ ಗ ರ ಿ | ಮ ೈ ಸ ೂ ರ ಿ ನ ಲ ್ ಲ ಿ | ಕ ೊ ರ ೋ ನ ಾ | ಸ ೋ ಂ ಕ ು | ಹ ೆ ಚ ್ ಚ ು ತ ್ ತ ಿ ರ ು ವ ವ ಹ ಹ ನ ನ ನ ನ ೆ ೆ ಯ ಲ ಲ ಲ ಿ ಿ | 
   Hyp : ಸಸಾಂಸ್ೃೃಿಿಕ ನಗರಿ ಮೈಸೂರಿನಲ್ಲಿ ಕೊರೋನಾ ಸೋಂಕು ಹೆಚ್ಚುತ್ತಿರುವವಹಹನನನನೆೆಯಲಲಲಿಿ ಇಂಿಿಿಿಂದಐ
   Ref : ಸಾಂಸ್ಕೃತಿಕ ನಗರಿ ಮೈಸೂರಿನಲ್ಲಿ ಕೊರೋನಾ ಸೋಂಕು ಹೆಚ್ಚುತ್ತಿರುವ ಹಿನ್ನೆಲೆಯಲ್ಲಿ ಇಂದಿನಿಂದ ಐದ
DEBUG:urllib3.connectionpool:Resetting dropped connection: api.wandb.ai
DEBUG:urllib3.connectionpool:https://api.wandb.ai:443 "POST /graphql HTTP/1.1" 200 60
ep40 step74025/140100 loss=1.1022 acc=0.851 lr=2.00e-06 gnorm=2.01 159 smp/s
ep40 step74050/140100 loss=0.6906 acc=0.896 lr=2.00e-06 gnorm=1.69 159 smp/s
ep40 step74075/140100 loss=0.8925 acc=0.948 lr=2.00e-06 gnorm=2.19 159 smp/s
ep40 step74100/140100 loss=0.8480 acc=0.919 lr=2.00e-06 gnorm=1.71 159 smp/s
ep40 step74125/140100 loss=0.8781 acc=0.891 lr=2.00e-06 gnorm=2.23 159 smp/s
ep40 step74150/140100 loss=0.9562 acc=0.874 lr=2.00e-06 gnorm=4.73 159 smp/s
ep40 step74175/140100 loss=1.0821 acc=0.866 lr=2.00e-06 gnorm=2.01 159 smp/s
ep40 step74200/140100 loss=0.9400 acc=0.887 lr=2.00e-06 gnorm=2.17 159 smp/s
ep40 step74225/140100 loss=0.8304 acc=0.922 lr=2.00e-06 gnorm=3.92 159 smp/s
ep40 step74250/140100 loss=0.8548 acc=0.939 lr=2.00e-06 gnorm=1.83 159 smp/s
ep40 step74275/140100 loss=0.7776 acc=0.906 lr=2.00e-06 gnorm=8.34 159 smp/s
ep40 step74300/140100 loss=1.1208 acc=0.959 lr=2.00e-06 gnorm=2.55 159 smp/s
ep40 step74325/140100 loss=0.8615 acc=0.897 lr=2.00e-06 gnorm=2.61 159 smp/s
ep40 step74350/140100 loss=1.0942 acc=0.909 lr=2.00e-06 gnorm=2.78 159 smp/s
ep40 step74375/140100 loss=0.9120 acc=0.846 lr=2.00e-06 gnorm=3.26 159 smp/s
ep40 step74400/140100 loss=0.8201 acc=0.903 lr=2.00e-06 gnorm=5.54 159 smp/s
ep40 step74425/140100 loss=1.1189 acc=0.875 lr=2.00e-06 gnorm=1.97 159 smp/s
ep40 step74450/140100 loss=0.9923 acc=0.958 lr=2.00e-06 gnorm=7.13 159 smp/s
ep40 step74475/140100 loss=0.7877 acc=0.921 lr=2.00e-06 gnorm=3.24 159 smp/s
ep40 step74500/140100 loss=1.0694 acc=0.951 lr=2.00e-06 gnorm=2.99 159 smp/s
ep40 step74525/140100 loss=1.0238 acc=0.898 lr=2.00e-06 gnorm=2.17 159 smp/s
ep40 step74550/140100 loss=0.9315 acc=0.858 lr=2.00e-06 gnorm=3.18 159 smp/s
ep40 step74575/140100 loss=0.8664 acc=0.945 lr=2.00e-06 gnorm=2.67 159 smp/s
ep40 step74600/140100 loss=1.0324 acc=0.864 lr=2.00e-06 gnorm=1.73 159 smp/s
ep40 step74625/140100 loss=0.8666 acc=0.884 lr=2.00e-06 gnorm=2.29 159 smp/s
ep40 step74650/140100 loss=1.2701 acc=0.872 lr=2.00e-06 gnorm=2.55 159 smp/s
ep40 step74675/140100 loss=0.9254 acc=0.844 lr=2.00e-06 gnorm=3.35 159 smp/s
ep40 step74700/140100 loss=1.0790 acc=0.884 lr=2.00e-06 gnorm=2.22 159 smp/s
ep41 step74725/140100 loss=0.5800 acc=0.954 lr=2.00e-06 gnorm=2.14 159 smp/s
ep41 step74750/140100 loss=0.6578 acc=0.932 lr=2.00e-06 gnorm=1.49 159 smp/s
ep41 step74775/140100 loss=0.7440 acc=0.943 lr=2.00e-06 gnorm=2.13 159 smp/s
ep41 step74800/140100 loss=1.1696 acc=0.904 lr=2.00e-06 gnorm=2.75 159 smp/s
ep41 step74825/140100 loss=0.8337 acc=0.916 lr=2.00e-06 gnorm=2.87 159 smp/s
ep41 step74850/140100 loss=0.9209 acc=0.922 lr=2.00e-06 gnorm=1.95 159 smp/s
ep41 step74875/140100 loss=0.8639 acc=0.966 lr=2.00e-06 gnorm=2.11 159 smp/s
ep41 step74900/140100 loss=1.0174 acc=0.839 lr=2.00e-06 gnorm=1.85 159 smp/s
ep41 step74925/140100 loss=0.9018 acc=0.934 lr=2.00e-06 gnorm=2.01 159 smp/s
ep41 step74950/140100 loss=0.9885 acc=0.900 lr=2.00e-06 gnorm=5.60 159 smp/s
ep41 step74975/140100 loss=0.6842 acc=0.923 lr=2.00e-06 gnorm=2.80 159 smp/s
ep41 step75000/140100 loss=1.1664 acc=0.883 lr=2.00e-06 gnorm=2.08 159 smp/s
ep41 step75025/140100 loss=0.9561 acc=0.936 lr=2.00e-06 gnorm=1.65 159 smp/s
ep41 step75050/140100 loss=0.9242 acc=0.951 lr=2.00e-06 gnorm=2.38 159 smp/s
ep41 step75075/140100 loss=0.7609 acc=0.947 lr=2.00e-06 gnorm=2.72 159 smp/s
ep41 step75100/140100 loss=0.7328 acc=0.919 lr=2.00e-06 gnorm=1.67 159 smp/s
ep41 step75125/140100 loss=0.9410 acc=0.881 lr=2.00e-06 gnorm=1.94 159 smp/s
ep41 step75150/140100 loss=1.0515 acc=0.902 lr=2.00e-06 gnorm=2.18 159 smp/s
ep41 step75175/140100 loss=0.7525 acc=0.949 lr=2.00e-06 gnorm=1.94 159 smp/s
ep41 step75200/140100 loss=0.8913 acc=0.863 lr=2.00e-06 gnorm=1.52 159 smp/s
ep41 step75225/140100 loss=0.6064 acc=0.931 lr=2.00e-06 gnorm=1.77 159 smp/s
ep41 step75250/140100 loss=1.1607 acc=0.945 lr=2.00e-06 gnorm=5.76 159 smp/s
ep41 step75275/140100 loss=0.9307 acc=0.919 lr=2.00e-06 gnorm=3.25 159 smp/s
ep41 step75300/140100 loss=0.8209 acc=0.922 lr=2.00e-06 gnorm=2.70 159 smp/s
ep41 step75325/140100 loss=0.6807 acc=0.898 lr=2.00e-06 gnorm=4.48 159 smp/s
ep41 step75350/140100 loss=0.6094 acc=0.915 lr=2.00e-06 gnorm=1.88 159 smp/s
ep41 step75375/140100 loss=0.6386 acc=0.947 lr=2.00e-06 gnorm=1.96 159 smp/s
ep41 step75400/140100 loss=0.8276 acc=0.913 lr=2.00e-06 gnorm=1.91 159 smp/s
ep41 step75425/140100 loss=0.7099 acc=0.904 lr=2.00e-06 gnorm=2.19 159 smp/s
ep41 step75450/140100 loss=0.8032 acc=0.904 lr=2.00e-06 gnorm=3.97 159 smp/s
ep41 step75475/140100 loss=0.5645 acc=0.967 lr=2.00e-06 gnorm=2.73 159 smp/s
ep41 step75500/140100 loss=0.8267 acc=0.955 lr=2.00e-06 gnorm=2.21 160 smp/s
ep41 step75525/140100 loss=1.0030 acc=0.905 lr=2.00e-06 gnorm=7.33 160 smp/s
ep41 step75550/140100 loss=0.8505 acc=0.915 lr=2.00e-06 gnorm=2.10 160 smp/s
ep41 step75575/140100 loss=0.8071 acc=0.922 lr=2.00e-06 gnorm=1.94 160 smp/s
ep41 step75600/140100 loss=0.7150 acc=0.923 lr=2.00e-06 gnorm=2.89 160 smp/s
ep41 step75625/140100 loss=1.0390 acc=0.888 lr=2.00e-06 gnorm=3.63 160 smp/s
ep41 step75650/140100 loss=0.7084 acc=0.907 lr=2.00e-06 gnorm=2.37 160 smp/s
ep41 step75675/140100 loss=1.0474 acc=0.923 lr=2.00e-06 gnorm=1.83 160 smp/s
ep41 step75700/140100 loss=0.8986 acc=0.891 lr=2.00e-06 gnorm=1.80 160 smp/s
ep41 step75725/140100 loss=0.9561 acc=0.885 lr=2.00e-06 gnorm=3.80 160 smp/s
ep41 step75750/140100 loss=0.9887 acc=0.875 lr=2.00e-06 gnorm=2.44 160 smp/s
ep41 step75775/140100 loss=0.8987 acc=0.905 lr=2.00e-06 gnorm=5.65 160 smp/s
ep41 step75800/140100 loss=0.7105 acc=0.907 lr=2.00e-06 gnorm=1.62 160 smp/s
ep41 step75825/140100 loss=0.9793 acc=0.914 lr=2.00e-06 gnorm=2.15 160 smp/s
ep41 step75850/140100 loss=0.7578 acc=0.946 lr=2.00e-06 gnorm=2.03 160 smp/s
ep41 step75875/140100 loss=0.9270 acc=0.903 lr=2.00e-06 gnorm=2.17 160 smp/s
ep41 step75900/140100 loss=0.6913 acc=0.935 lr=2.00e-06 gnorm=1.46 160 smp/s
ep41 step75925/140100 loss=1.0034 acc=0.909 lr=2.00e-06 gnorm=5.61 160 smp/s
ep41 step75950/140100 loss=0.9468 acc=0.914 lr=2.00e-06 gnorm=3.89 160 smp/s
ep41 step75975/140100 loss=1.1432 acc=0.905 lr=2.00e-06 gnorm=2.15 160 smp/s
ep41 step76000/140100 loss=0.9141 acc=0.924 lr=2.00e-06 gnorm=2.09 160 smp/s
[eval @ 76000] WER=0.804 CER=0.401 SER=1.000 loss=0.739 content_acc=0.357 fill_rate=0.686 entropy=0.666 distinct=82
[eval @ 76000] iter32  WER=0.555 CER=0.205 SER=0.915 (mask-predict decode, n=200 clips)
   Full: ಸ ಾ ಂ ಸ ್ ಕ ೃ ೃ ಿ ಕ | ನ ಗ ರ ಿ | ಮ ೈ ಸ ೂ ರ ಿ ನ ಲ ್ ಲ ಿ | ಕ ೊ ರ ರ ನ ಾ ಾ | ಸ ೋ ಕ ು ು | ಹ ೆ ಚ ಚ ಚ ತ ್ ತ ಿ ಿ ು ು ವ | ಹ ಿ ನ ನ ನ ೆ ೆ ಯ ಲ ಲ ್ ಲ ಿ | 
   Hyp : ಸಸಾಂಸ್ಕೃೃಿಕ ನಗರಿ ಮೈಸೂರಿನಲ್ಲಿ ಕೊರರನಾಾ ಸೋಕುು ಹೆಚಚಚತ್ತಿಿುುವ ಹಿನನನೆೆಯಲಲ್ಲಿ ಇಂಿಿನಿಂದಐ
   Ref : ಸಾಂಸ್ಕೃತಿಕ ನಗರಿ ಮೈಸೂರಿನಲ್ಲಿ ಕೊರೋನಾ ಸೋಂಕು ಹೆಚ್ಚುತ್ತಿರುವ ಹಿನ್ನೆಲೆಯಲ್ಲಿ ಇಂದಿನಿಂದ ಐದ
DEBUG:urllib3.connectionpool:Resetting dropped connection: api.wandb.ai
DEBUG:urllib3.connectionpool:Starting new HTTPS connection (2): api.wandb.ai:443
   ** new best eval/iter_WER=0.5551 -> best.pt
ep41 step76025/140100 loss=1.1140 acc=0.833 lr=2.00e-06 gnorm=3.54 159 smp/s
ep41 step76050/140100 loss=0.8838 acc=0.883 lr=2.00e-06 gnorm=2.20 159 smp/s
ep41 step76075/140100 loss=1.0238 acc=0.895 lr=2.00e-06 gnorm=2.05 159 smp/s
ep41 step76100/140100 loss=0.7534 acc=0.931 lr=2.00e-06 gnorm=2.15 159 smp/s
ep41 step76125/140100 loss=1.0570 acc=0.896 lr=2.00e-06 gnorm=2.65 159 smp/s
ep41 step76150/140100 loss=1.0582 acc=0.874 lr=2.00e-06 gnorm=2.76 159 smp/s
ep41 step76175/140100 loss=0.9485 acc=0.910 lr=2.00e-06 gnorm=3.60 159 smp/s
ep41 step76200/140100 loss=0.6427 acc=0.949 lr=2.00e-06 gnorm=3.36 159 smp/s
ep41 step76225/140100 loss=0.8646 acc=0.913 lr=2.00e-06 gnorm=1.88 159 smp/s
ep41 step76250/140100 loss=1.0066 acc=0.915 lr=2.00e-06 gnorm=2.92 159 smp/s
ep41 step76275/140100 loss=1.0567 acc=0.860 lr=2.00e-06 gnorm=1.75 159 smp/s
ep41 step76300/140100 loss=0.5552 acc=0.928 lr=2.00e-06 gnorm=2.75 159 smp/s
ep41 step76325/140100 loss=1.0721 acc=0.921 lr=2.00e-06 gnorm=1.41 159 smp/s
ep41 step76350/140100 loss=0.7607 acc=0.928 lr=2.00e-06 gnorm=1.70 159 smp/s
ep41 step76375/140100 loss=0.6707 acc=0.916 lr=2.00e-06 gnorm=1.79 159 smp/s
ep41 step76400/140100 loss=0.9159 acc=0.904 lr=2.00e-06 gnorm=2.88 159 smp/s
ep41 step76425/140100 loss=0.9850 acc=0.902 lr=2.00e-06 gnorm=2.52 159 smp/s
ep41 step76450/140100 loss=0.8638 acc=0.888 lr=2.00e-06 gnorm=1.67 159 smp/s
ep41 step76475/140100 loss=0.7558 acc=0.911 lr=2.00e-06 gnorm=2.14 159 smp/s
ep41 step76500/140100 loss=0.8793 acc=0.925 lr=2.00e-06 gnorm=3.50 159 smp/s
ep41 step76525/140100 loss=0.8154 acc=0.933 lr=2.00e-06 gnorm=2.77 159 smp/s
ep41 step76550/140100 loss=0.7751 acc=0.913 lr=2.00e-06 gnorm=1.82 159 smp/s
ep41 step76575/140100 loss=0.8902 acc=0.897 lr=2.00e-06 gnorm=2.56 159 smp/s
ep42 step76600/140100 loss=0.5640 acc=0.946 lr=2.00e-06 gnorm=2.85 159 smp/s
ep42 step76625/140100 loss=1.0180 acc=0.930 lr=2.00e-06 gnorm=5.94 159 smp/s
ep42 step76650/140100 loss=0.8404 acc=0.962 lr=2.00e-06 gnorm=2.57 159 smp/s
ep42 step76675/140100 loss=0.8873 acc=0.922 lr=2.00e-06 gnorm=3.59 159 smp/s
ep42 step76700/140100 loss=0.8865 acc=0.877 lr=2.00e-06 gnorm=2.46 159 smp/s
ep42 step76725/140100 loss=1.2317 acc=0.880 lr=2.00e-06 gnorm=1.87 159 smp/s
ep42 step76750/140100 loss=0.9129 acc=0.895 lr=2.00e-06 gnorm=2.12 159 smp/s
ep42 step76775/140100 loss=0.8586 acc=0.861 lr=2.00e-06 gnorm=3.79 159 smp/s
ep42 step76800/140100 loss=0.9690 acc=0.921 lr=2.00e-06 gnorm=3.00 159 smp/s
ep42 step76825/140100 loss=0.7085 acc=0.912 lr=2.00e-06 gnorm=1.77 159 smp/s
ep42 step76850/140100 loss=0.9108 acc=0.902 lr=2.00e-06 gnorm=4.84 159 smp/s
ep42 step76875/140100 loss=0.7593 acc=0.948 lr=2.00e-06 gnorm=2.70 159 smp/s
ep42 step76900/140100 loss=1.1995 acc=0.937 lr=2.00e-06 gnorm=3.99 159 smp/s
ep42 step76925/140100 loss=1.0127 acc=0.921 lr=2.00e-06 gnorm=4.07 159 smp/s
ep42 step76950/140100 loss=0.8737 acc=0.899 lr=2.00e-06 gnorm=1.97 159 smp/s
ep42 step76975/140100 loss=0.7055 acc=0.974 lr=2.00e-06 gnorm=1.94 159 smp/s
ep42 step77000/140100 loss=0.7944 acc=0.899 lr=2.00e-06 gnorm=2.51 159 smp/s
ep42 step77025/140100 loss=0.6897 acc=0.936 lr=2.00e-06 gnorm=3.17 159 smp/s
ep42 step77050/140100 loss=1.0686 acc=0.892 lr=2.00e-06 gnorm=2.08 159 smp/s
ep42 step77075/140100 loss=0.9266 acc=0.926 lr=2.00e-06 gnorm=2.09 159 smp/s
ep42 step77100/140100 loss=0.8127 acc=0.948 lr=2.00e-06 gnorm=1.77 159 smp/s
ep42 step77125/140100 loss=0.9521 acc=0.886 lr=2.00e-06 gnorm=1.67 159 smp/s
ep42 step77150/140100 loss=1.0219 acc=0.897 lr=2.00e-06 gnorm=3.30 159 smp/s
ep42 step77175/140100 loss=0.6388 acc=0.962 lr=2.00e-06 gnorm=2.14 159 smp/s
ep42 step77200/140100 loss=0.7502 acc=0.919 lr=2.00e-06 gnorm=2.27 159 smp/s
ep42 step77225/140100 loss=0.9276 acc=0.915 lr=2.00e-06 gnorm=1.87 159 smp/s
ep42 step77250/140100 loss=0.7929 acc=0.935 lr=2.00e-06 gnorm=3.65 159 smp/s
ep42 step77275/140100 loss=0.8275 acc=0.897 lr=2.00e-06 gnorm=2.28 159 smp/s
ep42 step77300/140100 loss=0.9727 acc=0.934 lr=2.00e-06 gnorm=1.77 159 smp/s
ep42 step77325/140100 loss=0.8511 acc=0.919 lr=2.00e-06 gnorm=4.57 159 smp/s
ep42 step77350/140100 loss=0.8194 acc=0.924 lr=2.00e-06 gnorm=4.05 159 smp/s
ep42 step77375/140100 loss=0.5256 acc=0.954 lr=2.00e-06 gnorm=2.15 159 smp/s
ep42 step77400/140100 loss=0.8366 acc=0.953 lr=2.00e-06 gnorm=4.40 159 smp/s
ep42 step77425/140100 loss=0.8626 acc=0.882 lr=2.00e-06 gnorm=2.55 159 smp/s
ep42 step77450/140100 loss=0.8429 acc=0.944 lr=2.00e-06 gnorm=1.52 159 smp/s
ep42 step77475/140100 loss=0.9542 acc=0.933 lr=2.00e-06 gnorm=1.86 159 smp/s
ep42 step77500/140100 loss=0.9193 acc=0.906 lr=2.00e-06 gnorm=2.57 159 smp/s
ep42 step77525/140100 loss=0.7639 acc=0.951 lr=2.00e-06 gnorm=2.10 159 smp/s
ep42 step77550/140100 loss=1.0619 acc=0.881 lr=2.00e-06 gnorm=2.29 159 smp/s
ep42 step77575/140100 loss=1.0658 acc=0.903 lr=2.00e-06 gnorm=2.15 159 smp/s
ep42 step77600/140100 loss=0.8857 acc=0.925 lr=2.00e-06 gnorm=2.05 159 smp/s
ep42 step77625/140100 loss=0.7969 acc=0.913 lr=2.00e-06 gnorm=1.60 159 smp/s
ep42 step77650/140100 loss=1.1446 acc=0.925 lr=2.00e-06 gnorm=2.04 159 smp/s
ep42 step77675/140100 loss=1.0179 acc=0.938 lr=2.00e-06 gnorm=1.74 159 smp/s
ep42 step77700/140100 loss=0.8685 acc=0.919 lr=2.00e-06 gnorm=2.87 159 smp/s
ep42 step77725/140100 loss=0.7928 acc=0.945 lr=2.00e-06 gnorm=1.52 159 smp/s
ep42 step77750/140100 loss=0.9950 acc=0.876 lr=2.00e-06 gnorm=2.61 159 smp/s
ep42 step77775/140100 loss=0.8052 acc=0.916 lr=2.00e-06 gnorm=3.03 159 smp/s
ep42 step77800/140100 loss=0.8000 acc=0.900 lr=2.00e-06 gnorm=2.78 159 smp/s
ep42 step77825/140100 loss=1.0013 acc=0.862 lr=2.00e-06 gnorm=1.88 159 smp/s
ep42 step77850/140100 loss=1.1477 acc=0.941 lr=2.00e-06 gnorm=1.93 159 smp/s
ep42 step77875/140100 loss=1.0262 acc=0.903 lr=2.00e-06 gnorm=2.30 159 smp/s
ep42 step77900/140100 loss=0.8634 acc=0.891 lr=2.00e-06 gnorm=1.83 159 smp/s
ep42 step77925/140100 loss=0.7275 acc=0.982 lr=2.00e-06 gnorm=1.77 159 smp/s
ep42 step77950/140100 loss=0.8703 acc=0.928 lr=2.00e-06 gnorm=5.81 159 smp/s
ep42 step77975/140100 loss=0.6993 acc=0.932 lr=2.00e-06 gnorm=1.86 159 smp/s
ep42 step78000/140100 loss=0.8108 acc=0.932 lr=2.00e-06 gnorm=2.66 159 smp/s
[eval @ 78000] WER=0.809 CER=0.401 SER=1.000 loss=0.785 content_acc=0.318 fill_rate=0.687 entropy=0.656 distinct=83
[eval @ 78000] iter32  WER=0.566 CER=0.206 SER=0.950 (mask-predict decode, n=200 clips)
   Full: ಸ ಾ ಂ ಸ ್ ಕ ೃ ೃ ಿ ಕ | ನ ಗ ರ ಿ | ಮ ೈ ಸ ೂ ರ ಿ ನ ಲ ್ ಲ ಿ | ಕ ೊ ರ ರ ನ ನ ಾ | ಸ ೋ ಕ ು ು | ಹ ೆ ಚ ಚ ಚ ತ ್ ತ ಿ ಿ ು ು ವ | ಹ ಿ ನ ನ ನ ೆ ೆ ಯ ಲ ಲ ಲ ಿ ಿ | 
   Hyp : ಸಸಾಂಸ್ಕೃೃಿಕ ನಗರಿ ಮೈಸೂರಿನಲ್ಲಿ ಕೊರರನನಾ ಸೋಕುು ಹೆಚಚಚತ್ತಿಿುುವ ಹಿನನನೆೆಯಲಲಲಿಿ ಇಂಿಿನಿಂದಐ
   Ref : ಸಾಂಸ್ಕೃತಿಕ ನಗರಿ ಮೈಸೂರಿನಲ್ಲಿ ಕೊರೋನಾ ಸೋಂಕು ಹೆಚ್ಚುತ್ತಿರುವ ಹಿನ್ನೆಲೆಯಲ್ಲಿ ಇಂದಿನಿಂದ ಐದ
DEBUG:urllib3.connectionpool:Starting new HTTPS connection (3): api.wandb.ai:443
DEBUG:urllib3.connectionpool:Starting new HTTPS connection (4): api.wandb.ai:443
ep42 step78025/140100 loss=0.8373 acc=0.886 lr=2.00e-06 gnorm=2.09 159 smp/s
ep42 step78050/140100 loss=0.7440 acc=0.957 lr=2.00e-06 gnorm=2.54 159 smp/s
ep42 step78075/140100 loss=0.9473 acc=0.915 lr=2.00e-06 gnorm=1.84 159 smp/s
ep42 step78100/140100 loss=0.5854 acc=0.908 lr=2.00e-06 gnorm=2.46 159 smp/s
ep42 step78125/140100 loss=0.9051 acc=0.901 lr=2.00e-06 gnorm=3.86 159 smp/s
ep42 step78150/140100 loss=0.9714 acc=0.931 lr=2.00e-06 gnorm=2.17 159 smp/s
ep42 step78175/140100 loss=0.9234 acc=0.894 lr=2.00e-06 gnorm=2.73 159 smp/s
ep42 step78200/140100 loss=0.6376 acc=0.915 lr=2.00e-06 gnorm=3.45 159 smp/s
ep42 step78225/140100 loss=0.7886 acc=0.960 lr=2.00e-06 gnorm=2.23 159 smp/s
ep42 step78250/140100 loss=0.9604 acc=0.827 lr=2.00e-06 gnorm=1.81 159 smp/s
ep42 step78275/140100 loss=0.9950 acc=0.902 lr=2.00e-06 gnorm=2.44 159 smp/s
ep42 step78300/140100 loss=0.8290 acc=0.895 lr=2.00e-06 gnorm=1.81 159 smp/s
ep42 step78325/140100 loss=0.5637 acc=0.927 lr=2.00e-06 gnorm=2.34 159 smp/s
ep42 step78350/140100 loss=1.2860 acc=0.866 lr=2.00e-06 gnorm=2.58 159 smp/s
ep42 step78375/140100 loss=0.8818 acc=0.949 lr=2.00e-06 gnorm=3.58 159 smp/s
ep42 step78400/140100 loss=0.6405 acc=0.931 lr=2.00e-06 gnorm=3.33 159 smp/s
ep42 step78425/140100 loss=1.0312 acc=0.879 lr=2.00e-06 gnorm=2.97 159 smp/s
ep42 step78450/140100 loss=0.8998 acc=0.902 lr=2.00e-06 gnorm=3.04 159 smp/s
ep43 step78475/140100 loss=0.6951 acc=0.921 lr=2.00e-06 gnorm=2.55 159 smp/s
ep43 step78500/140100 loss=0.9680 acc=0.921 lr=2.00e-06 gnorm=2.63 159 smp/s
ep43 step78525/140100 loss=1.1158 acc=0.890 lr=2.00e-06 gnorm=1.89 159 smp/s
ep43 step78550/140100 loss=0.9674 acc=0.863 lr=2.00e-06 gnorm=3.04 159 smp/s
ep43 step78575/140100 loss=0.7934 acc=0.934 lr=2.00e-06 gnorm=3.69 159 smp/s
ep43 step78600/140100 loss=0.9714 acc=0.922 lr=2.00e-06 gnorm=1.85 159 smp/s
ep43 step78625/140100 loss=0.8038 acc=0.910 lr=2.00e-06 gnorm=1.85 159 smp/s
ep43 step78650/140100 loss=1.1174 acc=0.866 lr=2.00e-06 gnorm=1.99 159 smp/s
ep43 step78675/140100 loss=0.7768 acc=0.950 lr=2.00e-06 gnorm=2.98 159 smp/s
ep43 step78700/140100 loss=0.8783 acc=0.950 lr=2.00e-06 gnorm=1.71 159 smp/s
ep43 step78725/140100 loss=0.9823 acc=0.865 lr=2.00e-06 gnorm=2.64 159 smp/s
ep43 step78750/140100 loss=0.8235 acc=0.957 lr=2.00e-06 gnorm=1.89 159 smp/s
ep43 step78775/140100 loss=1.0647 acc=0.871 lr=2.00e-06 gnorm=3.17 159 smp/s
ep43 step78800/140100 loss=0.9789 acc=0.896 lr=2.00e-06 gnorm=1.71 159 smp/s
ep43 step78825/140100 loss=0.6465 acc=0.944 lr=2.00e-06 gnorm=5.07 159 smp/s
ep43 step78850/140100 loss=0.6269 acc=0.975 lr=2.00e-06 gnorm=2.72 159 smp/s
ep43 step78875/140100 loss=0.8045 acc=0.943 lr=2.00e-06 gnorm=1.86 159 smp/s
ep43 step78900/140100 loss=0.9144 acc=0.841 lr=2.00e-06 gnorm=4.80 159 smp/s
ep43 step78925/140100 loss=0.8353 acc=0.932 lr=2.00e-06 gnorm=3.22 159 smp/s
ep43 step78950/140100 loss=1.1219 acc=0.899 lr=2.00e-06 gnorm=3.31 159 smp/s
ep43 step78975/140100 loss=0.5759 acc=0.938 lr=2.00e-06 gnorm=2.17 159 smp/s
ep43 step79000/140100 loss=0.5941 acc=0.949 lr=2.00e-06 gnorm=2.64 159 smp/s
ep43 step79025/140100 loss=0.9096 acc=0.961 lr=2.00e-06 gnorm=3.26 159 smp/s
ep43 step79050/140100 loss=0.9884 acc=0.944 lr=2.00e-06 gnorm=2.65 159 smp/s
ep43 step79075/140100 loss=0.8471 acc=0.955 lr=2.00e-06 gnorm=1.81 159 smp/s
ep43 step79100/140100 loss=0.7059 acc=0.934 lr=2.00e-06 gnorm=2.11 159 smp/s
ep43 step79125/140100 loss=0.9055 acc=0.880 lr=2.00e-06 gnorm=1.95 159 smp/s
ep43 step79150/140100 loss=0.7471 acc=0.940 lr=2.00e-06 gnorm=1.96 159 smp/s
ep43 step79175/140100 loss=1.0056 acc=0.915 lr=2.00e-06 gnorm=2.77 159 smp/s
ep43 step79200/140100 loss=0.8456 acc=0.886 lr=2.00e-06 gnorm=3.96 159 smp/s
ep43 step79225/140100 loss=0.8960 acc=0.916 lr=2.00e-06 gnorm=2.18 159 smp/s
ep43 step79250/140100 loss=1.1441 acc=0.887 lr=2.00e-06 gnorm=3.04 159 smp/s
ep43 step79275/140100 loss=0.8153 acc=0.932 lr=2.00e-06 gnorm=2.71 159 smp/s
ep43 step79300/140100 loss=1.0974 acc=0.918 lr=2.00e-06 gnorm=2.52 159 smp/s
ep43 step79325/140100 loss=1.0429 acc=0.898 lr=2.00e-06 gnorm=3.38 159 smp/s
ep43 step79350/140100 loss=0.9165 acc=0.924 lr=2.00e-06 gnorm=1.66 159 smp/s
ep43 step79375/140100 loss=1.0400 acc=0.966 lr=2.00e-06 gnorm=1.71 159 smp/s
ep43 step79400/140100 loss=1.0416 acc=0.876 lr=2.00e-06 gnorm=2.35 159 smp/s
ep43 step79425/140100 loss=1.1920 acc=0.893 lr=2.00e-06 gnorm=2.65 159 smp/s
ep43 step79450/140100 loss=1.0308 acc=0.930 lr=2.00e-06 gnorm=2.68 159 smp/s
ep43 step79475/140100 loss=0.7036 acc=0.935 lr=2.00e-06 gnorm=2.19 159 smp/s
ep43 step79500/140100 loss=1.0152 acc=0.848 lr=2.00e-06 gnorm=2.78 159 smp/s
ep43 step79525/140100 loss=0.7384 acc=0.914 lr=2.00e-06 gnorm=1.60 159 smp/s
ep43 step79550/140100 loss=0.6878 acc=0.950 lr=2.00e-06 gnorm=1.96 159 smp/s
ep43 step79575/140100 loss=0.8999 acc=0.924 lr=2.00e-06 gnorm=1.71 159 smp/s
ep43 step79600/140100 loss=0.7586 acc=0.958 lr=2.00e-06 gnorm=2.29 159 smp/s
ep43 step79625/140100 loss=0.6843 acc=0.947 lr=2.00e-06 gnorm=2.07 159 smp/s
ep43 step79650/140100 loss=0.8314 acc=0.938 lr=2.00e-06 gnorm=2.04 159 smp/s
ep43 step79675/140100 loss=0.5131 acc=0.944 lr=2.00e-06 gnorm=5.60 159 smp/s
ep43 step79700/140100 loss=0.8773 acc=0.880 lr=2.00e-06 gnorm=2.36 159 smp/s
ep43 step79725/140100 loss=0.9539 acc=0.942 lr=2.00e-06 gnorm=2.46 159 smp/s
ep43 step79750/140100 loss=0.7346 acc=0.950 lr=2.00e-06 gnorm=3.67 159 smp/s
ep43 step79775/140100 loss=0.6910 acc=0.893 lr=2.00e-06 gnorm=2.68 159 smp/s
ep43 step79800/140100 loss=0.8228 acc=0.890 lr=2.00e-06 gnorm=1.96 159 smp/s
ep43 step79825/140100 loss=1.0116 acc=0.909 lr=2.00e-06 gnorm=1.67 159 smp/s
ep43 step79850/140100 loss=0.8229 acc=0.893 lr=2.00e-06 gnorm=3.06 159 smp/s
ep43 step79875/140100 loss=0.8856 acc=0.891 lr=2.00e-06 gnorm=2.75 159 smp/s
ep43 step79900/140100 loss=0.8118 acc=0.918 lr=2.00e-06 gnorm=5.98 159 smp/s
ep43 step79925/140100 loss=0.8046 acc=0.904 lr=2.00e-06 gnorm=2.75 159 smp/s
ep43 step79950/140100 loss=0.8435 acc=0.918 lr=2.00e-06 gnorm=1.74 159 smp/s
ep43 step79975/140100 loss=0.7116 acc=0.911 lr=2.00e-06 gnorm=1.89 159 smp/s
ep43 step80000/140100 loss=1.0992 acc=0.916 lr=2.00e-06 gnorm=2.72 159 smp/s
[eval @ 80000] WER=0.807 CER=0.403 SER=1.000 loss=0.797 content_acc=0.321 fill_rate=0.685 entropy=0.687 distinct=82
[eval @ 80000] iter32  WER=0.566 CER=0.208 SER=0.950 (mask-predict decode, n=200 clips)
   Full: ಸ ಾ ಂ ಸ ್ ಕ ೃ ೃ ಿ ಕ | ನ ಗ ರ ಿ | ಮ ೈ ಸ ೂ ರ ಿ ನ ಲ ್ ಲ ಿ | ಕ ೊ ರ ರ ನ ಾ ಾ | ಸ ೋ ಕ ು ು | ಹ ೆ ಚ ಚ ಚ ತ ್ ತ ಿ ಿ ರ ು ವ | ಹ ಿ ನ ್ ನ ೆ ೆ ೆ ಯ ಲ ್ ಲ ಿ | 
   Hyp : ಸಸಾಂಸ್ಕೃೃಿಕ ನಗರಿ ಮೈಸೂರಿನಲ್ಲಿ ಕೊರರನಾಾ ಸೋಕುು ಹೆಚಚಚತ್ತಿಿರುವ ಹಿನ್ನೆೆೆಯಲ್ಲಿ ಇಂದಿನಿಂದ 
   Ref : ಸಾಂಸ್ಕೃತಿಕ ನಗರಿ ಮೈಸೂರಿನಲ್ಲಿ ಕೊರೋನಾ ಸೋಂಕು ಹೆಚ್ಚುತ್ತಿರುವ ಹಿನ್ನೆಲೆಯಲ್ಲಿ ಇಂದಿನಿಂದ ಐದ
DEBUG:urllib3.connectionpool:Starting new HTTPS connection (5): api.wandb.ai:443
DEBUG:urllib3.connectionpool:https://api.wandb.ai:443 "POST /graphql HTTP/1.1" 200 60
ep43 step80025/140100 loss=0.9700 acc=0.887 lr=2.00e-06 gnorm=1.65 159 smp/s
ep43 step80050/140100 loss=0.8535 acc=0.881 lr=2.00e-06 gnorm=2.48 159 smp/s
ep43 step80075/140100 loss=0.9055 acc=0.902 lr=2.00e-06 gnorm=2.81 159 smp/s
ep43 step80100/140100 loss=0.9413 acc=0.925 lr=2.00e-06 gnorm=2.16 159 smp/s
ep43 step80125/140100 loss=0.9905 acc=0.905 lr=2.00e-06 gnorm=1.94 159 smp/s
ep43 step80150/140100 loss=0.8517 acc=0.914 lr=2.00e-06 gnorm=1.82 159 smp/s
ep43 step80175/140100 loss=0.8035 acc=0.911 lr=2.00e-06 gnorm=2.74 159 smp/s
ep43 step80200/140100 loss=0.8514 acc=0.931 lr=2.00e-06 gnorm=4.93 159 smp/s
ep43 step80225/140100 loss=1.3339 acc=0.890 lr=2.00e-06 gnorm=2.68 159 smp/s
ep43 step80250/140100 loss=0.9239 acc=0.904 lr=2.00e-06 gnorm=2.39 159 smp/s
ep43 step80275/140100 loss=0.7005 acc=0.970 lr=2.00e-06 gnorm=3.67 159 smp/s
ep43 step80300/140100 loss=0.8481 acc=0.925 lr=2.00e-06 gnorm=2.40 159 smp/s
ep44 step80325/140100 loss=0.9375 acc=0.906 lr=2.00e-06 gnorm=2.20 159 smp/s
ep44 step80350/140100 loss=0.7335 acc=0.933 lr=2.00e-06 gnorm=1.72 159 smp/s
ep44 step80375/140100 loss=1.0031 acc=0.934 lr=2.00e-06 gnorm=2.15 159 smp/s
ep44 step80400/140100 loss=0.5537 acc=0.937 lr=2.00e-06 gnorm=1.94 159 smp/s
ep44 step80425/140100 loss=0.8518 acc=0.908 lr=2.00e-06 gnorm=2.00 159 smp/s
ep44 step80450/140100 loss=0.9236 acc=0.918 lr=2.00e-06 gnorm=2.36 159 smp/s
ep44 step80475/140100 loss=0.9020 acc=0.900 lr=2.00e-06 gnorm=1.75 159 smp/s
ep44 step80500/140100 loss=0.9285 acc=0.895 lr=2.00e-06 gnorm=7.21 159 smp/s
ep44 step80525/140100 loss=0.7224 acc=0.927 lr=2.00e-06 gnorm=3.29 159 smp/s
ep44 step80550/140100 loss=0.8018 acc=0.897 lr=2.00e-06 gnorm=2.41 159 smp/s
ep44 step80575/140100 loss=0.7541 acc=0.931 lr=2.00e-06 gnorm=3.39 159 smp/s
ep44 step80600/140100 loss=0.8483 acc=0.896 lr=2.00e-06 gnorm=2.50 159 smp/s
ep44 step80625/140100 loss=1.0064 acc=0.923 lr=2.00e-06 gnorm=2.01 159 smp/s
ep44 step80650/140100 loss=0.7415 acc=0.894 lr=2.00e-06 gnorm=2.10 159 smp/s
ep44 step80675/140100 loss=1.0054 acc=0.879 lr=2.00e-06 gnorm=2.42 159 smp/s
ep44 step80700/140100 loss=0.8614 acc=0.878 lr=2.00e-06 gnorm=2.47 159 smp/s
ep44 step80725/140100 loss=0.9113 acc=0.943 lr=2.00e-06 gnorm=2.23 159 smp/s
ep44 step80750/140100 loss=1.0103 acc=0.915 lr=2.00e-06 gnorm=1.60 159 smp/s
ep44 step80775/140100 loss=0.7313 acc=0.889 lr=2.00e-06 gnorm=2.57 159 smp/s
ep44 step80800/140100 loss=0.9928 acc=0.903 lr=2.00e-06 gnorm=2.21 159 smp/s
ep44 step80825/140100 loss=0.7896 acc=0.947 lr=2.00e-06 gnorm=2.26 159 smp/s
ep44 step80850/140100 loss=1.2634 acc=0.884 lr=2.00e-06 gnorm=1.83 159 smp/s
ep44 step80875/140100 loss=0.9582 acc=0.904 lr=2.00e-06 gnorm=2.46 159 smp/s
ep44 step80900/140100 loss=0.6017 acc=0.916 lr=2.00e-06 gnorm=1.97 159 smp/s
ep44 step80925/140100 loss=1.0170 acc=0.908 lr=2.00e-06 gnorm=1.91 159 smp/s
ep44 step80950/140100 loss=0.9494 acc=0.886 lr=2.00e-06 gnorm=3.51 159 smp/s
ep44 step80975/140100 loss=0.8021 acc=0.901 lr=2.00e-06 gnorm=2.00 159 smp/s
ep44 step81000/140100 loss=0.8567 acc=0.953 lr=2.00e-06 gnorm=1.79 159 smp/s
ep44 step81025/140100 loss=0.8200 acc=0.890 lr=2.00e-06 gnorm=2.97 159 smp/s
ep44 step81050/140100 loss=1.0323 acc=0.928 lr=2.00e-06 gnorm=3.34 159 smp/s
ep44 step81075/140100 loss=1.0102 acc=0.870 lr=2.00e-06 gnorm=2.75 159 smp/s
ep44 step81100/140100 loss=0.9228 acc=0.885 lr=2.00e-06 gnorm=2.26 159 smp/s
ep44 step81125/140100 loss=0.6872 acc=0.912 lr=2.00e-06 gnorm=4.15 159 smp/s
ep44 step81150/140100 loss=0.8691 acc=0.905 lr=2.00e-06 gnorm=1.99 159 smp/s
ep44 step81175/140100 loss=0.9711 acc=0.875 lr=2.00e-06 gnorm=2.24 159 smp/s
ep44 step81200/140100 loss=1.0820 acc=0.941 lr=2.00e-06 gnorm=1.89 159 smp/s
ep44 step81225/140100 loss=0.9088 acc=0.911 lr=2.00e-06 gnorm=3.61 159 smp/s
ep44 step81250/140100 loss=0.9609 acc=0.892 lr=2.00e-06 gnorm=2.61 159 smp/s
ep44 step81275/140100 loss=1.0393 acc=0.919 lr=2.00e-06 gnorm=4.32 159 smp/s
ep44 step81300/140100 loss=0.6139 acc=0.975 lr=2.00e-06 gnorm=2.53 159 smp/s
ep44 step81325/140100 loss=1.0172 acc=0.925 lr=2.00e-06 gnorm=2.57 159 smp/s
ep44 step81350/140100 loss=0.8965 acc=0.893 lr=2.00e-06 gnorm=2.30 159 smp/s
ep44 step81375/140100 loss=1.0228 acc=0.888 lr=2.00e-06 gnorm=2.49 159 smp/s
ep44 step81400/140100 loss=1.0303 acc=0.847 lr=2.00e-06 gnorm=2.39 159 smp/s
ep44 step81425/140100 loss=0.7424 acc=0.914 lr=2.00e-06 gnorm=3.23 159 smp/s
ep44 step81450/140100 loss=0.9876 acc=0.889 lr=2.00e-06 gnorm=4.28 159 smp/s
ep44 step81475/140100 loss=0.8373 acc=0.887 lr=2.00e-06 gnorm=2.56 159 smp/s
ep44 step81500/140100 loss=1.1265 acc=0.894 lr=2.00e-06 gnorm=4.68 159 smp/s
ep44 step81525/140100 loss=0.8364 acc=0.950 lr=2.00e-06 gnorm=3.45 159 smp/s
ep44 step81550/140100 loss=0.6891 acc=0.941 lr=2.00e-06 gnorm=2.08 159 smp/s
ep44 step81575/140100 loss=0.8132 acc=0.907 lr=2.00e-06 gnorm=3.08 159 smp/s
ep44 step81600/140100 loss=0.9588 acc=0.934 lr=2.00e-06 gnorm=3.23 159 smp/s
ep44 step81625/140100 loss=0.6187 acc=0.948 lr=2.00e-06 gnorm=1.93 159 smp/s
ep44 step81650/140100 loss=0.6188 acc=0.925 lr=2.00e-06 gnorm=2.27 159 smp/s
ep44 step81675/140100 loss=0.9732 acc=0.926 lr=2.00e-06 gnorm=4.80 159 smp/s
ep44 step81700/140100 loss=0.8717 acc=0.901 lr=2.00e-06 gnorm=2.41 159 smp/s
ep44 step81725/140100 loss=0.8719 acc=0.897 lr=2.00e-06 gnorm=1.77 159 smp/s
ep44 step81750/140100 loss=1.1213 acc=0.924 lr=2.00e-06 gnorm=3.33 159 smp/s
ep44 step81775/140100 loss=1.0451 acc=0.870 lr=2.00e-06 gnorm=2.15 159 smp/s
ep44 step81800/140100 loss=1.1609 acc=0.874 lr=2.00e-06 gnorm=5.10 159 smp/s
ep44 step81825/140100 loss=0.7625 acc=0.933 lr=2.00e-06 gnorm=1.56 159 smp/s
ep44 step81850/140100 loss=0.8518 acc=0.882 lr=2.00e-06 gnorm=1.77 159 smp/s
ep44 step81875/140100 loss=0.8795 acc=0.967 lr=2.00e-06 gnorm=2.27 159 smp/s
ep44 step81900/140100 loss=1.0137 acc=0.888 lr=2.00e-06 gnorm=1.85 159 smp/s
ep44 step81925/140100 loss=0.8473 acc=0.973 lr=2.00e-06 gnorm=3.55 159 smp/s
ep44 step81950/140100 loss=0.6780 acc=0.932 lr=2.00e-06 gnorm=3.33 159 smp/s
ep44 step81975/140100 loss=0.9192 acc=0.895 lr=2.00e-06 gnorm=1.95 159 smp/s
ep44 step82000/140100 loss=0.9320 acc=0.876 lr=2.00e-06 gnorm=3.03 159 smp/s
[eval @ 82000] WER=0.794 CER=0.396 SER=1.000 loss=0.694 content_acc=0.393 fill_rate=0.688 entropy=0.661 distinct=82
[eval @ 82000] iter32  WER=0.549 CER=0.201 SER=0.920 (mask-predict decode, n=200 clips)
   Full: ಸ ಾ ಂ ಸ ್ ೃ ೃ ಿ ಿ ಕ | ನ ಗ ರ ಿ | ಮ ೈ ಸ ೂ ರ ಿ ನ ಲ ್ ಲ ಿ | ಕ ೊ ರ ೋ ನ ಾ | ಸ ೋ ಂ ಕ ು | ಹ ೆ ಚ ್ ಚ ು ತ ್ ತ ಿ ರ ು ವ | ಹ ಿ ನ ್ ನ ೆ ೆ ೆ ಯ ಲ ್ ಲ ಿ | ಇ 
   Hyp : ಸಸಾಂಸ್ೃೃಿಿಕ ನಗರಿ ಮೈಸೂರಿನಲ್ಲಿ ಕೊರೋನಾ ಸೋಂಕು ಹೆಚ್ಚುತ್ತಿರುವ ಹಿನ್ನೆೆೆಯಲ್ಲಿ ಇಇಂಿಿಿಂದ ಐ
   Ref : ಸಾಂಸ್ಕೃತಿಕ ನಗರಿ ಮೈಸೂರಿನಲ್ಲಿ ಕೊರೋನಾ ಸೋಂಕು ಹೆಚ್ಚುತ್ತಿರುವ ಹಿನ್ನೆಲೆಯಲ್ಲಿ ಇಂದಿನಿಂದ ಐದ
DEBUG:urllib3.connectionpool:Resetting dropped connection: api.wandb.ai
DEBUG:urllib3.connectionpool:Starting new HTTPS connection (6): api.wandb.ai:443
   ** new best eval/iter_WER=0.5491 -> best.pt
ep44 step82025/140100 loss=0.9783 acc=0.912 lr=2.00e-06 gnorm=2.43 159 smp/s
ep44 step82050/140100 loss=0.6561 acc=0.927 lr=2.00e-06 gnorm=4.29 159 smp/s
ep44 step82075/140100 loss=1.0732 acc=0.857 lr=2.00e-06 gnorm=2.23 159 smp/s
ep44 step82100/140100 loss=0.6765 acc=0.921 lr=2.00e-06 gnorm=2.80 159 smp/s
ep44 step82125/140100 loss=0.8433 acc=0.917 lr=2.00e-06 gnorm=2.04 159 smp/s
ep44 step82150/140100 loss=0.7558 acc=0.944 lr=2.00e-06 gnorm=5.24 159 smp/s
ep44 step82175/140100 loss=0.8701 acc=0.916 lr=2.00e-06 gnorm=1.84 159 smp/s
ep45 step82200/140100 loss=1.0179 acc=0.850 lr=2.00e-06 gnorm=4.14 159 smp/s
ep45 step82225/140100 loss=0.8886 acc=0.902 lr=2.00e-06 gnorm=2.59 159 smp/s
ep45 step82250/140100 loss=0.8870 acc=0.900 lr=2.00e-06 gnorm=1.78 159 smp/s
ep45 step82275/140100 loss=0.9391 acc=0.927 lr=2.00e-06 gnorm=2.43 159 smp/s
ep45 step82300/140100 loss=0.8522 acc=0.904 lr=2.00e-06 gnorm=3.13 159 smp/s
ep45 step82325/140100 loss=1.2388 acc=0.859 lr=2.00e-06 gnorm=1.95 159 smp/s
ep45 step82350/140100 loss=0.9028 acc=0.912 lr=2.00e-06 gnorm=2.12 159 smp/s
ep45 step82375/140100 loss=1.1264 acc=0.951 lr=2.00e-06 gnorm=2.83 159 smp/s
ep45 step82400/140100 loss=1.0500 acc=0.941 lr=2.00e-06 gnorm=2.58 159 smp/s
ep45 step82425/140100 loss=0.9871 acc=0.851 lr=2.00e-06 gnorm=2.69 159 smp/s
ep45 step82450/140100 loss=1.2708 acc=0.858 lr=2.00e-06 gnorm=2.12 159 smp/s
ep45 step82475/140100 loss=1.0200 acc=0.925 lr=2.00e-06 gnorm=1.82 159 smp/s
ep45 step82500/140100 loss=0.8074 acc=0.913 lr=2.00e-06 gnorm=2.49 159 smp/s
ep45 step82525/140100 loss=0.9361 acc=0.866 lr=2.00e-06 gnorm=1.98 159 smp/s
ep45 step82550/140100 loss=0.9754 acc=0.895 lr=2.00e-06 gnorm=2.09 159 smp/s
ep45 step82575/140100 loss=1.0992 acc=0.907 lr=2.00e-06 gnorm=2.25 159 smp/s
ep45 step82600/140100 loss=0.8959 acc=0.891 lr=2.00e-06 gnorm=1.69 159 smp/s
ep45 step82625/140100 loss=0.8439 acc=0.931 lr=2.00e-06 gnorm=3.45 159 smp/s
ep45 step82650/140100 loss=0.8988 acc=0.953 lr=2.00e-06 gnorm=5.31 159 smp/s
ep45 step82675/140100 loss=0.7086 acc=0.944 lr=2.00e-06 gnorm=2.09 159 smp/s
ep45 step82700/140100 loss=0.9801 acc=0.900 lr=2.00e-06 gnorm=4.61 159 smp/s
ep45 step82725/140100 loss=0.8331 acc=0.902 lr=2.00e-06 gnorm=2.79 159 smp/s
ep45 step82750/140100 loss=1.2730 acc=0.865 lr=2.00e-06 gnorm=3.52 159 smp/s
ep45 step82775/140100 loss=0.6109 acc=0.957 lr=2.00e-06 gnorm=2.63 159 smp/s
ep45 step82800/140100 loss=0.5916 acc=0.902 lr=2.00e-06 gnorm=2.09 159 smp/s
ep45 step82825/140100 loss=0.8322 acc=0.924 lr=2.00e-06 gnorm=2.19 159 smp/s
ep45 step82850/140100 loss=0.8912 acc=0.918 lr=2.00e-06 gnorm=1.61 159 smp/s
ep45 step82875/140100 loss=0.6291 acc=0.926 lr=2.00e-06 gnorm=1.75 159 smp/s
ep45 step82900/140100 loss=0.8679 acc=0.926 lr=2.00e-06 gnorm=3.60 159 smp/s
ep45 step82925/140100 loss=0.8522 acc=0.913 lr=2.00e-06 gnorm=1.61 159 smp/s
ep45 step82950/140100 loss=0.6855 acc=0.975 lr=2.00e-06 gnorm=1.72 159 smp/s
ep45 step82975/140100 loss=0.8574 acc=0.933 lr=2.00e-06 gnorm=3.25 159 smp/s
ep45 step83000/140100 loss=0.7401 acc=0.913 lr=2.00e-06 gnorm=2.25 159 smp/s
ep45 step83025/140100 loss=0.9399 acc=0.919 lr=2.00e-06 gnorm=2.11 159 smp/s
ep45 step83050/140100 loss=1.1841 acc=0.838 lr=2.00e-06 gnorm=2.25 159 smp/s
ep45 step83075/140100 loss=0.8210 acc=0.895 lr=2.00e-06 gnorm=4.31 159 smp/s
ep45 step83100/140100 loss=0.8615 acc=0.888 lr=2.00e-06 gnorm=4.20 159 smp/s
ep45 step83125/140100 loss=0.8416 acc=0.935 lr=2.00e-06 gnorm=2.04 159 smp/s
ep45 step83150/140100 loss=1.0143 acc=0.842 lr=2.00e-06 gnorm=2.07 159 smp/s
ep45 step83175/140100 loss=0.9575 acc=0.883 lr=2.00e-06 gnorm=3.41 159 smp/s
ep45 step83200/140100 loss=0.7731 acc=0.878 lr=2.00e-06 gnorm=2.63 159 smp/s
ep45 step83225/140100 loss=1.0443 acc=0.877 lr=2.00e-06 gnorm=1.73 159 smp/s
ep45 step83250/140100 loss=0.9475 acc=0.895 lr=2.00e-06 gnorm=6.06 159 smp/s
ep45 step83275/140100 loss=1.0105 acc=0.896 lr=2.00e-06 gnorm=4.31 159 smp/s
ep45 step83300/140100 loss=0.9229 acc=0.853 lr=2.00e-06 gnorm=1.89 159 smp/s
ep45 step83325/140100 loss=0.7369 acc=0.912 lr=2.00e-06 gnorm=1.90 159 smp/s
ep45 step83350/140100 loss=0.8226 acc=0.919 lr=2.00e-06 gnorm=1.93 159 smp/s
ep45 step83375/140100 loss=0.8654 acc=0.913 lr=2.00e-06 gnorm=4.52 159 smp/s
ep45 step83400/140100 loss=0.8417 acc=0.890 lr=2.00e-06 gnorm=2.29 159 smp/s
ep45 step83425/140100 loss=0.8077 acc=0.953 lr=2.00e-06 gnorm=2.05 159 smp/s
ep45 step83450/140100 loss=0.9961 acc=0.947 lr=2.00e-06 gnorm=3.84 159 smp/s
ep45 step83475/140100 loss=0.9581 acc=0.897 lr=2.00e-06 gnorm=3.10 159 smp/s
ep45 step83500/140100 loss=0.9109 acc=0.905 lr=2.00e-06 gnorm=3.13 159 smp/s
ep45 step83525/140100 loss=0.6718 acc=0.921 lr=2.00e-06 gnorm=1.70 159 smp/s
ep45 step83550/140100 loss=0.7184 acc=0.955 lr=2.00e-06 gnorm=4.49 159 smp/s
ep45 step83575/140100 loss=0.7274 acc=0.958 lr=2.00e-06 gnorm=2.27 159 smp/s
ep45 step83600/140100 loss=0.8884 acc=0.896 lr=2.00e-06 gnorm=2.48 159 smp/s
ep45 step83625/140100 loss=1.0072 acc=0.898 lr=2.00e-06 gnorm=4.14 159 smp/s
ep45 step83650/140100 loss=0.8859 acc=0.917 lr=2.00e-06 gnorm=1.79 159 smp/s
ep45 step83675/140100 loss=0.8338 acc=0.887 lr=2.00e-06 gnorm=2.67 159 smp/s
ep45 step83700/140100 loss=0.7045 acc=0.935 lr=2.00e-06 gnorm=2.65 159 smp/s
ep45 step83725/140100 loss=1.1268 acc=0.869 lr=2.00e-06 gnorm=2.21 159 smp/s
ep45 step83750/140100 loss=0.8679 acc=0.915 lr=2.00e-06 gnorm=3.19 159 smp/s
ep45 step83775/140100 loss=0.9696 acc=0.873 lr=2.00e-06 gnorm=2.24 159 smp/s
ep45 step83800/140100 loss=1.1907 acc=0.881 lr=2.00e-06 gnorm=3.39 159 smp/s
ep45 step83825/140100 loss=0.8193 acc=0.936 lr=2.00e-06 gnorm=1.77 159 smp/s
ep45 step83850/140100 loss=0.6110 acc=0.939 lr=2.00e-06 gnorm=2.64 159 smp/s
ep45 step83875/140100 loss=1.1874 acc=0.857 lr=2.00e-06 gnorm=2.19 159 smp/s
ep45 step83900/140100 loss=0.8781 acc=0.955 lr=2.00e-06 gnorm=2.05 159 smp/s
ep45 step83925/140100 loss=1.1022 acc=0.885 lr=2.00e-06 gnorm=1.66 159 smp/s
ep45 step83950/140100 loss=0.7051 acc=0.965 lr=2.00e-06 gnorm=2.13 159 smp/s
ep45 step83975/140100 loss=0.6780 acc=0.929 lr=2.00e-06 gnorm=2.15 159 smp/s
ep45 step84000/140100 loss=1.0719 acc=0.910 lr=2.00e-06 gnorm=2.44 159 smp/s
[eval @ 84000] WER=0.804 CER=0.399 SER=1.000 loss=0.762 content_acc=0.347 fill_rate=0.685 entropy=0.687 distinct=82
[eval @ 84000] iter32  WER=0.563 CER=0.206 SER=0.950 (mask-predict decode, n=200 clips)
   Full: ಸ ಾ ಂ ಸ ್ ಕ ೃ ಿ ಿ ಕ | ನ ಗ ರ ಿ | ಮ ೈ ಸ ೂ ರ ಿ ನ ಲ ್ ಲ ಿ | ಕ ೊ ರ ೋ ನ ಾ ಾ | ೋ ೋ ಕ ು ು | ಹ ೆ ಚ ್ ಚ ತ ್ ತ ಿ ಿ ರ ು ವ | ಹ ಿ ನ ್ ನ ೆ ೆ ೆ ಲ ಲ ್ ಲ ಿ | 
   Hyp : ಸಸಾಂಸ್ಕೃಿಿಕ ನಗರಿ ಮೈಸೂರಿನಲ್ಲಿ ಕೊರೋನಾಾ ೋೋಕುು ಹೆಚ್ಚತ್ತಿಿರುವ ಹಿನ್ನೆೆೆಲಲ್ಲಿ ಇಂದಿನಿಂದ 
   Ref : ಸಾಂಸ್ಕೃತಿಕ ನಗರಿ ಮೈಸೂರಿನಲ್ಲಿ ಕೊರೋನಾ ಸೋಂಕು ಹೆಚ್ಚುತ್ತಿರುವ ಹಿನ್ನೆಲೆಯಲ್ಲಿ ಇಂದಿನಿಂದ ಐದ
DEBUG:urllib3.connectionpool:Starting new HTTPS connection (7): api.wandb.ai:443
DEBUG:urllib3.connectionpool:https://api.wandb.ai:443 "POST /graphql HTTP/1.1" 200 60
ep45 step84025/140100 loss=0.9302 acc=0.956 lr=2.00e-06 gnorm=6.05 159 smp/s
ep45 step84050/140100 loss=0.9302 acc=0.928 lr=2.00e-06 gnorm=3.34 159 smp/s
ep46 step84075/140100 loss=0.8808 acc=0.926 lr=2.00e-06 gnorm=2.36 159 smp/s
ep46 step84100/140100 loss=0.9382 acc=0.890 lr=2.00e-06 gnorm=2.19 159 smp/s
ep46 step84125/140100 loss=0.7564 acc=0.934 lr=2.00e-06 gnorm=2.56 159 smp/s
ep46 step84150/140100 loss=1.0954 acc=0.897 lr=2.00e-06 gnorm=2.40 159 smp/s
ep46 step84175/140100 loss=0.7280 acc=0.917 lr=2.00e-06 gnorm=2.15 159 smp/s
ep46 step84200/140100 loss=0.6521 acc=0.929 lr=2.00e-06 gnorm=1.55 159 smp/s
ep46 step84225/140100 loss=1.0955 acc=0.906 lr=2.00e-06 gnorm=2.06 159 smp/s
ep46 step84250/140100 loss=1.0378 acc=0.891 lr=2.00e-06 gnorm=2.51 159 smp/s
ep46 step84275/140100 loss=1.0098 acc=0.914 lr=2.00e-06 gnorm=1.57 159 smp/s
ep46 step84300/140100 loss=0.8716 acc=0.931 lr=2.00e-06 gnorm=1.70 159 smp/s
ep46 step84325/140100 loss=0.8688 acc=0.912 lr=2.00e-06 gnorm=2.03 159 smp/s
ep46 step84350/140100 loss=0.8631 acc=0.956 lr=2.00e-06 gnorm=2.45 159 smp/s
ep46 step84375/140100 loss=1.0572 acc=0.944 lr=2.00e-06 gnorm=1.58 159 smp/s
ep46 step84400/140100 loss=0.7081 acc=0.942 lr=2.00e-06 gnorm=3.20 159 smp/s
ep46 step84425/140100 loss=1.0796 acc=0.891 lr=2.00e-06 gnorm=3.67 159 smp/s
ep46 step84450/140100 loss=0.7741 acc=0.896 lr=2.00e-06 gnorm=2.40 159 smp/s
ep46 step84475/140100 loss=0.9849 acc=0.940 lr=2.00e-06 gnorm=1.90 159 smp/s
ep46 step84500/140100 loss=0.9430 acc=0.929 lr=2.00e-06 gnorm=4.00 159 smp/s
ep46 step84525/140100 loss=0.6313 acc=0.965 lr=2.00e-06 gnorm=1.75 159 smp/s
ep46 step84550/140100 loss=0.7321 acc=0.938 lr=2.00e-06 gnorm=1.99 159 smp/s
ep46 step84575/140100 loss=0.9728 acc=0.849 lr=2.00e-06 gnorm=3.15 159 smp/s
ep46 step84600/140100 loss=1.2152 acc=0.883 lr=2.00e-06 gnorm=2.85 159 smp/s
ep46 step84625/140100 loss=1.0366 acc=0.898 lr=2.00e-06 gnorm=3.73 159 smp/s
ep46 step84650/140100 loss=0.9960 acc=0.869 lr=2.00e-06 gnorm=4.15 159 smp/s
ep46 step84675/140100 loss=0.9313 acc=0.897 lr=2.00e-06 gnorm=2.87 159 smp/s
ep46 step84700/140100 loss=0.6609 acc=0.893 lr=2.00e-06 gnorm=3.24 159 smp/s
ep46 step84725/140100 loss=0.6902 acc=0.951 lr=2.00e-06 gnorm=3.35 159 smp/s
ep46 step84750/140100 loss=0.9579 acc=0.913 lr=2.00e-06 gnorm=3.77 159 smp/s
ep46 step84775/140100 loss=0.9101 acc=0.942 lr=2.00e-06 gnorm=1.97 159 smp/s
ep46 step84800/140100 loss=0.8219 acc=0.920 lr=2.00e-06 gnorm=1.90 159 smp/s
ep46 step84825/140100 loss=0.7276 acc=0.920 lr=2.00e-06 gnorm=5.10 159 smp/s
ep46 step84850/140100 loss=0.8288 acc=0.968 lr=2.00e-06 gnorm=2.34 159 smp/s
ep46 step84875/140100 loss=0.6220 acc=0.957 lr=2.00e-06 gnorm=2.44 159 smp/s
ep46 step84900/140100 loss=0.7108 acc=0.900 lr=2.00e-06 gnorm=4.60 159 smp/s
ep46 step84925/140100 loss=1.0455 acc=0.941 lr=2.00e-06 gnorm=2.92 159 smp/s
ep46 step84950/140100 loss=0.8812 acc=0.896 lr=2.00e-06 gnorm=2.74 159 smp/s
ep46 step84975/140100 loss=0.8409 acc=0.952 lr=2.00e-06 gnorm=2.20 159 smp/s
ep46 step85000/140100 loss=0.7156 acc=0.934 lr=2.00e-06 gnorm=1.90 159 smp/s
ep46 step85025/140100 loss=0.7996 acc=0.926 lr=2.00e-06 gnorm=3.13 159 smp/s
ep46 step85050/140100 loss=0.7884 acc=0.967 lr=2.00e-06 gnorm=1.80 159 smp/s
ep46 step85075/140100 loss=0.8677 acc=0.901 lr=2.00e-06 gnorm=2.57 159 smp/s
ep46 step85100/140100 loss=0.8780 acc=0.892 lr=2.00e-06 gnorm=2.28 159 smp/s
ep46 step85125/140100 loss=1.3548 acc=0.947 lr=2.00e-06 gnorm=2.72 159 smp/s
ep46 step85150/140100 loss=1.0623 acc=0.902 lr=2.00e-06 gnorm=1.90 159 smp/s
ep46 step85175/140100 loss=0.9549 acc=0.923 lr=2.00e-06 gnorm=2.75 159 smp/s
ep46 step85200/140100 loss=1.1041 acc=0.909 lr=2.00e-06 gnorm=2.37 159 smp/s
ep46 step85225/140100 loss=0.9227 acc=0.906 lr=2.00e-06 gnorm=1.72 159 smp/s
ep46 step85250/140100 loss=0.7219 acc=0.898 lr=2.00e-06 gnorm=1.82 159 smp/s
ep46 step85275/140100 loss=0.8827 acc=0.938 lr=2.00e-06 gnorm=2.84 159 smp/s
ep46 step85300/140100 loss=0.8282 acc=0.958 lr=2.00e-06 gnorm=2.15 159 smp/s
ep46 step85325/140100 loss=0.9402 acc=0.926 lr=2.00e-06 gnorm=2.72 159 smp/s
ep46 step85350/140100 loss=0.8185 acc=0.940 lr=2.00e-06 gnorm=2.08 159 smp/s
ep46 step85375/140100 loss=0.9213 acc=0.890 lr=2.00e-06 gnorm=1.70 159 smp/s
ep46 step85400/140100 loss=0.9105 acc=0.932 lr=2.00e-06 gnorm=3.50 159 smp/s
ep46 step85425/140100 loss=0.7435 acc=0.943 lr=2.00e-06 gnorm=2.35 159 smp/s
ep46 step85450/140100 loss=0.7292 acc=0.913 lr=2.00e-06 gnorm=3.41 159 smp/s
ep46 step85475/140100 loss=1.0220 acc=0.893 lr=2.00e-06 gnorm=2.28 159 smp/s
ep46 step85500/140100 loss=1.1839 acc=0.851 lr=2.00e-06 gnorm=1.79 159 smp/s
ep46 step85525/140100 loss=0.9481 acc=0.869 lr=2.00e-06 gnorm=1.43 159 smp/s
ep46 step85550/140100 loss=1.0013 acc=0.913 lr=2.00e-06 gnorm=2.05 159 smp/s
ep46 step85575/140100 loss=0.7929 acc=0.937 lr=2.00e-06 gnorm=2.31 159 smp/s
ep46 step85600/140100 loss=0.8983 acc=0.940 lr=2.00e-06 gnorm=2.26 159 smp/s
ep46 step85625/140100 loss=0.7976 acc=0.905 lr=2.00e-06 gnorm=1.67 159 smp/s
ep46 step85650/140100 loss=0.8718 acc=0.879 lr=2.00e-06 gnorm=3.49 159 smp/s
ep46 step85675/140100 loss=0.7524 acc=0.913 lr=2.00e-06 gnorm=2.43 159 smp/s
ep46 step85700/140100 loss=0.9300 acc=0.926 lr=2.00e-06 gnorm=2.14 159 smp/s
ep46 step85725/140100 loss=0.9424 acc=0.892 lr=2.00e-06 gnorm=2.36 159 smp/s
ep46 step85750/140100 loss=0.6476 acc=0.926 lr=2.00e-06 gnorm=5.88 159 smp/s
ep46 step85775/140100 loss=0.8728 acc=0.965 lr=2.00e-06 gnorm=2.04 159 smp/s
ep46 step85800/140100 loss=0.8086 acc=0.921 lr=2.00e-06 gnorm=4.51 159 smp/s
ep46 step85825/140100 loss=0.8993 acc=0.915 lr=2.00e-06 gnorm=3.77 159 smp/s
ep46 step85850/140100 loss=0.7042 acc=0.950 lr=2.00e-06 gnorm=3.83 159 smp/s
ep46 step85875/140100 loss=0.8471 acc=0.970 lr=2.00e-06 gnorm=3.24 159 smp/s
ep46 step85900/140100 loss=0.8136 acc=0.901 lr=2.00e-06 gnorm=3.15 159 smp/s
ep46 step85925/140100 loss=0.8881 acc=0.910 lr=2.00e-06 gnorm=2.28 159 smp/s
ep47 step85950/140100 loss=0.9251 acc=0.884 lr=2.00e-06 gnorm=3.01 159 smp/s
ep47 step85975/140100 loss=0.8859 acc=0.905 lr=2.00e-06 gnorm=2.24 159 smp/s
ep47 step86000/140100 loss=0.9994 acc=0.923 lr=2.00e-06 gnorm=3.46 159 smp/s
[eval @ 86000] WER=0.799 CER=0.398 SER=1.000 loss=0.753 content_acc=0.347 fill_rate=0.687 entropy=0.676 distinct=82
[eval @ 86000] iter32  WER=0.548 CER=0.202 SER=0.945 (mask-predict decode, n=200 clips)
   Full: ಸ ಾ ಂ ಸ ್ ಕ ೃ ೃ ಿ ಕ | ನ ಗ ರ ಿ | ಮ ೈ ಸ ೂ ರ ಿ ನ ಲ ್ ಲ ಿ | ಕ ೊ ೊ ರ ನ ನ ಾ | ಸ ೋ ಕ ು ು | ಹ ೆ ಚ ್ ಚ ತ ್ ತ ಿ ಿ ರ ು ವ | ಹ ಿ ನ ನ ನ ೆ ೆ ಯ ಲ ಲ ್ ಲ ಿ | 
   Hyp : ಸಸಾಂಸ್ಕೃೃಿಕ ನಗರಿ ಮೈಸೂರಿನಲ್ಲಿ ಕೊೊರನನಾ ಸೋಕುು ಹೆಚ್ಚತ್ತಿಿರುವ ಹಿನನನೆೆಯಲಲ್ಲಿ ಇಂದಿನಿಂದ 
   Ref : ಸಾಂಸ್ಕೃತಿಕ ನಗರಿ ಮೈಸೂರಿನಲ್ಲಿ ಕೊರೋನಾ ಸೋಂಕು ಹೆಚ್ಚುತ್ತಿರುವ ಹಿನ್ನೆಲೆಯಲ್ಲಿ ಇಂದಿನಿಂದ ಐದ
DEBUG:urllib3.connectionpool:Resetting dropped connection: api.wandb.ai
DEBUG:urllib3.connectionpool:Starting new HTTPS connection (8): api.wandb.ai:443
   ** new best eval/iter_WER=0.5477 -> best.pt
ep47 step86025/140100 loss=1.0787 acc=0.890 lr=2.00e-06 gnorm=2.62 159 smp/s
ep47 step86050/140100 loss=1.2062 acc=0.894 lr=2.00e-06 gnorm=1.87 159 smp/s
ep47 step86075/140100 loss=0.8305 acc=0.958 lr=2.00e-06 gnorm=1.99 159 smp/s
ep47 step86100/140100 loss=0.7326 acc=0.916 lr=2.00e-06 gnorm=1.78 159 smp/s
ep47 step86125/140100 loss=0.8512 acc=0.862 lr=2.00e-06 gnorm=2.32 159 smp/s
ep47 step86150/140100 loss=0.8444 acc=0.919 lr=2.00e-06 gnorm=2.37 159 smp/s
ep47 step86175/140100 loss=0.9888 acc=0.889 lr=2.00e-06 gnorm=1.94 159 smp/s
ep47 step86200/140100 loss=0.8387 acc=0.897 lr=2.00e-06 gnorm=1.95 159 smp/s
ep47 step86225/140100 loss=1.3575 acc=0.849 lr=2.00e-06 gnorm=1.79 159 smp/s
ep47 step86250/140100 loss=0.9899 acc=0.896 lr=2.00e-06 gnorm=2.09 159 smp/s
ep47 step86275/140100 loss=0.8620 acc=0.879 lr=2.00e-06 gnorm=1.93 159 smp/s
ep47 step86300/140100 loss=1.0093 acc=0.878 lr=2.00e-06 gnorm=4.38 159 smp/s
ep47 step86325/140100 loss=0.9650 acc=0.896 lr=2.00e-06 gnorm=3.17 159 smp/s
ep47 step86350/140100 loss=0.9115 acc=0.894 lr=2.00e-06 gnorm=3.44 159 smp/s
ep47 step86375/140100 loss=0.9804 acc=0.951 lr=2.00e-06 gnorm=3.52 159 smp/s
ep47 step86400/140100 loss=0.6535 acc=0.923 lr=2.00e-06 gnorm=2.56 159 smp/s
ep47 step86425/140100 loss=0.9627 acc=0.881 lr=2.00e-06 gnorm=2.22 159 smp/s
ep47 step86450/140100 loss=0.7946 acc=0.930 lr=2.00e-06 gnorm=1.88 159 smp/s
ep47 step86475/140100 loss=0.7422 acc=0.949 lr=2.00e-06 gnorm=3.30 159 smp/s
ep47 step86500/140100 loss=0.8148 acc=0.906 lr=2.00e-06 gnorm=2.08 159 smp/s
ep47 step86525/140100 loss=0.7996 acc=0.897 lr=2.00e-06 gnorm=2.74 159 smp/s
ep47 step86550/140100 loss=0.7489 acc=0.917 lr=2.00e-06 gnorm=2.81 159 smp/s
ep47 step86575/140100 loss=0.8253 acc=0.881 lr=2.00e-06 gnorm=2.98 159 smp/s
ep47 step86600/140100 loss=0.7626 acc=0.923 lr=2.00e-06 gnorm=2.16 159 smp/s
ep47 step86625/140100 loss=0.8713 acc=0.892 lr=2.00e-06 gnorm=2.15 159 smp/s
ep47 step86650/140100 loss=1.1874 acc=0.936 lr=2.00e-06 gnorm=2.30 159 smp/s
ep47 step86675/140100 loss=0.7870 acc=0.955 lr=2.00e-06 gnorm=2.84 159 smp/s
ep47 step86700/140100 loss=0.9584 acc=0.865 lr=2.00e-06 gnorm=2.16 159 smp/s
ep47 step86725/140100 loss=0.7660 acc=0.918 lr=2.00e-06 gnorm=3.46 159 smp/s
ep47 step86750/140100 loss=0.8154 acc=0.883 lr=2.00e-06 gnorm=1.74 159 smp/s
ep47 step86775/140100 loss=0.9385 acc=0.903 lr=2.00e-06 gnorm=3.29 159 smp/s
ep47 step86800/140100 loss=0.9806 acc=0.902 lr=2.00e-06 gnorm=4.11 159 smp/s
ep47 step86825/140100 loss=0.9999 acc=0.906 lr=2.00e-06 gnorm=2.79 159 smp/s
ep47 step86850/140100 loss=0.9248 acc=0.862 lr=2.00e-06 gnorm=4.06 159 smp/s
ep47 step86875/140100 loss=1.0098 acc=0.913 lr=2.00e-06 gnorm=2.37 159 smp/s
ep47 step86900/140100 loss=0.7667 acc=0.950 lr=2.00e-06 gnorm=2.89 159 smp/s
ep47 step86925/140100 loss=0.8992 acc=0.951 lr=2.00e-06 gnorm=1.66 159 smp/s
ep47 step86950/140100 loss=0.7842 acc=0.887 lr=2.00e-06 gnorm=1.85 159 smp/s
ep47 step86975/140100 loss=1.0215 acc=0.852 lr=2.00e-06 gnorm=2.55 159 smp/s
ep47 step87000/140100 loss=0.8716 acc=0.897 lr=2.00e-06 gnorm=1.95 159 smp/s
ep47 step87025/140100 loss=0.8417 acc=0.919 lr=2.00e-06 gnorm=3.94 159 smp/s
ep47 step87050/140100 loss=0.7296 acc=0.917 lr=2.00e-06 gnorm=2.40 159 smp/s
ep47 step87075/140100 loss=0.8865 acc=0.936 lr=2.00e-06 gnorm=3.74 159 smp/s
ep47 step87100/140100 loss=0.8410 acc=0.890 lr=2.00e-06 gnorm=2.21 159 smp/s
ep47 step87125/140100 loss=0.8571 acc=0.901 lr=2.00e-06 gnorm=1.90 159 smp/s
ep47 step87150/140100 loss=0.9893 acc=0.941 lr=2.00e-06 gnorm=3.35 159 smp/s
ep47 step87175/140100 loss=0.7944 acc=0.928 lr=2.00e-06 gnorm=2.75 159 smp/s
ep47 step87200/140100 loss=1.0228 acc=0.960 lr=2.00e-06 gnorm=2.03 159 smp/s
ep47 step87225/140100 loss=0.6091 acc=0.910 lr=2.00e-06 gnorm=1.93 159 smp/s
ep47 step87250/140100 loss=0.7112 acc=0.952 lr=2.00e-06 gnorm=2.02 159 smp/s
ep47 step87275/140100 loss=0.8349 acc=0.896 lr=2.00e-06 gnorm=1.91 159 smp/s
ep47 step87300/140100 loss=0.9583 acc=0.912 lr=2.00e-06 gnorm=1.85 159 smp/s
ep47 step87325/140100 loss=1.1806 acc=0.892 lr=2.00e-06 gnorm=4.87 159 smp/s
ep47 step87350/140100 loss=0.8734 acc=0.942 lr=2.00e-06 gnorm=2.03 159 smp/s
ep47 step87375/140100 loss=0.7887 acc=0.900 lr=2.00e-06 gnorm=1.64 159 smp/s
ep47 step87400/140100 loss=1.0208 acc=0.924 lr=2.00e-06 gnorm=2.01 159 smp/s
ep47 step87425/140100 loss=0.7404 acc=0.971 lr=2.00e-06 gnorm=1.91 159 smp/s
ep47 step87450/140100 loss=0.8703 acc=0.927 lr=2.00e-06 gnorm=2.45 159 smp/s
ep47 step87475/140100 loss=0.7993 acc=0.908 lr=2.00e-06 gnorm=3.25 159 smp/s
ep47 step87500/140100 loss=0.7763 acc=0.965 lr=2.00e-06 gnorm=2.03 159 smp/s
ep47 step87525/140100 loss=0.8542 acc=0.919 lr=2.00e-06 gnorm=2.06 159 smp/s
ep47 step87550/140100 loss=0.8448 acc=0.925 lr=2.00e-06 gnorm=2.25 159 smp/s
ep47 step87575/140100 loss=0.6823 acc=0.964 lr=2.00e-06 gnorm=5.51 159 smp/s
ep47 step87600/140100 loss=0.9961 acc=0.836 lr=2.00e-06 gnorm=1.79 159 smp/s
ep47 step87625/140100 loss=0.8872 acc=0.896 lr=2.00e-06 gnorm=1.79 159 smp/s
ep47 step87650/140100 loss=0.7886 acc=0.904 lr=2.00e-06 gnorm=2.27 159 smp/s
ep47 step87675/140100 loss=0.9735 acc=0.903 lr=2.00e-06 gnorm=3.26 159 smp/s
ep47 step87700/140100 loss=1.0720 acc=0.946 lr=2.00e-06 gnorm=3.36 159 smp/s
ep47 step87725/140100 loss=0.8923 acc=0.937 lr=2.00e-06 gnorm=2.31 159 smp/s
ep47 step87750/140100 loss=0.6529 acc=0.926 lr=2.00e-06 gnorm=4.95 159 smp/s
ep47 step87775/140100 loss=0.7777 acc=0.955 lr=2.00e-06 gnorm=2.55 159 smp/s
ep48 step87800/140100 loss=0.6449 acc=0.923 lr=2.00e-06 gnorm=1.86 159 smp/s
ep48 step87825/140100 loss=0.9041 acc=0.892 lr=2.00e-06 gnorm=1.68 159 smp/s
ep48 step87850/140100 loss=0.9349 acc=0.911 lr=2.00e-06 gnorm=1.70 159 smp/s
ep48 step87875/140100 loss=0.9516 acc=0.863 lr=2.00e-06 gnorm=3.22 159 smp/s
ep48 step87900/140100 loss=0.6827 acc=0.944 lr=2.00e-06 gnorm=2.38 159 smp/s
ep48 step87925/140100 loss=0.9363 acc=0.926 lr=2.00e-06 gnorm=2.20 159 smp/s
ep48 step87950/140100 loss=0.7323 acc=0.900 lr=2.00e-06 gnorm=4.74 159 smp/s
ep48 step87975/140100 loss=1.0339 acc=0.920 lr=2.00e-06 gnorm=2.06 159 smp/s
ep48 step88000/140100 loss=0.8660 acc=0.929 lr=2.00e-06 gnorm=3.65 159 smp/s
[eval @ 88000] WER=0.800 CER=0.395 SER=1.000 loss=0.776 content_acc=0.328 fill_rate=0.687 entropy=0.671 distinct=83
[eval @ 88000] iter32  WER=0.561 CER=0.204 SER=0.940 (mask-predict decode, n=200 clips)
   Full: ಸ ಾ ಂ ಸ ್ ಕ ೃ ೃ ಿ ಕ | ನ ಗ ರ ಿ | ಮ ೈ ಸ ೂ ರ ಿ ನ ಲ ್ ಲ ಿ | ಕ ೊ ರ ರ ನ ಾ ಾ | ೋ ೋ ಕ ು ು | ಹ ೆ ಚ ್ ಚ ತ ್ ತ ಿ ಿ ು ು ವ | ಹ ಿ ನ ನ ನ ೆ ೆ ಯ ಲ ಲ ್ ಲ ಿ | 
   Hyp : ಸಸಾಂಸ್ಕೃೃಿಕ ನಗರಿ ಮೈಸೂರಿನಲ್ಲಿ ಕೊರರನಾಾ ೋೋಕುು ಹೆಚ್ಚತ್ತಿಿುುವ ಹಿನನನೆೆಯಲಲ್ಲಿ ಇಂದಿನಿಂದ 
   Ref : ಸಾಂಸ್ಕೃತಿಕ ನಗರಿ ಮೈಸೂರಿನಲ್ಲಿ ಕೊರೋನಾ ಸೋಂಕು ಹೆಚ್ಚುತ್ತಿರುವ ಹಿನ್ನೆಲೆಯಲ್ಲಿ ಇಂದಿನಿಂದ ಐದ
DEBUG:urllib3.connectionpool:Starting new HTTPS connection (9): api.wandb.ai:443
DEBUG:urllib3.connectionpool:Starting new HTTPS connection (10): api.wandb.ai:443
ep48 step88025/140100 loss=0.8233 acc=0.937 lr=2.00e-06 gnorm=1.78 159 smp/s
ep48 step88050/140100 loss=1.0073 acc=0.888 lr=2.00e-06 gnorm=2.80 159 smp/s
ep48 step88075/140100 loss=0.8485 acc=0.919 lr=2.00e-06 gnorm=1.96 159 smp/s
ep48 step88100/140100 loss=0.7744 acc=0.889 lr=2.00e-06 gnorm=5.34 159 smp/s
ep48 step88125/140100 loss=1.2065 acc=0.880 lr=2.00e-06 gnorm=4.65 159 smp/s
ep48 step88150/140100 loss=0.8191 acc=0.919 lr=2.00e-06 gnorm=2.59 159 smp/s
ep48 step88175/140100 loss=1.0401 acc=0.891 lr=2.00e-06 gnorm=3.95 159 smp/s
ep48 step88200/140100 loss=0.7275 acc=0.928 lr=2.00e-06 gnorm=1.48 159 smp/s
ep48 step88225/140100 loss=0.9680 acc=0.953 lr=2.00e-06 gnorm=2.43 159 smp/s
ep48 step88250/140100 loss=0.8689 acc=0.912 lr=2.00e-06 gnorm=1.94 159 smp/s
ep48 step88275/140100 loss=1.0104 acc=0.894 lr=2.00e-06 gnorm=2.47 159 smp/s
ep48 step88300/140100 loss=0.7518 acc=0.911 lr=2.00e-06 gnorm=2.15 159 smp/s
ep48 step88325/140100 loss=0.8241 acc=0.921 lr=2.00e-06 gnorm=1.76 159 smp/s
ep48 step88350/140100 loss=1.1292 acc=0.885 lr=2.00e-06 gnorm=2.13 159 smp/s
ep48 step88375/140100 loss=0.8744 acc=0.918 lr=2.00e-06 gnorm=2.10 159 smp/s
ep48 step88400/140100 loss=0.8625 acc=0.929 lr=2.00e-06 gnorm=3.25 159 smp/s
ep48 step88425/140100 loss=0.9622 acc=0.881 lr=2.00e-06 gnorm=2.25 159 smp/s
ep48 step88450/140100 loss=0.9180 acc=0.898 lr=2.00e-06 gnorm=1.83 159 smp/s
ep48 step88475/140100 loss=1.0445 acc=0.923 lr=2.00e-06 gnorm=3.57 159 smp/s
ep48 step88500/140100 loss=1.0150 acc=0.931 lr=2.00e-06 gnorm=1.71 159 smp/s
ep48 step88525/140100 loss=1.0403 acc=0.842 lr=2.00e-06 gnorm=2.04 159 smp/s
ep48 step88550/140100 loss=0.9576 acc=0.904 lr=2.00e-06 gnorm=2.75 159 smp/s
ep48 step88575/140100 loss=0.7603 acc=0.900 lr=2.00e-06 gnorm=2.21 159 smp/s
ep48 step88600/140100 loss=0.9251 acc=0.865 lr=2.00e-06 gnorm=3.36 159 smp/s
ep48 step88625/140100 loss=0.7707 acc=0.904 lr=2.00e-06 gnorm=2.48 159 smp/s
ep48 step88650/140100 loss=1.0525 acc=0.865 lr=2.00e-06 gnorm=1.68 159 smp/s
ep48 step88675/140100 loss=0.7994 acc=0.944 lr=2.00e-06 gnorm=4.18 159 smp/s
ep48 step88700/140100 loss=0.9202 acc=0.949 lr=2.00e-06 gnorm=1.53 159 smp/s
ep48 step88725/140100 loss=0.8390 acc=0.888 lr=2.00e-06 gnorm=2.77 159 smp/s
ep48 step88750/140100 loss=0.9647 acc=0.965 lr=2.00e-06 gnorm=3.95 159 smp/s
ep48 step88775/140100 loss=1.0814 acc=0.897 lr=2.00e-06 gnorm=3.29 159 smp/s
ep48 step88800/140100 loss=0.9212 acc=0.977 lr=2.00e-06 gnorm=1.88 159 smp/s
ep48 step88825/140100 loss=0.7203 acc=0.931 lr=2.00e-06 gnorm=2.52 159 smp/s
ep48 step88850/140100 loss=0.7497 acc=0.883 lr=2.00e-06 gnorm=2.67 159 smp/s
ep48 step88875/140100 loss=1.0166 acc=0.887 lr=2.00e-06 gnorm=2.10 159 smp/s
ep48 step88900/140100 loss=0.9571 acc=0.922 lr=2.00e-06 gnorm=2.45 159 smp/s
ep48 step88925/140100 loss=0.7258 acc=0.928 lr=2.00e-06 gnorm=3.45 159 smp/s
ep48 step88950/140100 loss=0.9025 acc=0.880 lr=2.00e-06 gnorm=2.21 159 smp/s
ep48 step88975/140100 loss=0.6702 acc=0.942 lr=2.00e-06 gnorm=2.04 159 smp/s
ep48 step89000/140100 loss=0.8385 acc=0.936 lr=2.00e-06 gnorm=3.30 159 smp/s
ep48 step89025/140100 loss=0.7205 acc=0.950 lr=2.00e-06 gnorm=2.43 159 smp/s
ep48 step89050/140100 loss=0.9642 acc=0.931 lr=2.00e-06 gnorm=2.22 159 smp/s
ep48 step89075/140100 loss=0.6803 acc=0.924 lr=2.00e-06 gnorm=1.73 159 smp/s
ep48 step89100/140100 loss=0.7617 acc=0.915 lr=2.00e-06 gnorm=2.40 159 smp/s
ep48 step89125/140100 loss=0.9816 acc=0.936 lr=2.00e-06 gnorm=1.90 159 smp/s
ep48 step89150/140100 loss=1.0952 acc=0.855 lr=2.00e-06 gnorm=2.47 159 smp/s
ep48 step89175/140100 loss=1.0035 acc=0.932 lr=2.00e-06 gnorm=1.94 159 smp/s
ep48 step89200/140100 loss=0.8765 acc=0.935 lr=2.00e-06 gnorm=2.70 159 smp/s
ep48 step89225/140100 loss=0.8105 acc=0.919 lr=2.00e-06 gnorm=2.60 159 smp/s
ep48 step89250/140100 loss=1.0543 acc=0.922 lr=2.00e-06 gnorm=4.35 159 smp/s
ep48 step89275/140100 loss=1.0224 acc=0.918 lr=2.00e-06 gnorm=3.73 159 smp/s
ep48 step89300/140100 loss=0.8877 acc=0.923 lr=2.00e-06 gnorm=3.11 159 smp/s
ep48 step89325/140100 loss=0.7598 acc=0.958 lr=2.00e-06 gnorm=2.06 159 smp/s
ep48 step89350/140100 loss=0.7085 acc=0.870 lr=2.00e-06 gnorm=2.45 159 smp/s
ep48 step89375/140100 loss=1.0350 acc=0.901 lr=2.00e-06 gnorm=3.02 159 smp/s
ep48 step89400/140100 loss=0.9441 acc=0.892 lr=2.00e-06 gnorm=2.13 159 smp/s
ep48 step89425/140100 loss=0.6935 acc=0.966 lr=2.00e-06 gnorm=2.60 159 smp/s
ep48 step89450/140100 loss=0.8501 acc=0.900 lr=2.00e-06 gnorm=2.38 159 smp/s
ep48 step89475/140100 loss=1.0170 acc=0.892 lr=2.00e-06 gnorm=3.79 159 smp/s
ep48 step89500/140100 loss=1.0451 acc=0.869 lr=2.00e-06 gnorm=2.66 159 smp/s
ep48 step89525/140100 loss=0.7512 acc=0.938 lr=2.00e-06 gnorm=2.04 159 smp/s
ep48 step89550/140100 loss=0.7236 acc=0.928 lr=2.00e-06 gnorm=2.01 159 smp/s
ep48 step89575/140100 loss=0.6308 acc=0.937 lr=2.00e-06 gnorm=1.90 159 smp/s
ep48 step89600/140100 loss=0.9257 acc=0.887 lr=2.00e-06 gnorm=2.29 159 smp/s
ep48 step89625/140100 loss=0.9123 acc=0.941 lr=2.00e-06 gnorm=2.42 159 smp/s
ep48 step89650/140100 loss=1.0862 acc=0.864 lr=2.00e-06 gnorm=1.99 159 smp/s
ep49 step89675/140100 loss=0.9421 acc=0.940 lr=2.00e-06 gnorm=2.63 159 smp/s
ep49 step89700/140100 loss=0.6631 acc=0.933 lr=2.00e-06 gnorm=1.93 159 smp/s
ep49 step89725/140100 loss=0.9559 acc=0.891 lr=2.00e-06 gnorm=3.78 159 smp/s
ep49 step89750/140100 loss=1.0029 acc=0.882 lr=2.00e-06 gnorm=3.66 159 smp/s
ep49 step89775/140100 loss=0.7570 acc=0.945 lr=2.00e-06 gnorm=1.80 159 smp/s
ep49 step89800/140100 loss=0.6657 acc=0.913 lr=2.00e-06 gnorm=2.08 159 smp/s
ep49 step89825/140100 loss=0.7985 acc=0.900 lr=2.00e-06 gnorm=1.83 159 smp/s
ep49 step89850/140100 loss=0.9965 acc=0.946 lr=2.00e-06 gnorm=2.23 159 smp/s
ep49 step89875/140100 loss=0.8427 acc=0.905 lr=2.00e-06 gnorm=2.32 159 smp/s
ep49 step89900/140100 loss=0.8872 acc=0.917 lr=2.00e-06 gnorm=5.22 159 smp/s
ep49 step89925/140100 loss=0.8076 acc=0.905 lr=2.00e-06 gnorm=2.96 159 smp/s
ep49 step89950/140100 loss=0.9278 acc=0.914 lr=2.00e-06 gnorm=2.23 159 smp/s
ep49 step89975/140100 loss=0.8530 acc=0.945 lr=2.00e-06 gnorm=4.53 159 smp/s
ep49 step90000/140100 loss=0.7476 acc=0.914 lr=2.00e-06 gnorm=2.53 159 smp/s
[eval @ 90000] WER=0.806 CER=0.399 SER=1.000 loss=0.749 content_acc=0.351 fill_rate=0.686 entropy=0.686 distinct=83
[eval @ 90000] iter32  WER=0.554 CER=0.203 SER=0.920 (mask-predict decode, n=200 clips)
   Full: ಸ ಾ ಂ ಸ ್ ಕ ೃ ೃ ಿ ಕ | ನ ಗ ರ ಿ | ಮ ೈ ಸ ೂ ರ ಿ ನ ಲ ್ ಲ ಿ | ಕ ೊ ರ ೋ ನ ಾ | ಸ ೋ ಂ ಕ ು | ಹ ಹ ೆ ಚ ಚ ಚ ತ ್ ತ ಿ ರ ು ವ ವ ಹ ಹ ನ ನ ನ ನ ೆ ೆ ಯ ಲ ಲ ಲ ಿ ಿ ಇ 
   Hyp : ಸಸಾಂಸ್ಕೃೃಿಕ ನಗರಿ ಮೈಸೂರಿನಲ್ಲಿ ಕೊರೋನಾ ಸೋಂಕು ಹಹೆಚಚಚತ್ತಿರುವವಹಹನನನನೆೆಯಲಲಲಿಿಇಇಂಿಿಿಿಂದಐ
   Ref : ಸಾಂಸ್ಕೃತಿಕ ನಗರಿ ಮೈಸೂರಿನಲ್ಲಿ ಕೊರೋನಾ ಸೋಂಕು ಹೆಚ್ಚುತ್ತಿರುವ ಹಿನ್ನೆಲೆಯಲ್ಲಿ ಇಂದಿನಿಂದ ಐದ
DEBUG:urllib3.connectionpool:Starting new HTTPS connection (11): api.wandb.ai:443
DEBUG:urllib3.connectionpool:https://api.wandb.ai:443 "POST /graphql HTTP/1.1" 200 60
ep49 step90025/140100 loss=0.8037 acc=0.954 lr=2.00e-06 gnorm=2.38 159 smp/s
ep49 step90050/140100 loss=0.8214 acc=0.912 lr=2.00e-06 gnorm=4.63 159 smp/s
ep49 step90075/140100 loss=0.9318 acc=0.897 lr=2.00e-06 gnorm=2.74 159 smp/s
ep49 step90100/140100 loss=0.8766 acc=0.881 lr=2.00e-06 gnorm=5.27 159 smp/s
ep49 step90125/140100 loss=0.6642 acc=0.922 lr=2.00e-06 gnorm=1.76 159 smp/s
ep49 step90150/140100 loss=0.9951 acc=0.864 lr=2.00e-06 gnorm=3.09 159 smp/s
ep49 step90175/140100 loss=1.0924 acc=0.868 lr=2.00e-06 gnorm=4.40 159 smp/s
ep49 step90200/140100 loss=0.7990 acc=0.899 lr=2.00e-06 gnorm=3.96 159 smp/s
ep49 step90225/140100 loss=0.9557 acc=0.880 lr=2.00e-06 gnorm=2.81 159 smp/s
ep49 step90250/140100 loss=0.8517 acc=0.872 lr=2.00e-06 gnorm=2.21 159 smp/s
ep49 step90275/140100 loss=1.1830 acc=0.925 lr=2.00e-06 gnorm=1.98 159 smp/s
ep49 step90300/140100 loss=0.8680 acc=0.892 lr=2.00e-06 gnorm=1.84 159 smp/s
ep49 step90325/140100 loss=0.6168 acc=0.940 lr=2.00e-06 gnorm=1.99 159 smp/s
ep49 step90350/140100 loss=0.7730 acc=0.917 lr=2.00e-06 gnorm=3.39 159 smp/s
ep49 step90375/140100 loss=0.7606 acc=0.916 lr=2.00e-06 gnorm=6.53 159 smp/s
ep49 step90400/140100 loss=0.9024 acc=0.908 lr=2.00e-06 gnorm=1.78 159 smp/s
ep49 step90425/140100 loss=1.1465 acc=0.890 lr=2.00e-06 gnorm=3.46 159 smp/s
ep49 step90450/140100 loss=1.0279 acc=0.901 lr=2.00e-06 gnorm=2.29 159 smp/s
ep49 step90475/140100 loss=0.7868 acc=0.893 lr=2.00e-06 gnorm=1.84 159 smp/s
ep49 step90500/140100 loss=0.9656 acc=0.931 lr=2.00e-06 gnorm=4.06 159 smp/s
ep49 step90525/140100 loss=0.9832 acc=0.912 lr=2.00e-06 gnorm=2.38 159 smp/s
ep49 step90550/140100 loss=0.8430 acc=0.908 lr=2.00e-06 gnorm=1.92 159 smp/s
ep49 step90575/140100 loss=0.7343 acc=0.912 lr=2.00e-06 gnorm=2.40 159 smp/s
ep49 step90600/140100 loss=0.6975 acc=0.935 lr=2.00e-06 gnorm=2.15 159 smp/s
ep49 step90625/140100 loss=1.1556 acc=0.869 lr=2.00e-06 gnorm=1.71 159 smp/s
ep49 step90650/140100 loss=0.8705 acc=0.915 lr=2.00e-06 gnorm=2.54 159 smp/s
ep49 step90675/140100 loss=0.9919 acc=0.948 lr=2.00e-06 gnorm=2.64 159 smp/s
ep49 step90700/140100 loss=0.7649 acc=0.893 lr=2.00e-06 gnorm=2.55 159 smp/s
ep49 step90725/140100 loss=1.0140 acc=0.879 lr=2.00e-06 gnorm=2.35 159 smp/s
ep49 step90750/140100 loss=0.6944 acc=0.960 lr=2.00e-06 gnorm=1.83 159 smp/s
ep49 step90775/140100 loss=0.8471 acc=0.895 lr=2.00e-06 gnorm=2.08 159 smp/s
ep49 step90800/140100 loss=0.8388 acc=0.875 lr=2.00e-06 gnorm=2.14 159 smp/s
ep49 step90825/140100 loss=0.6805 acc=0.938 lr=2.00e-06 gnorm=2.50 159 smp/s
ep49 step90850/140100 loss=1.0821 acc=0.891 lr=2.00e-06 gnorm=2.20 159 smp/s
ep49 step90875/140100 loss=1.0756 acc=0.852 lr=2.00e-06 gnorm=3.06 159 smp/s
ep49 step90900/140100 loss=0.6228 acc=0.936 lr=2.00e-06 gnorm=2.11 159 smp/s
ep49 step90925/140100 loss=0.6920 acc=0.897 lr=2.00e-06 gnorm=4.16 159 smp/s
ep49 step90950/140100 loss=0.7398 acc=0.951 lr=2.00e-06 gnorm=1.93 159 smp/s
ep49 step90975/140100 loss=0.8519 acc=0.924 lr=2.00e-06 gnorm=3.55 159 smp/s
ep49 step91000/140100 loss=0.9175 acc=0.914 lr=2.00e-06 gnorm=4.06 159 smp/s
ep49 step91025/140100 loss=0.9616 acc=0.881 lr=2.00e-06 gnorm=2.02 159 smp/s
ep49 step91050/140100 loss=0.9476 acc=0.861 lr=2.00e-06 gnorm=5.35 159 smp/s
ep49 step91075/140100 loss=0.9778 acc=0.918 lr=2.00e-06 gnorm=1.59 159 smp/s
ep49 step91100/140100 loss=0.8273 acc=0.937 lr=2.00e-06 gnorm=3.81 159 smp/s
ep49 step91125/140100 loss=0.9177 acc=0.932 lr=2.00e-06 gnorm=3.77 159 smp/s
ep49 step91150/140100 loss=0.7325 acc=0.955 lr=2.00e-06 gnorm=2.25 159 smp/s
ep49 step91175/140100 loss=0.9591 acc=0.964 lr=2.00e-06 gnorm=2.54 159 smp/s
ep49 step91200/140100 loss=0.7828 acc=0.886 lr=2.00e-06 gnorm=2.78 159 smp/s
ep49 step91225/140100 loss=0.9246 acc=0.900 lr=2.00e-06 gnorm=2.55 159 smp/s
ep49 step91250/140100 loss=0.8780 acc=0.913 lr=2.00e-06 gnorm=2.05 159 smp/s
ep49 step91275/140100 loss=1.1909 acc=0.904 lr=2.00e-06 gnorm=5.63 159 smp/s
ep49 step91300/140100 loss=1.0822 acc=0.824 lr=2.00e-06 gnorm=4.18 159 smp/s
ep49 step91325/140100 loss=1.0148 acc=0.868 lr=2.00e-06 gnorm=1.85 159 smp/s
ep49 step91350/140100 loss=1.0769 acc=0.949 lr=2.00e-06 gnorm=2.06 159 smp/s
ep49 step91375/140100 loss=0.6304 acc=0.923 lr=2.00e-06 gnorm=1.64 159 smp/s
ep49 step91400/140100 loss=0.7149 acc=0.933 lr=2.00e-06 gnorm=1.84 159 smp/s
ep49 step91425/140100 loss=0.7699 acc=0.898 lr=2.00e-06 gnorm=3.76 159 smp/s
ep49 step91450/140100 loss=1.0324 acc=0.917 lr=2.00e-06 gnorm=3.21 159 smp/s
ep49 step91475/140100 loss=0.7985 acc=0.916 lr=2.00e-06 gnorm=4.11 159 smp/s
ep49 step91500/140100 loss=0.8629 acc=0.927 lr=2.00e-06 gnorm=2.17 159 smp/s
ep49 step91525/140100 loss=0.8037 acc=0.909 lr=2.00e-06 gnorm=3.26 159 smp/s
ep50 step91550/140100 loss=0.8884 acc=0.852 lr=2.00e-06 gnorm=2.58 159 smp/s
ep50 step91575/140100 loss=0.8280 acc=0.897 lr=2.00e-06 gnorm=2.97 159 smp/s
ep50 step91600/140100 loss=1.0164 acc=0.916 lr=2.00e-06 gnorm=2.21 159 smp/s
ep50 step91625/140100 loss=0.5759 acc=0.936 lr=2.00e-06 gnorm=3.41 159 smp/s
ep50 step91650/140100 loss=0.8492 acc=0.885 lr=2.00e-06 gnorm=1.67 159 smp/s
ep50 step91675/140100 loss=0.7303 acc=0.934 lr=2.00e-06 gnorm=2.05 159 smp/s
ep50 step91700/140100 loss=0.6702 acc=0.937 lr=2.00e-06 gnorm=2.13 159 smp/s
ep50 step91725/140100 loss=1.1995 acc=0.896 lr=2.00e-06 gnorm=1.54 159 smp/s
ep50 step91750/140100 loss=0.8877 acc=0.866 lr=2.00e-06 gnorm=2.27 159 smp/s
ep50 step91775/140100 loss=1.1167 acc=0.923 lr=2.00e-06 gnorm=1.97 159 smp/s
ep50 step91800/140100 loss=0.7006 acc=0.891 lr=2.00e-06 gnorm=2.72 159 smp/s
ep50 step91825/140100 loss=0.8566 acc=0.899 lr=2.00e-06 gnorm=2.01 159 smp/s
ep50 step91850/140100 loss=0.8151 acc=0.933 lr=2.00e-06 gnorm=2.72 159 smp/s
ep50 step91875/140100 loss=0.8024 acc=0.922 lr=2.00e-06 gnorm=3.94 159 smp/s
ep50 step91900/140100 loss=0.5535 acc=0.954 lr=2.00e-06 gnorm=2.21 159 smp/s
ep50 step91925/140100 loss=0.8666 acc=0.868 lr=2.00e-06 gnorm=2.54 159 smp/s
ep50 step91950/140100 loss=0.8238 acc=0.890 lr=2.00e-06 gnorm=2.64 159 smp/s
ep50 step91975/140100 loss=0.7216 acc=0.943 lr=2.00e-06 gnorm=1.74 159 smp/s
ep50 step92000/140100 loss=0.8785 acc=0.917 lr=2.00e-06 gnorm=1.90 159 smp/s
[eval @ 92000] WER=0.798 CER=0.392 SER=1.000 loss=0.762 content_acc=0.346 fill_rate=0.687 entropy=0.664 distinct=83
[eval @ 92000] iter32  WER=0.550 CER=0.204 SER=0.940 (mask-predict decode, n=200 clips)
   Full: ಸ ಾ ಂ ಸ ್ ಕ ೃ ೃ ಿ ಕ | ನ ಗ ರ ಿ | ಮ ೈ ಸ ೂ ರ ಿ ನ ಲ ್ ಲ ಿ | ಕ ೊ ರ ರ ನ ಾ ಾ ಸ ೋ ಂ ಕ ು ು ಹ ಹ ೆ ಚ ್ ಚ ತ ್ ತ ಿ ಿ ು ು ವ | ಹ ಿ ನ ನ ನ ೆ ೆ ಯ ಲ ಲ ಲ ಲ ಿ | 
   Hyp : ಸಸಾಂಸ್ಕೃೃಿಕ ನಗರಿ ಮೈಸೂರಿನಲ್ಲಿ ಕೊರರನಾಾಸೋಂಕುುಹಹೆಚ್ಚತ್ತಿಿುುವ ಹಿನನನೆೆಯಲಲಲಲಿ ಇಂಿಿನಿಂದಐ
   Ref : ಸಾಂಸ್ಕೃತಿಕ ನಗರಿ ಮೈಸೂರಿನಲ್ಲಿ ಕೊರೋನಾ ಸೋಂಕು ಹೆಚ್ಚುತ್ತಿರುವ ಹಿನ್ನೆಲೆಯಲ್ಲಿ ಇಂದಿನಿಂದ ಐದ
DEBUG:urllib3.connectionpool:Resetting dropped connection: api.wandb.ai
DEBUG:urllib3.connectionpool:https://api.wandb.ai:443 "POST /graphql HTTP/1.1" 200 60
ep50 step92025/140100 loss=1.0383 acc=0.908 lr=2.00e-06 gnorm=3.05 159 smp/s
ep50 step92050/140100 loss=0.7922 acc=0.893 lr=2.00e-06 gnorm=3.46 159 smp/s
ep50 step92075/140100 loss=0.6659 acc=0.951 lr=2.00e-06 gnorm=3.66 159 smp/s
ep50 step92100/140100 loss=1.0823 acc=0.915 lr=2.00e-06 gnorm=2.31 159 smp/s
ep50 step92125/140100 loss=0.8326 acc=0.948 lr=2.00e-06 gnorm=1.79 159 smp/s
ep50 step92150/140100 loss=0.8426 acc=0.912 lr=2.00e-06 gnorm=2.36 159 smp/s
ep50 step92175/140100 loss=0.7831 acc=0.929 lr=2.00e-06 gnorm=2.25 159 smp/s
ep50 step92200/140100 loss=1.0252 acc=0.897 lr=2.00e-06 gnorm=2.07 159 smp/s
ep50 step92225/140100 loss=0.8294 acc=0.937 lr=2.00e-06 gnorm=4.01 159 smp/s
ep50 step92250/140100 loss=0.6652 acc=0.935 lr=2.00e-06 gnorm=2.56 159 smp/s
ep50 step92275/140100 loss=0.9980 acc=0.916 lr=2.00e-06 gnorm=2.70 159 smp/s
ep50 step92300/140100 loss=0.8803 acc=0.874 lr=2.00e-06 gnorm=2.01 159 smp/s
ep50 step92325/140100 loss=0.9488 acc=0.908 lr=2.00e-06 gnorm=2.34 159 smp/s
ep50 step92350/140100 loss=0.8084 acc=0.917 lr=2.00e-06 gnorm=1.74 159 smp/s
ep50 step92375/140100 loss=0.7000 acc=0.893 lr=2.00e-06 gnorm=3.16 159 smp/s
ep50 step92400/140100 loss=1.1193 acc=0.859 lr=2.00e-06 gnorm=1.92 159 smp/s
ep50 step92425/140100 loss=0.6927 acc=0.911 lr=2.00e-06 gnorm=2.85 159 smp/s
ep50 step92450/140100 loss=1.2488 acc=0.895 lr=2.00e-06 gnorm=2.64 159 smp/s
ep50 step92475/140100 loss=0.9562 acc=0.876 lr=2.00e-06 gnorm=1.93 159 smp/s
ep50 step92500/140100 loss=0.8641 acc=0.924 lr=2.00e-06 gnorm=2.11 159 smp/s
ep50 step92525/140100 loss=0.6780 acc=0.921 lr=2.00e-06 gnorm=4.39 159 smp/s
ep50 step92550/140100 loss=1.0122 acc=0.927 lr=2.00e-06 gnorm=2.28 159 smp/s
ep50 step92575/140100 loss=0.9033 acc=0.943 lr=2.00e-06 gnorm=2.56 159 smp/s
ep50 step92600/140100 loss=0.7854 acc=0.902 lr=2.00e-06 gnorm=1.75 159 smp/s
ep50 step92625/140100 loss=0.8627 acc=0.858 lr=2.00e-06 gnorm=2.56 159 smp/s
ep50 step92650/140100 loss=0.7875 acc=0.897 lr=2.00e-06 gnorm=2.11 159 smp/s
ep50 step92675/140100 loss=0.9332 acc=0.936 lr=2.00e-06 gnorm=2.68 159 smp/s
ep50 step92700/140100 loss=0.8489 acc=0.877 lr=2.00e-06 gnorm=3.20 159 smp/s
ep50 step92725/140100 loss=0.7325 acc=0.899 lr=2.00e-06 gnorm=1.81 159 smp/s
ep50 step92750/140100 loss=1.0549 acc=0.835 lr=2.00e-06 gnorm=4.57 159 smp/s
ep50 step92775/140100 loss=0.5682 acc=0.942 lr=2.00e-06 gnorm=1.68 159 smp/s
ep50 step92800/140100 loss=1.1992 acc=0.889 lr=2.00e-06 gnorm=4.94 159 smp/s
ep50 step92825/140100 loss=0.9298 acc=0.927 lr=2.00e-06 gnorm=1.88 159 smp/s
ep50 step92850/140100 loss=0.8174 acc=0.930 lr=2.00e-06 gnorm=2.58 159 smp/s
ep50 step92875/140100 loss=0.9076 acc=0.907 lr=2.00e-06 gnorm=1.95 159 smp/s
ep50 step92900/140100 loss=0.7772 acc=0.911 lr=2.00e-06 gnorm=2.34 159 smp/s
ep50 step92925/140100 loss=0.9541 acc=0.930 lr=2.00e-06 gnorm=2.02 159 smp/s
ep50 step92950/140100 loss=0.8333 acc=0.915 lr=2.00e-06 gnorm=1.72 159 smp/s
ep50 step92975/140100 loss=0.6397 acc=0.899 lr=2.00e-06 gnorm=2.94 159 smp/s
ep50 step93000/140100 loss=1.1357 acc=0.899 lr=2.00e-06 gnorm=2.71 159 smp/s
ep50 step93025/140100 loss=0.7068 acc=0.883 lr=2.00e-06 gnorm=4.61 159 smp/s
ep50 step93050/140100 loss=0.9143 acc=0.911 lr=2.00e-06 gnorm=1.72 159 smp/s
ep50 step93075/140100 loss=1.1052 acc=0.875 lr=2.00e-06 gnorm=4.80 159 smp/s
ep50 step93100/140100 loss=0.6918 acc=0.976 lr=2.00e-06 gnorm=2.27 159 smp/s
ep50 step93125/140100 loss=0.8063 acc=0.930 lr=2.00e-06 gnorm=2.26 159 smp/s
ep50 step93150/140100 loss=1.1891 acc=0.908 lr=2.00e-06 gnorm=3.05 159 smp/s
ep50 step93175/140100 loss=0.8899 acc=0.938 lr=2.00e-06 gnorm=3.11 159 smp/s
ep50 step93200/140100 loss=0.8324 acc=0.902 lr=2.00e-06 gnorm=2.00 159 smp/s
ep50 step93225/140100 loss=1.0694 acc=0.897 lr=2.00e-06 gnorm=3.89 159 smp/s
ep50 step93250/140100 loss=1.0142 acc=0.831 lr=2.00e-06 gnorm=1.87 159 smp/s
ep50 step93275/140100 loss=0.9616 acc=0.856 lr=2.00e-06 gnorm=2.08 159 smp/s
ep50 step93300/140100 loss=0.8981 acc=0.952 lr=2.00e-06 gnorm=1.80 159 smp/s
ep50 step93325/140100 loss=0.7609 acc=0.920 lr=2.00e-06 gnorm=2.54 159 smp/s
ep50 step93350/140100 loss=0.5922 acc=0.966 lr=2.00e-06 gnorm=2.18 159 smp/s
ep50 step93375/140100 loss=0.9031 acc=0.948 lr=2.00e-06 gnorm=2.39 159 smp/s
ep50 step93400/140100 loss=0.9011 acc=0.889 lr=2.00e-06 gnorm=1.94 159 smp/s
ep51 step93425/140100 loss=0.8083 acc=0.937 lr=2.00e-06 gnorm=2.62 159 smp/s
ep51 step93450/140100 loss=0.7208 acc=0.883 lr=2.00e-06 gnorm=2.30 159 smp/s
ep51 step93475/140100 loss=0.7787 acc=0.889 lr=2.00e-06 gnorm=2.05 159 smp/s
ep51 step93500/140100 loss=0.7479 acc=0.963 lr=2.00e-06 gnorm=2.29 159 smp/s
ep51 step93525/140100 loss=0.9507 acc=0.892 lr=2.00e-06 gnorm=1.67 159 smp/s
ep51 step93550/140100 loss=0.9421 acc=0.907 lr=2.00e-06 gnorm=1.72 159 smp/s
ep51 step93575/140100 loss=0.8277 acc=0.921 lr=2.00e-06 gnorm=2.81 159 smp/s
ep51 step93600/140100 loss=0.8481 acc=0.929 lr=2.00e-06 gnorm=2.31 159 smp/s
ep51 step93625/140100 loss=0.9007 acc=0.901 lr=2.00e-06 gnorm=2.63 159 smp/s
ep51 step93650/140100 loss=0.6542 acc=0.937 lr=2.00e-06 gnorm=2.15 159 smp/s
ep51 step93675/140100 loss=1.1230 acc=0.865 lr=2.00e-06 gnorm=2.88 159 smp/s
ep51 step93700/140100 loss=0.9144 acc=0.941 lr=2.00e-06 gnorm=3.00 159 smp/s
ep51 step93725/140100 loss=0.7495 acc=0.917 lr=2.00e-06 gnorm=1.56 159 smp/s
ep51 step93750/140100 loss=0.8711 acc=0.921 lr=2.00e-06 gnorm=1.77 159 smp/s
ep51 step93775/140100 loss=0.8311 acc=0.913 lr=2.00e-06 gnorm=1.85 159 smp/s
ep51 step93800/140100 loss=1.0108 acc=0.889 lr=2.00e-06 gnorm=4.55 159 smp/s
ep51 step93825/140100 loss=0.7129 acc=0.939 lr=2.00e-06 gnorm=3.27 159 smp/s
ep51 step93850/140100 loss=0.9856 acc=0.886 lr=2.00e-06 gnorm=1.93 159 smp/s
ep51 step93875/140100 loss=0.9095 acc=0.894 lr=2.00e-06 gnorm=1.66 159 smp/s
ep51 step93900/140100 loss=0.9580 acc=0.887 lr=2.00e-06 gnorm=2.44 159 smp/s
ep51 step93925/140100 loss=0.8068 acc=0.913 lr=2.00e-06 gnorm=1.89 159 smp/s
ep51 step93950/140100 loss=1.0695 acc=0.850 lr=2.00e-06 gnorm=1.76 159 smp/s
ep51 step93975/140100 loss=0.6495 acc=0.926 lr=2.00e-06 gnorm=5.58 159 smp/s
ep51 step94000/140100 loss=0.4678 acc=0.927 lr=2.00e-06 gnorm=2.03 159 smp/s
[eval @ 94000] WER=0.797 CER=0.395 SER=1.000 loss=0.783 content_acc=0.328 fill_rate=0.686 entropy=0.668 distinct=83
[eval @ 94000] iter32  WER=0.556 CER=0.205 SER=0.945 (mask-predict decode, n=200 clips)
   Full: ಸ ಾ ಂ ಸ ್ ಕ ೃ ಿ ಿ ಕ | ನ ಗ ರ ಿ | ಮ ೈ ಸ ೂ ರ ಿ ನ ಲ ್ ಲ ಿ | ಕ ೊ ರ ೋ ನ ಾ | ಸ ೋ ಂ ಕ ು | ಹ ಹ ೆ ಚ ಚ ಚ ತ ್ ತ ಿ ರ ು ು ವ | ಹ ಿ ನ ್ ನ ೆ ೆ ಯ ಲ ಲ ್ ಲ ಿ | 
   Hyp : ಸಸಾಂಸ್ಕೃಿಿಕ ನಗರಿ ಮೈಸೂರಿನಲ್ಲಿ ಕೊರೋನಾ ಸೋಂಕು ಹಹೆಚಚಚತ್ತಿರುುವ ಹಿನ್ನೆೆಯಲಲ್ಲಿ ಇಂದಿನಿಂದ 
   Ref : ಸಾಂಸ್ಕೃತಿಕ ನಗರಿ ಮೈಸೂರಿನಲ್ಲಿ ಕೊರೋನಾ ಸೋಂಕು ಹೆಚ್ಚುತ್ತಿರುವ ಹಿನ್ನೆಲೆಯಲ್ಲಿ ಇಂದಿನಿಂದ ಐದ
DEBUG:urllib3.connectionpool:Resetting dropped connection: api.wandb.ai
DEBUG:urllib3.connectionpool:https://api.wandb.ai:443 "POST /graphql HTTP/1.1" 200 60
ep51 step94025/140100 loss=0.9861 acc=0.858 lr=2.00e-06 gnorm=2.40 159 smp/s
ep51 step94050/140100 loss=0.7898 acc=0.909 lr=2.00e-06 gnorm=2.78 159 smp/s
ep51 step94075/140100 loss=0.9393 acc=0.950 lr=2.00e-06 gnorm=2.53 159 smp/s
ep51 step94100/140100 loss=0.7157 acc=0.923 lr=2.00e-06 gnorm=1.77 159 smp/s
ep51 step94125/140100 loss=0.8839 acc=0.898 lr=2.00e-06 gnorm=2.03 159 smp/s
ep51 step94150/140100 loss=0.6893 acc=0.924 lr=2.00e-06 gnorm=2.44 159 smp/s
ep51 step94175/140100 loss=0.9801 acc=0.897 lr=2.00e-06 gnorm=2.40 159 smp/s
ep51 step94200/140100 loss=0.8457 acc=0.920 lr=2.00e-06 gnorm=2.11 159 smp/s
ep51 step94225/140100 loss=0.9206 acc=0.901 lr=2.00e-06 gnorm=2.56 159 smp/s
ep51 step94250/140100 loss=0.8240 acc=0.913 lr=2.00e-06 gnorm=1.74 159 smp/s
ep51 step94275/140100 loss=1.1995 acc=0.800 lr=2.00e-06 gnorm=2.17 159 smp/s
ep51 step94300/140100 loss=0.7602 acc=0.927 lr=2.00e-06 gnorm=2.96 159 smp/s
ep51 step94325/140100 loss=0.6818 acc=0.890 lr=2.00e-06 gnorm=2.26 159 smp/s
ep51 step94350/140100 loss=1.0124 acc=0.867 lr=2.00e-06 gnorm=2.26 159 smp/s
ep51 step94375/140100 loss=0.7910 acc=0.892 lr=2.00e-06 gnorm=4.03 159 smp/s
ep51 step94400/140100 loss=0.8596 acc=0.945 lr=2.00e-06 gnorm=1.93 159 smp/s
ep51 step94425/140100 loss=0.8009 acc=0.889 lr=2.00e-06 gnorm=4.74 159 smp/s
ep51 step94450/140100 loss=1.0550 acc=0.912 lr=2.00e-06 gnorm=2.98 159 smp/s
ep51 step94475/140100 loss=1.0578 acc=0.876 lr=2.00e-06 gnorm=3.29 159 smp/s
ep51 step94500/140100 loss=0.9964 acc=0.906 lr=2.00e-06 gnorm=1.99 159 smp/s
ep51 step94525/140100 loss=0.8554 acc=0.929 lr=2.00e-06 gnorm=2.66 159 smp/s
ep51 step94550/140100 loss=0.8570 acc=0.879 lr=2.00e-06 gnorm=2.35 159 smp/s
ep51 step94575/140100 loss=0.8421 acc=0.927 lr=2.00e-06 gnorm=2.98 159 smp/s
ep51 step94600/140100 loss=0.7637 acc=0.898 lr=2.00e-06 gnorm=2.18 159 smp/s
ep51 step94625/140100 loss=0.8758 acc=0.919 lr=2.00e-06 gnorm=2.08 159 smp/s
ep51 step94650/140100 loss=0.6530 acc=0.985 lr=2.00e-06 gnorm=1.58 159 smp/s
ep51 step94675/140100 loss=0.8810 acc=0.898 lr=2.00e-06 gnorm=2.25 159 smp/s
ep51 step94700/140100 loss=0.8744 acc=0.946 lr=2.00e-06 gnorm=3.29 159 smp/s
ep51 step94725/140100 loss=0.7922 acc=0.918 lr=2.00e-06 gnorm=5.13 159 smp/s
ep51 step94750/140100 loss=0.8070 acc=0.932 lr=2.00e-06 gnorm=2.09 159 smp/s
ep51 step94775/140100 loss=1.0635 acc=0.832 lr=2.00e-06 gnorm=2.43 159 smp/s
ep51 step94800/140100 loss=0.8646 acc=0.953 lr=2.00e-06 gnorm=2.77 159 smp/s
ep51 step94825/140100 loss=0.7816 acc=0.897 lr=2.00e-06 gnorm=3.59 159 smp/s
ep51 step94850/140100 loss=0.8521 acc=0.932 lr=2.00e-06 gnorm=2.34 159 smp/s
ep51 step94875/140100 loss=0.8886 acc=0.956 lr=2.00e-06 gnorm=2.09 159 smp/s
ep51 step94900/140100 loss=0.9123 acc=0.889 lr=2.00e-06 gnorm=3.22 159 smp/s
ep51 step94925/140100 loss=0.8941 acc=0.891 lr=2.00e-06 gnorm=2.53 159 smp/s
ep51 step94950/140100 loss=0.6401 acc=0.927 lr=2.00e-06 gnorm=2.03 159 smp/s
ep51 step94975/140100 loss=0.9212 acc=0.932 lr=2.00e-06 gnorm=2.19 159 smp/s
ep51 step95000/140100 loss=1.1173 acc=0.901 lr=2.00e-06 gnorm=2.24 159 smp/s
ep51 step95025/140100 loss=0.9462 acc=0.921 lr=2.00e-06 gnorm=2.43 159 smp/s
ep51 step95050/140100 loss=0.9007 acc=0.932 lr=2.00e-06 gnorm=2.39 159 smp/s
ep51 step95075/140100 loss=1.1623 acc=0.851 lr=2.00e-06 gnorm=3.25 159 smp/s
ep51 step95100/140100 loss=0.8108 acc=0.910 lr=2.00e-06 gnorm=3.59 159 smp/s
ep51 step95125/140100 loss=1.0440 acc=0.878 lr=2.00e-06 gnorm=1.89 159 smp/s
ep51 step95150/140100 loss=0.8998 acc=0.884 lr=2.00e-06 gnorm=1.92 159 smp/s
ep51 step95175/140100 loss=0.9502 acc=0.835 lr=2.00e-06 gnorm=2.66 159 smp/s
ep51 step95200/140100 loss=1.0792 acc=0.922 lr=2.00e-06 gnorm=2.34 159 smp/s
ep51 step95225/140100 loss=0.9813 acc=0.906 lr=2.00e-06 gnorm=3.59 159 smp/s
ep51 step95250/140100 loss=0.8912 acc=0.971 lr=2.00e-06 gnorm=2.04 159 smp/s
ep52 step95275/140100 loss=0.9883 acc=0.895 lr=2.00e-06 gnorm=1.79 159 smp/s
ep52 step95300/140100 loss=0.9784 acc=0.858 lr=2.00e-06 gnorm=2.27 159 smp/s
ep52 step95325/140100 loss=0.7137 acc=0.927 lr=2.00e-06 gnorm=3.01 159 smp/s
ep52 step95350/140100 loss=0.7621 acc=0.931 lr=2.00e-06 gnorm=2.15 159 smp/s
ep52 step95375/140100 loss=0.8350 acc=0.959 lr=2.00e-06 gnorm=2.36 159 smp/s
ep52 step95400/140100 loss=0.6961 acc=0.916 lr=2.00e-06 gnorm=2.40 159 smp/s
ep52 step95425/140100 loss=0.8611 acc=0.914 lr=2.00e-06 gnorm=2.05 159 smp/s
ep52 step95450/140100 loss=0.7604 acc=0.906 lr=2.00e-06 gnorm=2.21 159 smp/s
ep52 step95475/140100 loss=0.9661 acc=0.905 lr=2.00e-06 gnorm=2.81 159 smp/s
ep52 step95500/140100 loss=1.1645 acc=0.939 lr=2.00e-06 gnorm=3.35 159 smp/s
ep52 step95525/140100 loss=1.0067 acc=0.923 lr=2.00e-06 gnorm=2.33 159 smp/s
ep52 step95550/140100 loss=0.8689 acc=0.959 lr=2.00e-06 gnorm=2.37 159 smp/s
ep52 step95575/140100 loss=1.0434 acc=0.856 lr=2.00e-06 gnorm=2.25 159 smp/s
ep52 step95600/140100 loss=0.5617 acc=0.962 lr=2.00e-06 gnorm=3.69 159 smp/s
ep52 step95625/140100 loss=1.0546 acc=0.903 lr=2.00e-06 gnorm=2.29 159 smp/s
ep52 step95650/140100 loss=1.0416 acc=0.813 lr=2.00e-06 gnorm=4.13 159 smp/s
ep52 step95675/140100 loss=0.8153 acc=0.917 lr=2.00e-06 gnorm=5.49 159 smp/s
ep52 step95700/140100 loss=0.6599 acc=0.925 lr=2.00e-06 gnorm=2.79 159 smp/s
ep52 step95725/140100 loss=0.6508 acc=0.948 lr=2.00e-06 gnorm=2.02 159 smp/s
ep52 step95750/140100 loss=0.9605 acc=0.896 lr=2.00e-06 gnorm=7.39 159 smp/s
ep52 step95775/140100 loss=1.0126 acc=0.898 lr=2.00e-06 gnorm=1.76 159 smp/s
ep52 step95800/140100 loss=1.0695 acc=0.885 lr=2.00e-06 gnorm=2.29 159 smp/s
ep52 step95825/140100 loss=0.9522 acc=0.915 lr=2.00e-06 gnorm=2.18 159 smp/s
ep52 step95850/140100 loss=0.9169 acc=0.915 lr=2.00e-06 gnorm=1.79 159 smp/s
ep52 step95875/140100 loss=0.9135 acc=0.921 lr=2.00e-06 gnorm=1.94 159 smp/s
ep52 step95900/140100 loss=0.6617 acc=0.932 lr=2.00e-06 gnorm=2.01 159 smp/s
ep52 step95925/140100 loss=0.8979 acc=0.875 lr=2.00e-06 gnorm=2.58 159 smp/s
ep52 step95950/140100 loss=0.7493 acc=0.968 lr=2.00e-06 gnorm=1.82 159 smp/s
ep52 step95975/140100 loss=0.6825 acc=0.929 lr=2.00e-06 gnorm=5.31 159 smp/s
ep52 step96000/140100 loss=0.9015 acc=0.885 lr=2.00e-06 gnorm=1.71 159 smp/s
[eval @ 96000] WER=0.793 CER=0.391 SER=1.000 loss=0.775 content_acc=0.343 fill_rate=0.684 entropy=0.680 distinct=83
[eval @ 96000] iter32  WER=0.547 CER=0.203 SER=0.940 (mask-predict decode, n=200 clips)
   Full: ಸ ಾ ಂ ಸ ್ ಕ ೃ ಿ ಿ ಕ | ನ ಗ ರ ಿ | ಮ ೈ ಸ ೂ ರ ಿ ನ ಲ ್ ಲ ಿ | ಕ ೊ ರ ರ ನ ಾ ಾ | ಸ ೋ ಕ ು ು | ಹ ೆ ಚ ಚ ಚ ತ ್ ತ ಿ ರ ು ು ವ | ಹ ಿ ನ ನ ನ ೆ ೆ ಯ ಲ ಲ ಲ ಲ ಿ | 
   Hyp : ಸಸಾಂಸ್ಕೃಿಿಕ ನಗರಿ ಮೈಸೂರಿನಲ್ಲಿ ಕೊರರನಾಾ ಸೋಕುು ಹೆಚಚಚತ್ತಿರುುವ ಹಿನನನೆೆಯಲಲಲಲಿ ಇಂಿಿನಿಂದ 
   Ref : ಸಾಂಸ್ಕೃತಿಕ ನಗರಿ ಮೈಸೂರಿನಲ್ಲಿ ಕೊರೋನಾ ಸೋಂಕು ಹೆಚ್ಚುತ್ತಿರುವ ಹಿನ್ನೆಲೆಯಲ್ಲಿ ಇಂದಿನಿಂದ ಐದ
DEBUG:urllib3.connectionpool:Resetting dropped connection: api.wandb.ai
DEBUG:urllib3.connectionpool:https://api.wandb.ai:443 "POST /graphql HTTP/1.1" 200 60
   ** new best eval/iter_WER=0.5473 -> best.pt
ep52 step96025/140100 loss=0.9795 acc=0.877 lr=2.00e-06 gnorm=2.52 159 smp/s
ep52 step96050/140100 loss=0.5259 acc=0.980 lr=2.00e-06 gnorm=2.43 159 smp/s
ep52 step96075/140100 loss=0.9447 acc=0.899 lr=2.00e-06 gnorm=2.75 159 smp/s
ep52 step96100/140100 loss=0.9593 acc=0.924 lr=2.00e-06 gnorm=4.22 159 smp/s
ep52 step96125/140100 loss=0.9084 acc=0.921 lr=2.00e-06 gnorm=1.61 159 smp/s
ep52 step96150/140100 loss=0.9195 acc=0.907 lr=2.00e-06 gnorm=2.12 159 smp/s
ep52 step96175/140100 loss=0.9261 acc=0.899 lr=2.00e-06 gnorm=3.49 159 smp/s
ep52 step96200/140100 loss=0.8068 acc=0.919 lr=2.00e-06 gnorm=1.63 159 smp/s
ep52 step96225/140100 loss=1.0882 acc=0.931 lr=2.00e-06 gnorm=2.91 159 smp/s
ep52 step96250/140100 loss=0.5663 acc=0.931 lr=2.00e-06 gnorm=2.82 159 smp/s
ep52 step96275/140100 loss=0.8568 acc=0.921 lr=2.00e-06 gnorm=4.67 159 smp/s
ep52 step96300/140100 loss=1.0045 acc=0.893 lr=2.00e-06 gnorm=2.69 159 smp/s
ep52 step96325/140100 loss=0.9654 acc=0.885 lr=2.00e-06 gnorm=1.92 159 smp/s
ep52 step96350/140100 loss=0.8163 acc=0.858 lr=2.00e-06 gnorm=2.21 159 smp/s
ep52 step96375/140100 loss=0.7289 acc=0.896 lr=2.00e-06 gnorm=3.77 159 smp/s
ep52 step96400/140100 loss=0.6206 acc=0.945 lr=2.00e-06 gnorm=2.44 159 smp/s
ep52 step96425/140100 loss=1.1711 acc=0.872 lr=2.00e-06 gnorm=2.14 159 smp/s
ep52 step96450/140100 loss=0.7758 acc=0.919 lr=2.00e-06 gnorm=2.89 159 smp/s
ep52 step96475/140100 loss=1.0988 acc=0.886 lr=2.00e-06 gnorm=3.11 159 smp/s
ep52 step96500/140100 loss=0.9540 acc=0.833 lr=2.00e-06 gnorm=3.92 159 smp/s
ep52 step96525/140100 loss=0.6665 acc=0.934 lr=2.00e-06 gnorm=5.55 159 smp/s
ep52 step96550/140100 loss=0.8573 acc=0.916 lr=2.00e-06 gnorm=1.68 159 smp/s
ep52 step96575/140100 loss=0.9857 acc=0.933 lr=2.00e-06 gnorm=2.27 159 smp/s
ep52 step96600/140100 loss=0.8539 acc=0.895 lr=2.00e-06 gnorm=3.84 159 smp/s
ep52 step96625/140100 loss=0.9036 acc=0.871 lr=2.00e-06 gnorm=2.16 159 smp/s
ep52 step96650/140100 loss=0.7755 acc=0.918 lr=2.00e-06 gnorm=2.55 159 smp/s
ep52 step96675/140100 loss=0.7145 acc=0.903 lr=2.00e-06 gnorm=3.25 159 smp/s
ep52 step96700/140100 loss=0.9399 acc=0.863 lr=2.00e-06 gnorm=2.06 159 smp/s
ep52 step96725/140100 loss=0.8594 acc=0.924 lr=2.00e-06 gnorm=2.27 159 smp/s
ep52 step96750/140100 loss=1.0891 acc=0.858 lr=2.00e-06 gnorm=2.41 159 smp/s
ep52 step96775/140100 loss=0.7543 acc=0.936 lr=2.00e-06 gnorm=2.68 159 smp/s
ep52 step96800/140100 loss=1.0779 acc=0.900 lr=2.00e-06 gnorm=2.23 159 smp/s
ep52 step96825/140100 loss=0.9572 acc=0.917 lr=2.00e-06 gnorm=1.84 159 smp/s
ep52 step96850/140100 loss=1.0625 acc=0.928 lr=2.00e-06 gnorm=2.20 159 smp/s
ep52 step96875/140100 loss=1.1619 acc=0.924 lr=2.00e-06 gnorm=3.22 159 smp/s
ep52 step96900/140100 loss=0.8745 acc=0.904 lr=2.00e-06 gnorm=1.52 159 smp/s
ep52 step96925/140100 loss=0.6757 acc=0.946 lr=2.00e-06 gnorm=2.32 159 smp/s
ep52 step96950/140100 loss=0.9074 acc=0.907 lr=2.00e-06 gnorm=3.63 159 smp/s
ep52 step96975/140100 loss=0.8538 acc=0.899 lr=2.00e-06 gnorm=2.10 159 smp/s
ep52 step97000/140100 loss=0.8589 acc=0.980 lr=2.00e-06 gnorm=1.95 159 smp/s
ep52 step97025/140100 loss=0.6269 acc=0.959 lr=2.00e-06 gnorm=1.82 159 smp/s
ep52 step97050/140100 loss=0.9029 acc=0.927 lr=2.00e-06 gnorm=2.33 159 smp/s
ep52 step97075/140100 loss=0.8460 acc=0.927 lr=2.00e-06 gnorm=1.81 159 smp/s
ep52 step97100/140100 loss=0.8795 acc=0.923 lr=2.00e-06 gnorm=2.72 159 smp/s
ep52 step97125/140100 loss=1.0686 acc=0.899 lr=2.00e-06 gnorm=2.11 159 smp/s
ep53 step97150/140100 loss=0.7743 acc=0.966 lr=2.00e-06 gnorm=1.71 159 smp/s
ep53 step97175/140100 loss=0.6790 acc=0.929 lr=2.00e-06 gnorm=2.49 159 smp/s
ep53 step97200/140100 loss=0.9626 acc=0.858 lr=2.00e-06 gnorm=2.01 159 smp/s
ep53 step97225/140100 loss=0.6732 acc=0.977 lr=2.00e-06 gnorm=2.12 159 smp/s
ep53 step97250/140100 loss=0.8101 acc=0.890 lr=2.00e-06 gnorm=2.07 159 smp/s
ep53 step97275/140100 loss=0.8009 acc=0.924 lr=2.00e-06 gnorm=3.81 159 smp/s
ep53 step97300/140100 loss=0.6459 acc=0.944 lr=2.00e-06 gnorm=3.44 159 smp/s
ep53 step97325/140100 loss=0.9974 acc=0.958 lr=2.00e-06 gnorm=1.81 159 smp/s
ep53 step97350/140100 loss=0.9219 acc=0.895 lr=2.00e-06 gnorm=1.97 159 smp/s
ep53 step97375/140100 loss=0.7454 acc=0.888 lr=2.00e-06 gnorm=2.90 159 smp/s
ep53 step97400/140100 loss=0.9277 acc=0.951 lr=2.00e-06 gnorm=5.32 159 smp/s
ep53 step97425/140100 loss=0.6622 acc=0.911 lr=2.00e-06 gnorm=1.34 159 smp/s
ep53 step97450/140100 loss=1.1027 acc=0.847 lr=2.00e-06 gnorm=2.86 159 smp/s
ep53 step97475/140100 loss=1.1281 acc=0.895 lr=2.00e-06 gnorm=2.81 159 smp/s
ep53 step97500/140100 loss=0.7444 acc=0.951 lr=2.00e-06 gnorm=2.52 159 smp/s
ep53 step97525/140100 loss=0.8356 acc=0.976 lr=2.00e-06 gnorm=2.75 159 smp/s
ep53 step97550/140100 loss=0.8187 acc=0.891 lr=2.00e-06 gnorm=2.44 159 smp/s
ep53 step97575/140100 loss=0.8627 acc=0.925 lr=2.00e-06 gnorm=3.29 159 smp/s
ep53 step97600/140100 loss=0.8843 acc=0.890 lr=2.00e-06 gnorm=2.48 159 smp/s
ep53 step97625/140100 loss=0.9457 acc=0.904 lr=2.00e-06 gnorm=2.32 159 smp/s
ep53 step97650/140100 loss=0.9420 acc=0.935 lr=2.00e-06 gnorm=3.01 159 smp/s
ep53 step97675/140100 loss=0.9782 acc=0.898 lr=2.00e-06 gnorm=4.63 159 smp/s
ep53 step97700/140100 loss=0.5735 acc=0.929 lr=2.00e-06 gnorm=1.91 159 smp/s
ep53 step97725/140100 loss=0.7913 acc=0.907 lr=2.00e-06 gnorm=1.88 159 smp/s
ep53 step97750/140100 loss=1.3208 acc=0.861 lr=2.00e-06 gnorm=1.87 159 smp/s
ep53 step97775/140100 loss=0.7022 acc=0.927 lr=2.00e-06 gnorm=3.83 159 smp/s
ep53 step97800/140100 loss=0.8297 acc=0.939 lr=2.00e-06 gnorm=2.04 159 smp/s
ep53 step97825/140100 loss=1.1901 acc=0.885 lr=2.00e-06 gnorm=1.89 159 smp/s
ep53 step97850/140100 loss=0.8020 acc=0.951 lr=2.00e-06 gnorm=1.78 159 smp/s
ep53 step97875/140100 loss=0.9643 acc=0.961 lr=2.00e-06 gnorm=2.21 159 smp/s
ep53 step97900/140100 loss=0.8527 acc=0.930 lr=2.00e-06 gnorm=3.10 159 smp/s
ep53 step97925/140100 loss=0.4880 acc=0.955 lr=2.00e-06 gnorm=7.31 159 smp/s
ep53 step97950/140100 loss=0.7767 acc=0.931 lr=2.00e-06 gnorm=2.50 159 smp/s
ep53 step97975/140100 loss=0.9535 acc=0.951 lr=2.00e-06 gnorm=3.00 159 smp/s
ep53 step98000/140100 loss=0.9261 acc=0.927 lr=2.00e-06 gnorm=2.14 159 smp/s
[eval @ 98000] WER=0.801 CER=0.396 SER=1.000 loss=0.762 content_acc=0.342 fill_rate=0.687 entropy=0.664 distinct=82
[eval @ 98000] iter32  WER=0.548 CER=0.201 SER=0.935 (mask-predict decode, n=200 clips)
   Full: ಸ ಾ ಂ ಸ ್ ೃ ೃ ಿ ಿ ಕ | ನ ಗ ರ ಿ | ಮ ೈ ಸ ೂ ಿ ಿ ನ ಲ ್ ಲ ಿ | ಕ ೊ ರ ೋ ನ ಾ | ಸ ೋ ಂ ಕ ು | ಹ ೆ ಚ ್ ಚ ು ತ ್ ತ ಿ ರ ು ವ ವ ಹ ಿ ನ ್ ನ ನ ೆ ೆ ಯ ಲ ಲ ಲ ಿ ಿ | 
   Hyp : ಸಸಾಂಸ್ೃೃಿಿಕ ನಗರಿ ಮೈಸೂಿಿನಲ್ಲಿ ಕೊರೋನಾ ಸೋಂಕು ಹೆಚ್ಚುತ್ತಿರುವವಹಿನ್ನನೆೆಯಲಲಲಿಿ ಇಂಿಿನಿಂದಐ
   Ref : ಸಾಂಸ್ಕೃತಿಕ ನಗರಿ ಮೈಸೂರಿನಲ್ಲಿ ಕೊರೋನಾ ಸೋಂಕು ಹೆಚ್ಚುತ್ತಿರುವ ಹಿನ್ನೆಲೆಯಲ್ಲಿ ಇಂದಿನಿಂದ ಐದ
DEBUG:urllib3.connectionpool:Resetting dropped connection: api.wandb.ai
DEBUG:urllib3.connectionpool:https://api.wandb.ai:443 "POST /graphql HTTP/1.1" 200 60
ep53 step98025/140100 loss=0.9072 acc=0.914 lr=2.00e-06 gnorm=1.83 159 smp/s
ep53 step98050/140100 loss=1.0343 acc=0.947 lr=2.00e-06 gnorm=1.95 159 smp/s
ep53 step98075/140100 loss=1.0356 acc=0.908 lr=2.00e-06 gnorm=3.90 159 smp/s
ep53 step98100/140100 loss=0.8016 acc=0.901 lr=2.00e-06 gnorm=2.03 159 smp/s
ep53 step98125/140100 loss=0.8585 acc=0.918 lr=2.00e-06 gnorm=1.61 159 smp/s
ep53 step98150/140100 loss=1.0348 acc=0.899 lr=2.00e-06 gnorm=1.73 159 smp/s
ep53 step98175/140100 loss=0.7924 acc=0.919 lr=2.00e-06 gnorm=2.01 159 smp/s
ep53 step98200/140100 loss=0.9561 acc=0.911 lr=2.00e-06 gnorm=3.47 159 smp/s
ep53 step98225/140100 loss=0.7479 acc=0.888 lr=2.00e-06 gnorm=2.13 159 smp/s
ep53 step98250/140100 loss=0.7410 acc=0.928 lr=2.00e-06 gnorm=5.21 159 smp/s
ep53 step98275/140100 loss=1.1668 acc=0.883 lr=2.00e-06 gnorm=2.22 159 smp/s
ep53 step98300/140100 loss=0.8139 acc=0.931 lr=2.00e-06 gnorm=1.93 159 smp/s
ep53 step98325/140100 loss=0.9822 acc=0.921 lr=2.00e-06 gnorm=3.53 159 smp/s
ep53 step98350/140100 loss=0.8475 acc=0.970 lr=2.00e-06 gnorm=1.97 159 smp/s
ep53 step98375/140100 loss=1.2969 acc=0.883 lr=2.00e-06 gnorm=2.03 159 smp/s
ep53 step98400/140100 loss=0.9550 acc=0.933 lr=2.00e-06 gnorm=1.92 159 smp/s
ep53 step98425/140100 loss=0.7493 acc=0.943 lr=2.00e-06 gnorm=2.75 159 smp/s
ep53 step98450/140100 loss=1.1787 acc=0.872 lr=2.00e-06 gnorm=1.97 159 smp/s
ep53 step98475/140100 loss=1.0618 acc=0.876 lr=2.00e-06 gnorm=2.87 159 smp/s
ep53 step98500/140100 loss=1.1046 acc=0.924 lr=2.00e-06 gnorm=2.41 159 smp/s
ep53 step98525/140100 loss=1.0587 acc=0.919 lr=2.00e-06 gnorm=1.99 159 smp/s
ep53 step98550/140100 loss=0.9237 acc=0.922 lr=2.00e-06 gnorm=3.83 159 smp/s
ep53 step98575/140100 loss=1.0546 acc=0.914 lr=2.00e-06 gnorm=2.24 159 smp/s
ep53 step98600/140100 loss=1.0292 acc=0.914 lr=2.00e-06 gnorm=2.23 159 smp/s
ep53 step98625/140100 loss=1.0378 acc=0.868 lr=2.00e-06 gnorm=2.08 159 smp/s
ep53 step98650/140100 loss=0.5198 acc=0.941 lr=2.00e-06 gnorm=2.64 159 smp/s
ep53 step98675/140100 loss=0.8809 acc=0.918 lr=2.00e-06 gnorm=4.23 159 smp/s
ep53 step98700/140100 loss=1.1076 acc=0.839 lr=2.00e-06 gnorm=1.76 159 smp/s
ep53 step98725/140100 loss=1.0465 acc=0.905 lr=2.00e-06 gnorm=2.52 159 smp/s
ep53 step98750/140100 loss=0.6858 acc=0.952 lr=2.00e-06 gnorm=3.37 159 smp/s
ep53 step98775/140100 loss=0.9416 acc=0.918 lr=2.00e-06 gnorm=2.28 159 smp/s
ep53 step98800/140100 loss=0.9428 acc=0.929 lr=2.00e-06 gnorm=1.83 159 smp/s
ep53 step98825/140100 loss=0.7347 acc=0.930 lr=2.00e-06 gnorm=3.51 159 smp/s
ep53 step98850/140100 loss=0.8496 acc=0.896 lr=2.00e-06 gnorm=5.07 159 smp/s
ep53 step98875/140100 loss=1.1254 acc=0.921 lr=2.00e-06 gnorm=2.48 159 smp/s
ep53 step98900/140100 loss=0.8686 acc=0.879 lr=2.00e-06 gnorm=1.86 159 smp/s
ep53 step98925/140100 loss=0.8142 acc=0.915 lr=2.00e-06 gnorm=1.72 159 smp/s
ep53 step98950/140100 loss=0.9102 acc=0.936 lr=2.00e-06 gnorm=1.99 159 smp/s
ep53 step98975/140100 loss=0.9274 acc=0.914 lr=2.00e-06 gnorm=2.55 159 smp/s
ep53 step99000/140100 loss=0.9588 acc=0.903 lr=2.00e-06 gnorm=1.80 159 smp/s
ep54 step99025/140100 loss=0.9001 acc=0.922 lr=2.00e-06 gnorm=1.99 159 smp/s
ep54 step99050/140100 loss=0.9476 acc=0.916 lr=2.00e-06 gnorm=3.71 159 smp/s
ep54 step99075/140100 loss=0.6523 acc=0.900 lr=2.00e-06 gnorm=4.84 159 smp/s
ep54 step99100/140100 loss=1.0305 acc=0.927 lr=2.00e-06 gnorm=2.52 159 smp/s
ep54 step99125/140100 loss=0.6948 acc=0.931 lr=2.00e-06 gnorm=4.11 159 smp/s
ep54 step99150/140100 loss=0.7151 acc=0.910 lr=2.00e-06 gnorm=2.23 159 smp/s
ep54 step99175/140100 loss=0.6310 acc=0.959 lr=2.00e-06 gnorm=2.59 159 smp/s
ep54 step99200/140100 loss=1.0185 acc=0.905 lr=2.00e-06 gnorm=3.05 159 smp/s
ep54 step99225/140100 loss=0.8794 acc=0.871 lr=2.00e-06 gnorm=2.51 159 smp/s
ep54 step99250/140100 loss=0.8381 acc=0.900 lr=2.00e-06 gnorm=3.02 159 smp/s
ep54 step99275/140100 loss=1.0103 acc=0.905 lr=2.00e-06 gnorm=2.04 159 smp/s
ep54 step99300/140100 loss=1.1199 acc=0.926 lr=2.00e-06 gnorm=1.92 159 smp/s
ep54 step99325/140100 loss=0.7038 acc=0.944 lr=2.00e-06 gnorm=2.07 159 smp/s
ep54 step99350/140100 loss=0.9604 acc=0.904 lr=2.00e-06 gnorm=2.94 159 smp/s
ep54 step99375/140100 loss=0.9130 acc=0.952 lr=2.00e-06 gnorm=1.54 159 smp/s
ep54 step99400/140100 loss=1.0657 acc=0.858 lr=2.00e-06 gnorm=3.49 159 smp/s
ep54 step99425/140100 loss=0.8569 acc=0.913 lr=2.00e-06 gnorm=3.42 159 smp/s
ep54 step99450/140100 loss=0.9741 acc=0.892 lr=2.00e-06 gnorm=2.53 159 smp/s
ep54 step99475/140100 loss=1.1355 acc=0.882 lr=2.00e-06 gnorm=4.79 159 smp/s
ep54 step99500/140100 loss=0.9276 acc=0.941 lr=2.00e-06 gnorm=2.97 159 smp/s
ep54 step99525/140100 loss=0.6647 acc=0.942 lr=2.00e-06 gnorm=3.27 159 smp/s
ep54 step99550/140100 loss=0.5876 acc=0.938 lr=2.00e-06 gnorm=1.49 159 smp/s
ep54 step99575/140100 loss=0.9359 acc=0.909 lr=2.00e-06 gnorm=2.09 159 smp/s
ep54 step99600/140100 loss=0.8894 acc=0.931 lr=2.00e-06 gnorm=1.83 159 smp/s
ep54 step99625/140100 loss=0.7390 acc=0.915 lr=2.00e-06 gnorm=1.77 159 smp/s
ep54 step99650/140100 loss=0.8517 acc=0.877 lr=2.00e-06 gnorm=2.37 159 smp/s
ep54 step99675/140100 loss=0.8115 acc=0.950 lr=2.00e-06 gnorm=1.77 159 smp/s
ep54 step99700/140100 loss=0.8017 acc=0.902 lr=2.00e-06 gnorm=3.25 159 smp/s
ep54 step99725/140100 loss=1.0503 acc=0.877 lr=2.00e-06 gnorm=2.33 159 smp/s
ep54 step99750/140100 loss=0.7643 acc=0.914 lr=2.00e-06 gnorm=3.18 159 smp/s
ep54 step99775/140100 loss=0.7815 acc=0.929 lr=2.00e-06 gnorm=1.65 159 smp/s
ep54 step99800/140100 loss=0.9351 acc=0.912 lr=2.00e-06 gnorm=2.48 159 smp/s
ep54 step99825/140100 loss=0.8697 acc=0.858 lr=2.00e-06 gnorm=1.98 159 smp/s
ep54 step99850/140100 loss=0.9497 acc=0.925 lr=2.00e-06 gnorm=4.12 159 smp/s
ep54 step99875/140100 loss=0.7534 acc=0.957 lr=2.00e-06 gnorm=3.16 159 smp/s
ep54 step99900/140100 loss=1.1490 acc=0.854 lr=2.00e-06 gnorm=3.98 159 smp/s
ep54 step99925/140100 loss=0.9460 acc=0.859 lr=2.00e-06 gnorm=5.45 159 smp/s
ep54 step99950/140100 loss=0.8341 acc=0.949 lr=2.00e-06 gnorm=1.87 159 smp/s
ep54 step99975/140100 loss=0.6655 acc=0.910 lr=2.00e-06 gnorm=3.11 159 smp/s
ep54 step100000/140100 loss=1.1112 acc=0.850 lr=2.00e-06 gnorm=1.88 159 smp/s
[eval @ 100000] WER=0.793 CER=0.388 SER=1.000 loss=0.757 content_acc=0.355 fill_rate=0.688 entropy=0.639 distinct=82
[eval @ 100000] iter32  WER=0.546 CER=0.199 SER=0.930 (mask-predict decode, n=200 clips)
   Full: ಸ ಾ ಂ ಸ ್ ೃ ೃ ಿ ಿ ಕ | ನ ಗ ರ ಿ | ಮ ೈ ಸ ೂ ರ ಿ ನ ಲ ್ ಲ ಿ | ಕ ೊ ರ ೋ ನ ಾ | ಸ ೋ ಂ ಕ ು | ಹ ೆ ಚ ್ ಚ ು ತ ್ ತ ಿ ರ ು ವ | ಹ ಿ ನ ್ ನ ೆ ೆ ೆ ಯ ಲ ್ ಲ ಿ ಿ ಇ 
   Hyp : ಸಸಾಂಸ್ೃೃಿಿಕ ನಗರಿ ಮೈಸೂರಿನಲ್ಲಿ ಕೊರೋನಾ ಸೋಂಕು ಹೆಚ್ಚುತ್ತಿರುವ ಹಿನ್ನೆೆೆಯಲ್ಲಿಿಇಇಂಿಿನಿಂದಐ
   Ref : ಸಾಂಸ್ಕೃತಿಕ ನಗರಿ ಮೈಸೂರಿನಲ್ಲಿ ಕೊರೋನಾ ಸೋಂಕು ಹೆಚ್ಚುತ್ತಿರುವ ಹಿನ್ನೆಲೆಯಲ್ಲಿ ಇಂದಿನಿಂದ ಐದ
DEBUG:urllib3.connectionpool:Resetting dropped connection: api.wandb.ai
DEBUG:urllib3.connectionpool:https://api.wandb.ai:443 "POST /graphql HTTP/1.1" 200 60
   ** new best eval/iter_WER=0.5458 -> best.pt
ep54 step100025/140100 loss=0.7471 acc=0.931 lr=2.00e-06 gnorm=1.98 159 smp/s
ep54 step100050/140100 loss=1.0203 acc=0.897 lr=2.00e-06 gnorm=2.02 159 smp/s
ep54 step100075/140100 loss=0.7820 acc=0.865 lr=2.00e-06 gnorm=3.81 159 smp/s
ep54 step100100/140100 loss=0.7944 acc=0.892 lr=2.00e-06 gnorm=2.48 159 smp/s
ep54 step100125/140100 loss=0.7049 acc=0.965 lr=2.00e-06 gnorm=2.34 159 smp/s
ep54 step100150/140100 loss=0.6333 acc=0.936 lr=2.00e-06 gnorm=2.63 159 smp/s
ep54 step100175/140100 loss=1.0563 acc=0.922 lr=2.00e-06 gnorm=1.74 159 smp/s
ep54 step100200/140100 loss=0.8739 acc=0.937 lr=2.00e-06 gnorm=1.71 159 smp/s
ep54 step100225/140100 loss=0.8937 acc=0.878 lr=2.00e-06 gnorm=2.21 159 smp/s
ep54 step100250/140100 loss=1.0976 acc=0.869 lr=2.00e-06 gnorm=2.63 159 smp/s
ep54 step100275/140100 loss=0.7996 acc=0.905 lr=2.00e-06 gnorm=2.41 159 smp/s
ep54 step100300/140100 loss=0.6301 acc=0.908 lr=2.00e-06 gnorm=2.41 159 smp/s
ep54 step100325/140100 loss=0.9547 acc=0.926 lr=2.00e-06 gnorm=3.52 159 smp/s
ep54 step100350/140100 loss=0.9117 acc=0.905 lr=2.00e-06 gnorm=2.47 159 smp/s
ep54 step100375/140100 loss=0.9003 acc=0.962 lr=2.00e-06 gnorm=4.31 159 smp/s
ep54 step100400/140100 loss=1.1556 acc=0.910 lr=2.00e-06 gnorm=2.15 159 smp/s
ep54 step100425/140100 loss=0.9975 acc=0.889 lr=2.00e-06 gnorm=2.48 159 smp/s
ep54 step100450/140100 loss=0.5876 acc=0.921 lr=2.00e-06 gnorm=1.95 159 smp/s
ep54 step100475/140100 loss=1.1399 acc=0.917 lr=2.00e-06 gnorm=3.05 159 smp/s
ep54 step100500/140100 loss=1.1506 acc=0.888 lr=2.00e-06 gnorm=3.52 159 smp/s
ep54 step100525/140100 loss=0.7720 acc=0.894 lr=2.00e-06 gnorm=3.44 159 smp/s
ep54 step100550/140100 loss=0.8892 acc=0.911 lr=2.00e-06 gnorm=1.69 159 smp/s
ep54 step100575/140100 loss=0.9105 acc=0.880 lr=2.00e-06 gnorm=3.27 159 smp/s
ep54 step100600/140100 loss=0.9650 acc=0.939 lr=2.00e-06 gnorm=3.13 159 smp/s
ep54 step100625/140100 loss=0.7555 acc=0.930 lr=2.00e-06 gnorm=2.19 159 smp/s
ep54 step100650/140100 loss=0.7859 acc=0.928 lr=2.00e-06 gnorm=2.41 159 smp/s
ep54 step100675/140100 loss=0.9548 acc=0.966 lr=2.00e-06 gnorm=3.27 159 smp/s
ep54 step100700/140100 loss=0.8119 acc=0.955 lr=2.00e-06 gnorm=2.09 159 smp/s
ep54 step100725/140100 loss=0.9570 acc=0.895 lr=2.00e-06 gnorm=3.07 159 smp/s
ep54 step100750/140100 loss=1.0998 acc=0.814 lr=2.00e-06 gnorm=2.42 159 smp/s
ep54 step100775/140100 loss=0.9203 acc=0.916 lr=2.00e-06 gnorm=3.39 159 smp/s
ep54 step100800/140100 loss=1.0668 acc=0.874 lr=2.00e-06 gnorm=2.02 159 smp/s
ep54 step100825/140100 loss=0.9915 acc=0.883 lr=2.00e-06 gnorm=3.10 159 smp/s
ep54 step100850/140100 loss=0.7830 acc=0.943 lr=2.00e-06 gnorm=2.27 159 smp/s
ep55 step100875/140100 loss=0.8028 acc=0.896 lr=2.00e-06 gnorm=3.45 159 smp/s
ep55 step100900/140100 loss=0.6980 acc=0.949 lr=2.00e-06 gnorm=3.91 159 smp/s
ep55 step100925/140100 loss=0.6775 acc=0.907 lr=2.00e-06 gnorm=1.96 159 smp/s
ep55 step100950/140100 loss=1.0126 acc=0.928 lr=2.00e-06 gnorm=2.14 159 smp/s
ep55 step100975/140100 loss=0.9311 acc=0.879 lr=2.00e-06 gnorm=2.78 159 smp/s
ep55 step101000/140100 loss=0.9336 acc=0.951 lr=2.00e-06 gnorm=2.08 159 smp/s
ep55 step101025/140100 loss=0.8372 acc=0.911 lr=2.00e-06 gnorm=2.47 159 smp/s
ep55 step101050/140100 loss=0.9076 acc=0.904 lr=2.00e-06 gnorm=2.42 159 smp/s
ep55 step101075/140100 loss=0.8259 acc=0.927 lr=2.00e-06 gnorm=3.43 159 smp/s
ep55 step101100/140100 loss=0.9758 acc=0.882 lr=2.00e-06 gnorm=2.38 159 smp/s
ep55 step101125/140100 loss=0.8947 acc=0.879 lr=2.00e-06 gnorm=2.02 159 smp/s
ep55 step101150/140100 loss=0.5981 acc=0.940 lr=2.00e-06 gnorm=2.00 159 smp/s
ep55 step101175/140100 loss=0.9398 acc=0.943 lr=2.00e-06 gnorm=2.43 159 smp/s
ep55 step101200/140100 loss=0.6633 acc=0.887 lr=2.00e-06 gnorm=2.97 159 smp/s
ep55 step101225/140100 loss=0.7420 acc=0.934 lr=2.00e-06 gnorm=1.64 159 smp/s
ep55 step101250/140100 loss=0.9383 acc=0.876 lr=2.00e-06 gnorm=2.58 159 smp/s
ep55 step101275/140100 loss=0.8255 acc=0.942 lr=2.00e-06 gnorm=2.45 159 smp/s
ep55 step101300/140100 loss=0.8261 acc=0.930 lr=2.00e-06 gnorm=3.04 159 smp/s
ep55 step101325/140100 loss=0.5955 acc=0.926 lr=2.00e-06 gnorm=2.78 159 smp/s
ep55 step101350/140100 loss=0.8104 acc=0.936 lr=2.00e-06 gnorm=1.91 159 smp/s
ep55 step101375/140100 loss=0.6668 acc=0.905 lr=2.00e-06 gnorm=4.24 159 smp/s
ep55 step101400/140100 loss=0.9814 acc=0.878 lr=2.00e-06 gnorm=2.63 159 smp/s
ep55 step101425/140100 loss=0.6252 acc=0.955 lr=2.00e-06 gnorm=1.97 159 smp/s
ep55 step101450/140100 loss=0.8118 acc=0.967 lr=2.00e-06 gnorm=2.01 159 smp/s
ep55 step101475/140100 loss=0.8995 acc=0.907 lr=2.00e-06 gnorm=1.79 159 smp/s
ep55 step101500/140100 loss=0.9234 acc=0.912 lr=2.00e-06 gnorm=2.16 159 smp/s
ep55 step101525/140100 loss=0.8044 acc=0.932 lr=2.00e-06 gnorm=2.00 159 smp/s
ep55 step101550/140100 loss=0.8387 acc=0.959 lr=2.00e-06 gnorm=1.56 159 smp/s
ep55 step101575/140100 loss=0.9680 acc=0.882 lr=2.00e-06 gnorm=4.15 159 smp/s
ep55 step101600/140100 loss=0.5244 acc=0.943 lr=2.00e-06 gnorm=1.76 159 smp/s
ep55 step101625/140100 loss=0.9493 acc=0.954 lr=2.00e-06 gnorm=2.34 159 smp/s
ep55 step101650/140100 loss=0.9950 acc=0.890 lr=2.00e-06 gnorm=2.26 159 smp/s
ep55 step101675/140100 loss=0.9881 acc=0.911 lr=2.00e-06 gnorm=1.85 159 smp/s
ep55 step101700/140100 loss=0.8608 acc=0.907 lr=2.00e-06 gnorm=2.32 159 smp/s
ep55 step101725/140100 loss=0.6543 acc=0.926 lr=2.00e-06 gnorm=2.18 159 smp/s
ep55 step101750/140100 loss=0.7970 acc=0.906 lr=2.00e-06 gnorm=2.06 159 smp/s
ep55 step101775/140100 loss=0.8156 acc=0.902 lr=2.00e-06 gnorm=1.85 159 smp/s
ep55 step101800/140100 loss=0.6776 acc=0.957 lr=2.00e-06 gnorm=2.34 159 smp/s
ep55 step101825/140100 loss=1.1483 acc=0.943 lr=2.00e-06 gnorm=3.67 159 smp/s
ep55 step101850/140100 loss=0.7850 acc=0.924 lr=2.00e-06 gnorm=3.16 159 smp/s
ep55 step101875/140100 loss=1.1328 acc=0.840 lr=2.00e-06 gnorm=2.20 159 smp/s
ep55 step101900/140100 loss=0.7138 acc=0.917 lr=2.00e-06 gnorm=1.74 159 smp/s
ep55 step101925/140100 loss=0.7495 acc=0.958 lr=2.00e-06 gnorm=3.62 159 smp/s
ep55 step101950/140100 loss=0.8880 acc=0.908 lr=2.00e-06 gnorm=2.35 159 smp/s
ep55 step101975/140100 loss=1.1849 acc=0.890 lr=2.00e-06 gnorm=3.03 159 smp/s
ep55 step102000/140100 loss=0.9003 acc=0.909 lr=2.00e-06 gnorm=4.30 159 smp/s
[eval @ 102000] WER=0.790 CER=0.387 SER=1.000 loss=0.728 content_acc=0.361 fill_rate=0.689 entropy=0.635 distinct=83
[eval @ 102000] iter32  WER=0.538 CER=0.198 SER=0.930 (mask-predict decode, n=200 clips)
   Full: ಸ ಾ ಂ ಸ ್ ೃ ೃ ಿ ಿ ಕ | ನ ಗ ರ ಿ | ಮ ೈ ಸ ೂ ರ ಿ ನ ಲ ್ ಲ ಿ | ಕ ೊ ರ ೋ ನ ಾ | ಸ ೋ ಂ ಕ ು | ಹ ೆ ಚ ್ ಚ ು ತ ್ ತ ಿ ರ ು ವ | ಹ ಿ ನ ್ ನ ೆ ೆ ೆ ಯ ಲ ್ ಲ ಿ ಿ ಇ 
   Hyp : ಸಸಾಂಸ್ೃೃಿಿಕ ನಗರಿ ಮೈಸೂರಿನಲ್ಲಿ ಕೊರೋನಾ ಸೋಂಕು ಹೆಚ್ಚುತ್ತಿರುವ ಹಿನ್ನೆೆೆಯಲ್ಲಿಿಇಇಂಿನನಿಂದಐ
   Ref : ಸಾಂಸ್ಕೃತಿಕ ನಗರಿ ಮೈಸೂರಿನಲ್ಲಿ ಕೊರೋನಾ ಸೋಂಕು ಹೆಚ್ಚುತ್ತಿರುವ ಹಿನ್ನೆಲೆಯಲ್ಲಿ ಇಂದಿನಿಂದ ಐದ
DEBUG:urllib3.connectionpool:Resetting dropped connection: api.wandb.ai
DEBUG:urllib3.connectionpool:https://api.wandb.ai:443 "POST /graphql HTTP/1.1" 200 60
   ** new best eval/iter_WER=0.5380 -> best.pt
ep55 step102025/140100 loss=0.7363 acc=0.915 lr=2.00e-06 gnorm=2.12 159 smp/s
ep55 step102050/140100 loss=1.1986 acc=0.923 lr=2.00e-06 gnorm=1.86 159 smp/s
ep55 step102075/140100 loss=0.9936 acc=0.915 lr=2.00e-06 gnorm=2.13 159 smp/s
ep55 step102100/140100 loss=0.8368 acc=0.904 lr=2.00e-06 gnorm=3.20 159 smp/s
ep55 step102125/140100 loss=0.9941 acc=0.930 lr=2.00e-06 gnorm=2.03 159 smp/s
ep55 step102150/140100 loss=0.8802 acc=0.945 lr=2.00e-06 gnorm=1.86 159 smp/s
ep55 step102175/140100 loss=0.9833 acc=0.907 lr=2.00e-06 gnorm=3.06 159 smp/s
ep55 step102200/140100 loss=0.8771 acc=0.950 lr=2.00e-06 gnorm=3.52 159 smp/s
ep55 step102225/140100 loss=0.8054 acc=0.875 lr=2.00e-06 gnorm=2.45 159 smp/s
ep55 step102250/140100 loss=1.0291 acc=0.966 lr=2.00e-06 gnorm=2.90 159 smp/s
ep55 step102275/140100 loss=0.9471 acc=0.893 lr=2.00e-06 gnorm=2.53 159 smp/s
ep55 step102300/140100 loss=0.8449 acc=0.868 lr=2.00e-06 gnorm=3.12 159 smp/s
ep55 step102325/140100 loss=0.5315 acc=0.960 lr=2.00e-06 gnorm=2.60 159 smp/s
ep55 step102350/140100 loss=0.9078 acc=0.953 lr=2.00e-06 gnorm=1.51 159 smp/s
ep55 step102375/140100 loss=0.9155 acc=0.917 lr=2.00e-06 gnorm=2.16 159 smp/s
ep55 step102400/140100 loss=1.0407 acc=0.859 lr=2.00e-06 gnorm=3.62 159 smp/s
ep55 step102425/140100 loss=1.0462 acc=0.950 lr=2.00e-06 gnorm=3.13 159 smp/s
ep55 step102450/140100 loss=0.7896 acc=0.938 lr=2.00e-06 gnorm=2.37 159 smp/s
ep55 step102475/140100 loss=1.0605 acc=0.889 lr=2.00e-06 gnorm=1.80 159 smp/s
ep55 step102500/140100 loss=1.0490 acc=0.900 lr=2.00e-06 gnorm=4.00 159 smp/s
ep55 step102525/140100 loss=0.8563 acc=0.940 lr=2.00e-06 gnorm=2.44 159 smp/s
ep55 step102550/140100 loss=0.6651 acc=0.951 lr=2.00e-06 gnorm=1.92 159 smp/s
ep55 step102575/140100 loss=0.6560 acc=0.929 lr=2.00e-06 gnorm=1.93 159 smp/s
ep55 step102600/140100 loss=1.0667 acc=0.902 lr=2.00e-06 gnorm=2.08 159 smp/s
ep55 step102625/140100 loss=0.8597 acc=0.940 lr=2.00e-06 gnorm=1.94 159 smp/s
ep55 step102650/140100 loss=0.8674 acc=0.904 lr=2.00e-06 gnorm=3.12 159 smp/s
ep55 step102675/140100 loss=0.8240 acc=0.865 lr=2.00e-06 gnorm=1.71 159 smp/s
ep55 step102700/140100 loss=0.9327 acc=0.878 lr=2.00e-06 gnorm=6.75 159 smp/s
ep55 step102725/140100 loss=0.8314 acc=0.888 lr=2.00e-06 gnorm=3.37 159 smp/s
ep56 step102750/140100 loss=0.9359 acc=0.923 lr=2.00e-06 gnorm=2.95 159 smp/s
ep56 step102775/140100 loss=0.7622 acc=0.912 lr=2.00e-06 gnorm=2.91 159 smp/s
ep56 step102800/140100 loss=0.9383 acc=0.879 lr=2.00e-06 gnorm=3.15 159 smp/s
ep56 step102825/140100 loss=0.8891 acc=0.911 lr=2.00e-06 gnorm=4.35 159 smp/s
ep56 step102850/140100 loss=1.0467 acc=0.938 lr=2.00e-06 gnorm=3.54 159 smp/s
ep56 step102875/140100 loss=0.6638 acc=0.909 lr=2.00e-06 gnorm=2.03 159 smp/s
ep56 step102900/140100 loss=1.1410 acc=0.905 lr=2.00e-06 gnorm=4.12 159 smp/s
ep56 step102925/140100 loss=1.0642 acc=0.856 lr=2.00e-06 gnorm=2.00 159 smp/s
ep56 step102950/140100 loss=0.8502 acc=0.918 lr=2.00e-06 gnorm=2.36 159 smp/s
ep56 step102975/140100 loss=0.9281 acc=0.889 lr=2.00e-06 gnorm=4.51 159 smp/s
ep56 step103000/140100 loss=0.8661 acc=0.923 lr=2.00e-06 gnorm=4.19 159 smp/s
ep56 step103025/140100 loss=0.7807 acc=0.929 lr=2.00e-06 gnorm=3.33 159 smp/s
ep56 step103050/140100 loss=1.1210 acc=0.892 lr=2.00e-06 gnorm=2.76 159 smp/s
ep56 step103075/140100 loss=0.8243 acc=0.949 lr=2.00e-06 gnorm=2.47 159 smp/s
ep56 step103100/140100 loss=1.0858 acc=0.936 lr=2.00e-06 gnorm=1.61 159 smp/s
ep56 step103125/140100 loss=0.9413 acc=0.886 lr=2.00e-06 gnorm=2.22 159 smp/s
ep56 step103150/140100 loss=0.7802 acc=0.938 lr=2.00e-06 gnorm=3.58 159 smp/s
ep56 step103175/140100 loss=1.2538 acc=0.891 lr=2.00e-06 gnorm=6.06 159 smp/s
ep56 step103200/140100 loss=0.9524 acc=0.926 lr=2.00e-06 gnorm=1.84 159 smp/s
ep56 step103225/140100 loss=0.8844 acc=0.906 lr=2.00e-06 gnorm=1.75 159 smp/s
ep56 step103250/140100 loss=0.9232 acc=0.862 lr=2.00e-06 gnorm=5.38 159 smp/s
ep56 step103275/140100 loss=0.7634 acc=0.949 lr=2.00e-06 gnorm=1.73 159 smp/s
ep56 step103300/140100 loss=0.7729 acc=0.904 lr=2.00e-06 gnorm=2.69 159 smp/s
ep56 step103325/140100 loss=1.1404 acc=0.858 lr=2.00e-06 gnorm=2.23 159 smp/s
ep56 step103350/140100 loss=0.8795 acc=0.913 lr=2.00e-06 gnorm=2.81 159 smp/s
ep56 step103375/140100 loss=0.6805 acc=0.939 lr=2.00e-06 gnorm=1.72 159 smp/s
ep56 step103400/140100 loss=1.0292 acc=0.904 lr=2.00e-06 gnorm=2.10 159 smp/s
ep56 step103425/140100 loss=0.9679 acc=0.896 lr=2.00e-06 gnorm=1.76 159 smp/s
ep56 step103450/140100 loss=0.8823 acc=0.979 lr=2.00e-06 gnorm=2.40 159 smp/s
ep56 step103475/140100 loss=0.8441 acc=0.905 lr=2.00e-06 gnorm=2.08 159 smp/s
ep56 step103500/140100 loss=0.9021 acc=0.898 lr=2.00e-06 gnorm=2.01 159 smp/s
ep56 step103525/140100 loss=0.6095 acc=0.901 lr=2.00e-06 gnorm=3.63 159 smp/s
ep56 step103550/140100 loss=1.0788 acc=0.868 lr=2.00e-06 gnorm=4.69 159 smp/s
ep56 step103575/140100 loss=0.8401 acc=0.887 lr=2.00e-06 gnorm=1.89 159 smp/s
ep56 step103600/140100 loss=0.8061 acc=0.969 lr=2.00e-06 gnorm=2.22 159 smp/s
ep56 step103625/140100 loss=0.8081 acc=0.914 lr=2.00e-06 gnorm=2.25 159 smp/s
ep56 step103650/140100 loss=0.6632 acc=0.959 lr=2.00e-06 gnorm=1.79 159 smp/s
ep56 step103675/140100 loss=0.9398 acc=0.930 lr=2.00e-06 gnorm=5.26 159 smp/s
ep56 step103700/140100 loss=0.9026 acc=0.908 lr=2.00e-06 gnorm=5.26 159 smp/s
ep56 step103725/140100 loss=0.5694 acc=0.950 lr=2.00e-06 gnorm=1.83 159 smp/s
ep56 step103750/140100 loss=0.9421 acc=0.881 lr=2.00e-06 gnorm=1.91 159 smp/s
ep56 step103775/140100 loss=0.7497 acc=0.910 lr=2.00e-06 gnorm=2.33 159 smp/s
ep56 step103800/140100 loss=1.1032 acc=0.924 lr=2.00e-06 gnorm=2.00 159 smp/s
ep56 step103825/140100 loss=0.8675 acc=0.955 lr=2.00e-06 gnorm=3.78 159 smp/s
ep56 step103850/140100 loss=0.9724 acc=0.902 lr=2.00e-06 gnorm=5.37 159 smp/s
ep56 step103875/140100 loss=0.7917 acc=0.915 lr=2.00e-06 gnorm=2.75 159 smp/s
ep56 step103900/140100 loss=0.9074 acc=0.904 lr=2.00e-06 gnorm=2.42 159 smp/s
ep56 step103925/140100 loss=0.6876 acc=0.908 lr=2.00e-06 gnorm=2.62 159 smp/s
ep56 step103950/140100 loss=1.1633 acc=0.865 lr=2.00e-06 gnorm=2.83 159 smp/s
ep56 step103975/140100 loss=0.8356 acc=0.917 lr=2.00e-06 gnorm=1.61 159 smp/s
ep56 step104000/140100 loss=0.7187 acc=0.891 lr=2.00e-06 gnorm=2.35 159 smp/s
[eval @ 104000] WER=0.777 CER=0.386 SER=1.000 loss=0.691 content_acc=0.397 fill_rate=0.689 entropy=0.652 distinct=83
[eval @ 104000] iter32  WER=0.541 CER=0.199 SER=0.910 (mask-predict decode, n=200 clips)
   Full: ಸ ಾ ಂ ಸ ್ ೃ ೃ ಿ ಿ ಕ | ನ ಗ ರ ಿ | ಮ ೈ ಸ ೂ ರ ಿ ನ ಲ ್ ಲ ಿ | ಕ ೊ ರ ರ ನ ಾ | ಸ ೋ ಂ ಕ ು | ಹ ಹ ೆ ಚ ಚ ಚ ತ ್ ತ ಿ ರ ು ು ವ | ಹ ಿ ನ ನ ನ ೆ ೆ ಯ ಲ ಲ ಲ ಿ ಿ | 
   Hyp : ಸಸಾಂಸ್ೃೃಿಿಕ ನಗರಿ ಮೈಸೂರಿನಲ್ಲಿ ಕೊರರನಾ ಸೋಂಕು ಹಹೆಚಚಚತ್ತಿರುುವ ಹಿನನನೆೆಯಲಲಲಿಿ ಇಂಿಿನಿಂದಐ
   Ref : ಸಾಂಸ್ಕೃತಿಕ ನಗರಿ ಮೈಸೂರಿನಲ್ಲಿ ಕೊರೋನಾ ಸೋಂಕು ಹೆಚ್ಚುತ್ತಿರುವ ಹಿನ್ನೆಲೆಯಲ್ಲಿ ಇಂದಿನಿಂದ ಐದ
DEBUG:urllib3.connectionpool:Resetting dropped connection: api.wandb.ai
DEBUG:urllib3.connectionpool:https://api.wandb.ai:443 "POST /graphql HTTP/1.1" 200 60
ep56 step104025/140100 loss=0.8083 acc=0.882 lr=2.00e-06 gnorm=1.91 159 smp/s
ep56 step104050/140100 loss=0.7856 acc=0.903 lr=2.00e-06 gnorm=2.92 159 smp/s
ep56 step104075/140100 loss=0.8364 acc=0.939 lr=2.00e-06 gnorm=3.21 159 smp/s
ep56 step104100/140100 loss=0.8764 acc=0.921 lr=2.00e-06 gnorm=2.04 159 smp/s
ep56 step104125/140100 loss=0.9263 acc=0.952 lr=2.00e-06 gnorm=2.66 159 smp/s
ep56 step104150/140100 loss=0.7478 acc=0.932 lr=2.00e-06 gnorm=2.05 159 smp/s
ep56 step104175/140100 loss=0.9348 acc=0.930 lr=2.00e-06 gnorm=3.95 159 smp/s
ep56 step104200/140100 loss=0.7416 acc=0.865 lr=2.00e-06 gnorm=2.08 159 smp/s
ep56 step104225/140100 loss=1.1250 acc=0.876 lr=2.00e-06 gnorm=2.41 159 smp/s
ep56 step104250/140100 loss=0.8402 acc=0.896 lr=2.00e-06 gnorm=2.07 159 smp/s
ep56 step104275/140100 loss=0.9704 acc=0.945 lr=2.00e-06 gnorm=2.07 159 smp/s
ep56 step104300/140100 loss=0.8329 acc=0.917 lr=2.00e-06 gnorm=7.61 159 smp/s
ep56 step104325/140100 loss=0.8373 acc=0.922 lr=2.00e-06 gnorm=3.41 159 smp/s
ep56 step104350/140100 loss=0.6920 acc=0.938 lr=2.00e-06 gnorm=1.95 159 smp/s
ep56 step104375/140100 loss=0.5890 acc=0.940 lr=2.00e-06 gnorm=3.95 159 smp/s
ep56 step104400/140100 loss=0.5664 acc=0.931 lr=2.00e-06 gnorm=2.59 159 smp/s
ep56 step104425/140100 loss=0.8389 acc=0.895 lr=2.00e-06 gnorm=2.11 159 smp/s
ep56 step104450/140100 loss=0.7115 acc=0.880 lr=2.00e-06 gnorm=1.85 159 smp/s
ep56 step104475/140100 loss=0.8185 acc=0.928 lr=2.00e-06 gnorm=2.11 159 smp/s
ep56 step104500/140100 loss=0.9777 acc=0.877 lr=2.00e-06 gnorm=4.81 159 smp/s
ep56 step104525/140100 loss=0.9316 acc=0.897 lr=2.00e-06 gnorm=2.45 159 smp/s
ep56 step104550/140100 loss=0.8450 acc=0.846 lr=2.00e-06 gnorm=2.15 159 smp/s
ep56 step104575/140100 loss=0.8288 acc=0.900 lr=2.00e-06 gnorm=5.07 159 smp/s
ep56 step104600/140100 loss=0.8625 acc=0.924 lr=2.00e-06 gnorm=2.11 159 smp/s
ep57 step104625/140100 loss=0.8162 acc=0.889 lr=2.00e-06 gnorm=3.42 159 smp/s
ep57 step104650/140100 loss=1.1010 acc=0.879 lr=2.00e-06 gnorm=1.83 159 smp/s
ep57 step104675/140100 loss=0.8733 acc=0.899 lr=2.00e-06 gnorm=2.43 159 smp/s
ep57 step104700/140100 loss=0.8468 acc=0.939 lr=2.00e-06 gnorm=1.80 159 smp/s
ep57 step104725/140100 loss=0.7930 acc=0.895 lr=2.00e-06 gnorm=2.31 159 smp/s
ep57 step104750/140100 loss=0.8411 acc=0.916 lr=2.00e-06 gnorm=2.65 159 smp/s
ep57 step104775/140100 loss=1.1357 acc=0.893 lr=2.00e-06 gnorm=1.87 159 smp/s
ep57 step104800/140100 loss=0.8244 acc=0.908 lr=2.00e-06 gnorm=2.68 159 smp/s
ep57 step104825/140100 loss=0.8041 acc=0.923 lr=2.00e-06 gnorm=2.39 159 smp/s
ep57 step104850/140100 loss=0.7471 acc=0.904 lr=2.00e-06 gnorm=1.97 159 smp/s
ep57 step104875/140100 loss=0.8202 acc=0.914 lr=2.00e-06 gnorm=2.68 159 smp/s
ep57 step104900/140100 loss=0.8410 acc=0.892 lr=2.00e-06 gnorm=2.60 159 smp/s
ep57 step104925/140100 loss=0.7468 acc=0.910 lr=2.00e-06 gnorm=4.29 159 smp/s
ep57 step104950/140100 loss=0.9525 acc=0.898 lr=2.00e-06 gnorm=2.96 159 smp/s
ep57 step104975/140100 loss=1.1042 acc=0.913 lr=2.00e-06 gnorm=1.79 159 smp/s
ep57 step105000/140100 loss=0.7763 acc=0.876 lr=2.00e-06 gnorm=3.09 159 smp/s
ep57 step105025/140100 loss=1.1023 acc=0.883 lr=2.00e-06 gnorm=2.63 159 smp/s
ep57 step105050/140100 loss=1.0383 acc=0.919 lr=2.00e-06 gnorm=1.66 159 smp/s
ep57 step105075/140100 loss=0.9954 acc=0.904 lr=2.00e-06 gnorm=2.05 159 smp/s
ep57 step105100/140100 loss=0.6653 acc=0.936 lr=2.00e-06 gnorm=2.02 159 smp/s
ep57 step105125/140100 loss=0.9517 acc=0.908 lr=2.00e-06 gnorm=2.78 159 smp/s
ep57 step105150/140100 loss=0.9286 acc=0.924 lr=2.00e-06 gnorm=1.97 159 smp/s
ep57 step105175/140100 loss=0.9944 acc=0.938 lr=2.00e-06 gnorm=1.86 159 smp/s
ep57 step105200/140100 loss=0.7235 acc=0.915 lr=2.00e-06 gnorm=3.60 159 smp/s
ep57 step105225/140100 loss=0.9569 acc=0.869 lr=2.00e-06 gnorm=2.26 159 smp/s
ep57 step105250/140100 loss=0.8082 acc=0.937 lr=2.00e-06 gnorm=2.28 159 smp/s
ep57 step105275/140100 loss=0.8328 acc=0.914 lr=2.00e-06 gnorm=2.32 159 smp/s
ep57 step105300/140100 loss=0.9557 acc=0.908 lr=2.00e-06 gnorm=1.94 159 smp/s
ep57 step105325/140100 loss=0.6123 acc=0.910 lr=2.00e-06 gnorm=2.38 159 smp/s
ep57 step105350/140100 loss=1.0145 acc=0.933 lr=2.00e-06 gnorm=1.70 159 smp/s
ep57 step105375/140100 loss=0.9023 acc=0.917 lr=2.00e-06 gnorm=4.52 159 smp/s
ep57 step105400/140100 loss=1.0039 acc=0.888 lr=2.00e-06 gnorm=2.76 159 smp/s
ep57 step105425/140100 loss=0.7506 acc=0.953 lr=2.00e-06 gnorm=5.59 159 smp/s
ep57 step105450/140100 loss=0.8565 acc=0.928 lr=2.00e-06 gnorm=2.28 159 smp/s
ep57 step105475/140100 loss=1.0311 acc=0.931 lr=2.00e-06 gnorm=2.30 159 smp/s
ep57 step105500/140100 loss=0.8466 acc=0.927 lr=2.00e-06 gnorm=2.45 159 smp/s
ep57 step105525/140100 loss=0.7155 acc=0.927 lr=2.00e-06 gnorm=2.72 159 smp/s
ep57 step105550/140100 loss=0.9000 acc=0.921 lr=2.00e-06 gnorm=4.37 159 smp/s
ep57 step105575/140100 loss=0.9274 acc=0.867 lr=2.00e-06 gnorm=4.46 159 smp/s
ep57 step105600/140100 loss=0.9220 acc=0.907 lr=2.00e-06 gnorm=2.21 159 smp/s
ep57 step105625/140100 loss=0.6613 acc=0.892 lr=2.00e-06 gnorm=4.73 159 smp/s
ep57 step105650/140100 loss=0.7678 acc=0.936 lr=2.00e-06 gnorm=2.32 159 smp/s
ep57 step105675/140100 loss=1.0111 acc=0.877 lr=2.00e-06 gnorm=2.30 159 smp/s
ep57 step105700/140100 loss=1.0524 acc=0.852 lr=2.00e-06 gnorm=3.10 159 smp/s
ep57 step105725/140100 loss=0.8518 acc=0.972 lr=2.00e-06 gnorm=3.02 159 smp/s
ep57 step105750/140100 loss=0.7698 acc=0.913 lr=2.00e-06 gnorm=1.77 159 smp/s
ep57 step105775/140100 loss=0.6519 acc=0.918 lr=2.00e-06 gnorm=3.45 159 smp/s
ep57 step105800/140100 loss=0.7865 acc=0.914 lr=2.00e-06 gnorm=2.82 159 smp/s
ep57 step105825/140100 loss=0.6726 acc=0.926 lr=2.00e-06 gnorm=6.26 159 smp/s
ep57 step105850/140100 loss=0.6671 acc=0.897 lr=2.00e-06 gnorm=2.19 159 smp/s
ep57 step105875/140100 loss=0.9626 acc=0.954 lr=2.00e-06 gnorm=2.24 159 smp/s
ep57 step105900/140100 loss=1.0187 acc=0.976 lr=2.00e-06 gnorm=4.79 159 smp/s
ep57 step105925/140100 loss=0.8097 acc=0.918 lr=2.00e-06 gnorm=3.91 159 smp/s
ep57 step105950/140100 loss=1.0843 acc=0.927 lr=2.00e-06 gnorm=2.65 159 smp/s
ep57 step105975/140100 loss=0.9028 acc=0.936 lr=2.00e-06 gnorm=2.57 159 smp/s
ep57 step106000/140100 loss=0.8072 acc=0.926 lr=2.00e-06 gnorm=2.29 159 smp/s
[eval @ 106000] WER=0.796 CER=0.395 SER=1.000 loss=0.745 content_acc=0.354 fill_rate=0.687 entropy=0.687 distinct=82
[eval @ 106000] iter32  WER=0.546 CER=0.201 SER=0.920 (mask-predict decode, n=200 clips)
   Full: ಸ ಾ ಂ ಸ ್ ೃ ೃ ಿ ಿ ಕ | ನ ಗ ರ ಿ | ಮ ೈ ಸ ೂ ರ ಿ ನ ಲ ್ ಲ ಿ | ಕ ೊ ರ ೋ ನ ಾ | ಸ ೋ ೋ ಕ ು ು ಹ ಹ ೆ ಚ ಚ ಚ ತ ್ ತ ಿ ಿ ು ು ವ | ಹ ಿ ನ ನ ನ ೆ ೆ ೆ ಲ ಲ ್ ಲ ಿ | 
   Hyp : ಸಸಾಂಸ್ೃೃಿಿಕ ನಗರಿ ಮೈಸೂರಿನಲ್ಲಿ ಕೊರೋನಾ ಸೋೋಕುುಹಹೆಚಚಚತ್ತಿಿುುವ ಹಿನನನೆೆೆಲಲ್ಲಿ ಇಂದಿನಿಂದ 
   Ref : ಸಾಂಸ್ಕೃತಿಕ ನಗರಿ ಮೈಸೂರಿನಲ್ಲಿ ಕೊರೋನಾ ಸೋಂಕು ಹೆಚ್ಚುತ್ತಿರುವ ಹಿನ್ನೆಲೆಯಲ್ಲಿ ಇಂದಿನಿಂದ ಐದ
DEBUG:urllib3.connectionpool:Resetting dropped connection: api.wandb.ai
DEBUG:urllib3.connectionpool:https://api.wandb.ai:443 "POST /graphql HTTP/1.1" 200 60
ep57 step106025/140100 loss=0.7483 acc=0.930 lr=2.00e-06 gnorm=2.75 159 smp/s
ep57 step106050/140100 loss=0.5366 acc=0.956 lr=2.00e-06 gnorm=4.60 159 smp/s
ep57 step106075/140100 loss=0.9035 acc=0.906 lr=2.00e-06 gnorm=2.88 159 smp/s
ep57 step106100/140100 loss=0.9591 acc=0.949 lr=2.00e-06 gnorm=3.61 159 smp/s
ep57 step106125/140100 loss=1.0350 acc=0.902 lr=2.00e-06 gnorm=2.02 159 smp/s
ep57 step106150/140100 loss=1.0626 acc=0.906 lr=2.00e-06 gnorm=2.94 159 smp/s
ep57 step106175/140100 loss=0.8340 acc=0.937 lr=2.00e-06 gnorm=2.57 159 smp/s
ep57 step106200/140100 loss=0.8968 acc=0.921 lr=2.00e-06 gnorm=1.98 159 smp/s
ep57 step106225/140100 loss=0.8162 acc=0.973 lr=2.00e-06 gnorm=2.04 159 smp/s
ep57 step106250/140100 loss=0.6717 acc=0.921 lr=2.00e-06 gnorm=2.22 159 smp/s
ep57 step106275/140100 loss=0.7439 acc=0.915 lr=2.00e-06 gnorm=4.99 159 smp/s
ep57 step106300/140100 loss=0.5910 acc=0.954 lr=2.00e-06 gnorm=3.24 159 smp/s
ep57 step106325/140100 loss=1.0582 acc=0.890 lr=2.00e-06 gnorm=1.95 159 smp/s
ep57 step106350/140100 loss=0.9443 acc=0.897 lr=2.00e-06 gnorm=2.81 159 smp/s
ep57 step106375/140100 loss=0.5777 acc=0.963 lr=2.00e-06 gnorm=2.02 159 smp/s
ep57 step106400/140100 loss=0.8007 acc=0.962 lr=2.00e-06 gnorm=2.75 159 smp/s
ep57 step106425/140100 loss=1.1269 acc=0.858 lr=2.00e-06 gnorm=2.62 159 smp/s
ep57 step106450/140100 loss=0.8204 acc=0.950 lr=2.00e-06 gnorm=2.86 159 smp/s
ep57 step106475/140100 loss=0.7795 acc=0.910 lr=2.00e-06 gnorm=4.86 159 smp/s
ep58 step106500/140100 loss=0.9740 acc=0.953 lr=2.00e-06 gnorm=3.71 159 smp/s
ep58 step106525/140100 loss=0.7652 acc=0.951 lr=2.00e-06 gnorm=2.71 159 smp/s
ep58 step106550/140100 loss=0.8286 acc=0.887 lr=2.00e-06 gnorm=3.10 159 smp/s
ep58 step106575/140100 loss=1.1803 acc=0.885 lr=2.00e-06 gnorm=2.47 159 smp/s
ep58 step106600/140100 loss=0.6830 acc=0.926 lr=2.00e-06 gnorm=2.25 159 smp/s
ep58 step106625/140100 loss=0.5921 acc=0.952 lr=2.00e-06 gnorm=2.22 159 smp/s
ep58 step106650/140100 loss=0.9698 acc=0.903 lr=2.00e-06 gnorm=2.02 159 smp/s
ep58 step106675/140100 loss=0.9421 acc=0.885 lr=2.00e-06 gnorm=3.84 159 smp/s
ep58 step106700/140100 loss=0.8753 acc=0.926 lr=2.00e-06 gnorm=2.08 159 smp/s
ep58 step106725/140100 loss=1.0748 acc=0.884 lr=2.00e-06 gnorm=4.28 159 smp/s
ep58 step106750/140100 loss=0.7002 acc=0.919 lr=2.00e-06 gnorm=3.94 159 smp/s
ep58 step106775/140100 loss=0.5415 acc=0.913 lr=2.00e-06 gnorm=1.64 159 smp/s
ep58 step106800/140100 loss=0.5690 acc=0.939 lr=2.00e-06 gnorm=1.87 159 smp/s
ep58 step106825/140100 loss=0.8457 acc=0.901 lr=2.00e-06 gnorm=2.16 159 smp/s
ep58 step106850/140100 loss=1.3869 acc=0.858 lr=2.00e-06 gnorm=2.69 159 smp/s
ep58 step106875/140100 loss=0.7612 acc=0.870 lr=2.00e-06 gnorm=3.46 159 smp/s
ep58 step106900/140100 loss=0.7090 acc=0.953 lr=2.00e-06 gnorm=5.41 159 smp/s
ep58 step106925/140100 loss=1.1159 acc=0.864 lr=2.00e-06 gnorm=3.15 159 smp/s
ep58 step106950/140100 loss=0.6261 acc=0.945 lr=2.00e-06 gnorm=1.68 159 smp/s
ep58 step106975/140100 loss=0.8562 acc=0.896 lr=2.00e-06 gnorm=3.40 159 smp/s
ep58 step107000/140100 loss=0.8190 acc=0.885 lr=2.00e-06 gnorm=2.21 159 smp/s
ep58 step107025/140100 loss=0.9759 acc=0.931 lr=2.00e-06 gnorm=2.64 159 smp/s
ep58 step107050/140100 loss=1.0382 acc=0.882 lr=2.00e-06 gnorm=4.51 159 smp/s
ep58 step107075/140100 loss=1.0351 acc=0.907 lr=2.00e-06 gnorm=3.54 159 smp/s
ep58 step107100/140100 loss=0.8767 acc=0.966 lr=2.00e-06 gnorm=1.32 159 smp/s
ep58 step107125/140100 loss=0.6404 acc=0.942 lr=2.00e-06 gnorm=2.67 159 smp/s
ep58 step107150/140100 loss=0.9225 acc=0.875 lr=2.00e-06 gnorm=1.71 159 smp/s
ep58 step107175/140100 loss=1.0242 acc=0.885 lr=2.00e-06 gnorm=2.25 159 smp/s
ep58 step107200/140100 loss=0.7926 acc=0.946 lr=2.00e-06 gnorm=1.91 159 smp/s
ep58 step107225/140100 loss=0.9781 acc=0.947 lr=2.00e-06 gnorm=5.95 159 smp/s
ep58 step107250/140100 loss=0.9519 acc=0.840 lr=2.00e-06 gnorm=2.91 159 smp/s
ep58 step107275/140100 loss=0.9308 acc=0.881 lr=2.00e-06 gnorm=5.04 159 smp/s
ep58 step107300/140100 loss=1.0648 acc=0.885 lr=2.00e-06 gnorm=2.31 159 smp/s
ep58 step107325/140100 loss=0.8519 acc=0.889 lr=2.00e-06 gnorm=3.46 159 smp/s
ep58 step107350/140100 loss=0.9502 acc=0.897 lr=2.00e-06 gnorm=2.24 159 smp/s
ep58 step107375/140100 loss=1.2118 acc=0.912 lr=2.00e-06 gnorm=3.73 159 smp/s
ep58 step107400/140100 loss=1.0100 acc=0.871 lr=2.00e-06 gnorm=2.91 159 smp/s
ep58 step107425/140100 loss=0.6465 acc=0.883 lr=2.00e-06 gnorm=2.84 159 smp/s
ep58 step107450/140100 loss=0.8310 acc=0.898 lr=2.00e-06 gnorm=2.00 159 smp/s
ep58 step107475/140100 loss=0.5754 acc=0.928 lr=2.00e-06 gnorm=1.90 159 smp/s
ep58 step107500/140100 loss=1.0713 acc=0.878 lr=2.00e-06 gnorm=2.47 159 smp/s
ep58 step107525/140100 loss=0.8105 acc=0.899 lr=2.00e-06 gnorm=4.85 159 smp/s
ep58 step107550/140100 loss=0.6025 acc=0.948 lr=2.00e-06 gnorm=4.57 159 smp/s
ep58 step107575/140100 loss=0.9290 acc=0.891 lr=2.00e-06 gnorm=2.29 159 smp/s
ep58 step107600/140100 loss=1.1383 acc=0.892 lr=2.00e-06 gnorm=2.24 159 smp/s
ep58 step107625/140100 loss=0.9811 acc=0.886 lr=2.00e-06 gnorm=3.68 159 smp/s
ep58 step107650/140100 loss=0.7485 acc=0.927 lr=2.00e-06 gnorm=1.72 159 smp/s
ep58 step107675/140100 loss=0.7397 acc=0.975 lr=2.00e-06 gnorm=3.24 159 smp/s
ep58 step107700/140100 loss=0.8566 acc=0.898 lr=2.00e-06 gnorm=1.75 159 smp/s
ep58 step107725/140100 loss=0.8743 acc=0.917 lr=2.00e-06 gnorm=2.76 159 smp/s
ep58 step107750/140100 loss=0.6541 acc=0.922 lr=2.00e-06 gnorm=2.07 159 smp/s
ep58 step107775/140100 loss=1.0305 acc=0.898 lr=2.00e-06 gnorm=4.56 159 smp/s
ep58 step107800/140100 loss=0.8766 acc=0.944 lr=2.00e-06 gnorm=1.65 159 smp/s
ep58 step107825/140100 loss=0.8271 acc=0.924 lr=2.00e-06 gnorm=3.49 159 smp/s
ep58 step107850/140100 loss=0.6645 acc=0.937 lr=2.00e-06 gnorm=1.55 159 smp/s
ep58 step107875/140100 loss=1.1135 acc=0.946 lr=2.00e-06 gnorm=2.19 159 smp/s
ep58 step107900/140100 loss=0.7013 acc=0.885 lr=2.00e-06 gnorm=1.78 159 smp/s
ep58 step107925/140100 loss=0.6356 acc=0.920 lr=2.00e-06 gnorm=1.91 159 smp/s
ep58 step107950/140100 loss=0.8740 acc=0.963 lr=2.00e-06 gnorm=2.32 159 smp/s
ep58 step107975/140100 loss=1.0432 acc=0.870 lr=2.00e-06 gnorm=2.62 159 smp/s
ep58 step108000/140100 loss=0.9030 acc=0.901 lr=2.00e-06 gnorm=2.38 159 smp/s
[eval @ 108000] WER=0.790 CER=0.389 SER=1.000 loss=0.735 content_acc=0.373 fill_rate=0.686 entropy=0.667 distinct=83
[eval @ 108000] iter32  WER=0.538 CER=0.199 SER=0.910 (mask-predict decode, n=200 clips)
   Full: ಸ ಾ ಂ ಸ ್ ಕ ೃ ಿ ಿ ಕ | ನ ಗ ರ ಿ | ಮ ೈ ಸ ೂ ರ ಿ ನ ಲ ್ ಲ ಿ | ಕ ೊ ರ ರ ನ ಾ ಾ ಸ ೋ ಂ ಕ ು | ಹ ೆ ೆ ಚ ಚ ಚ ತ ್ ತ ಿ ರ ು ು ವ | ಹ ಿ ನ ನ ನ ೆ ೆ ಯ ಲ ಲ ್ ಲ ಿ | 
   Hyp : ಸಸಾಂಸ್ಕೃಿಿಕ ನಗರಿ ಮೈಸೂರಿನಲ್ಲಿ ಕೊರರನಾಾಸೋಂಕು ಹೆೆಚಚಚತ್ತಿರುುವ ಹಿನನನೆೆಯಲಲ್ಲಿ ಇಂದಿನಿಂದ 
   Ref : ಸಾಂಸ್ಕೃತಿಕ ನಗರಿ ಮೈಸೂರಿನಲ್ಲಿ ಕೊರೋನಾ ಸೋಂಕು ಹೆಚ್ಚುತ್ತಿರುವ ಹಿನ್ನೆಲೆಯಲ್ಲಿ ಇಂದಿನಿಂದ ಐದ
DEBUG:urllib3.connectionpool:Resetting dropped connection: api.wandb.ai
DEBUG:urllib3.connectionpool:https://api.wandb.ai:443 "POST /graphql HTTP/1.1" 200 60
   ** new best eval/iter_WER=0.5376 -> best.pt
ep58 step108025/140100 loss=0.9467 acc=0.875 lr=2.00e-06 gnorm=4.09 159 smp/s
ep58 step108050/140100 loss=0.6867 acc=0.931 lr=2.00e-06 gnorm=3.57 159 smp/s
ep58 step108075/140100 loss=1.2291 acc=0.881 lr=2.00e-06 gnorm=2.52 159 smp/s
ep58 step108100/140100 loss=0.9068 acc=0.882 lr=2.00e-06 gnorm=2.80 159 smp/s
ep58 step108125/140100 loss=0.7485 acc=0.935 lr=2.00e-06 gnorm=3.90 159 smp/s
ep58 step108150/140100 loss=0.8993 acc=0.911 lr=2.00e-06 gnorm=2.42 159 smp/s
ep58 step108175/140100 loss=0.8739 acc=0.892 lr=2.00e-06 gnorm=2.26 159 smp/s
ep58 step108200/140100 loss=0.9966 acc=0.910 lr=2.00e-06 gnorm=3.18 159 smp/s
ep58 step108225/140100 loss=0.7891 acc=0.923 lr=2.00e-06 gnorm=3.23 159 smp/s
ep58 step108250/140100 loss=0.9795 acc=0.890 lr=2.00e-06 gnorm=1.94 159 smp/s
ep58 step108275/140100 loss=1.0526 acc=0.844 lr=2.00e-06 gnorm=3.51 159 smp/s
ep58 step108300/140100 loss=1.1435 acc=0.905 lr=2.00e-06 gnorm=3.71 159 smp/s
ep58 step108325/140100 loss=0.9590 acc=0.877 lr=2.00e-06 gnorm=3.33 159 smp/s
ep59 step108350/140100 loss=0.8488 acc=0.922 lr=2.00e-06 gnorm=2.67 159 smp/s
ep59 step108375/140100 loss=0.8580 acc=0.880 lr=2.00e-06 gnorm=1.86 159 smp/s
ep59 step108400/140100 loss=1.0132 acc=0.895 lr=2.00e-06 gnorm=2.94 159 smp/s
ep59 step108425/140100 loss=0.8982 acc=0.913 lr=2.00e-06 gnorm=2.32 159 smp/s
ep59 step108450/140100 loss=0.7740 acc=0.926 lr=2.00e-06 gnorm=2.55 159 smp/s
ep59 step108475/140100 loss=0.6485 acc=0.919 lr=2.00e-06 gnorm=2.35 159 smp/s
ep59 step108500/140100 loss=0.6824 acc=0.942 lr=2.00e-06 gnorm=2.15 159 smp/s
ep59 step108525/140100 loss=0.9569 acc=0.904 lr=2.00e-06 gnorm=2.34 159 smp/s
ep59 step108550/140100 loss=0.6577 acc=0.956 lr=2.00e-06 gnorm=3.04 159 smp/s
ep59 step108575/140100 loss=0.6332 acc=0.917 lr=2.00e-06 gnorm=2.02 159 smp/s
ep59 step108600/140100 loss=0.8382 acc=0.905 lr=2.00e-06 gnorm=2.55 159 smp/s
ep59 step108625/140100 loss=0.5539 acc=0.908 lr=2.00e-06 gnorm=2.76 159 smp/s
ep59 step108650/140100 loss=0.9300 acc=0.936 lr=2.00e-06 gnorm=5.77 159 smp/s
ep59 step108675/140100 loss=0.7437 acc=0.919 lr=2.00e-06 gnorm=1.57 159 smp/s
ep59 step108700/140100 loss=1.1720 acc=0.911 lr=2.00e-06 gnorm=2.37 159 smp/s
ep59 step108725/140100 loss=1.0171 acc=0.841 lr=2.00e-06 gnorm=3.11 159 smp/s
ep59 step108750/140100 loss=1.0794 acc=0.862 lr=2.00e-06 gnorm=3.20 159 smp/s
ep59 step108775/140100 loss=1.0138 acc=0.925 lr=2.00e-06 gnorm=2.01 159 smp/s
ep59 step108800/140100 loss=0.9499 acc=0.923 lr=2.00e-06 gnorm=3.62 159 smp/s
ep59 step108825/140100 loss=0.8563 acc=0.946 lr=2.00e-06 gnorm=2.24 159 smp/s
ep59 step108850/140100 loss=0.8298 acc=0.868 lr=2.00e-06 gnorm=5.04 159 smp/s
ep59 step108875/140100 loss=0.7398 acc=0.895 lr=2.00e-06 gnorm=1.80 159 smp/s
ep59 step108900/140100 loss=0.7478 acc=0.914 lr=2.00e-06 gnorm=2.51 159 smp/s
ep59 step108925/140100 loss=0.5429 acc=0.964 lr=2.00e-06 gnorm=2.87 159 smp/s
ep59 step108950/140100 loss=0.8912 acc=0.918 lr=2.00e-06 gnorm=2.95 159 smp/s
ep59 step108975/140100 loss=0.8510 acc=0.950 lr=2.00e-06 gnorm=1.94 159 smp/s
ep59 step109000/140100 loss=0.7925 acc=0.882 lr=2.00e-06 gnorm=1.89 159 smp/s
ep59 step109025/140100 loss=0.8186 acc=0.916 lr=2.00e-06 gnorm=3.08 159 smp/s
ep59 step109050/140100 loss=0.7001 acc=0.880 lr=2.00e-06 gnorm=4.20 159 smp/s
ep59 step109075/140100 loss=0.8304 acc=0.966 lr=2.00e-06 gnorm=2.02 159 smp/s
ep59 step109100/140100 loss=0.9507 acc=0.886 lr=2.00e-06 gnorm=3.11 159 smp/s
ep59 step109125/140100 loss=0.7274 acc=0.932 lr=2.00e-06 gnorm=1.98 159 smp/s
ep59 step109150/140100 loss=0.8554 acc=0.921 lr=2.00e-06 gnorm=2.19 159 smp/s
ep59 step109175/140100 loss=0.9631 acc=0.915 lr=2.00e-06 gnorm=2.44 159 smp/s
ep59 step109200/140100 loss=0.8277 acc=0.906 lr=2.00e-06 gnorm=1.83 159 smp/s
ep59 step109225/140100 loss=0.8743 acc=0.878 lr=2.00e-06 gnorm=5.12 159 smp/s
ep59 step109250/140100 loss=1.0273 acc=0.891 lr=2.00e-06 gnorm=1.78 159 smp/s
ep59 step109275/140100 loss=1.0467 acc=0.938 lr=2.00e-06 gnorm=3.63 159 smp/s
ep59 step109300/140100 loss=0.8054 acc=0.932 lr=2.00e-06 gnorm=2.84 159 smp/s
ep59 step109325/140100 loss=0.8425 acc=0.979 lr=2.00e-06 gnorm=2.67 159 smp/s
ep59 step109350/140100 loss=0.8918 acc=0.927 lr=2.00e-06 gnorm=2.01 159 smp/s
ep59 step109375/140100 loss=0.9130 acc=0.924 lr=2.00e-06 gnorm=1.73 159 smp/s
ep59 step109400/140100 loss=0.8642 acc=0.919 lr=2.00e-06 gnorm=3.29 159 smp/s
ep59 step109425/140100 loss=0.7595 acc=0.880 lr=2.00e-06 gnorm=4.38 159 smp/s
ep59 step109450/140100 loss=0.8986 acc=0.914 lr=2.00e-06 gnorm=2.40 159 smp/s
ep59 step109475/140100 loss=0.9286 acc=0.904 lr=2.00e-06 gnorm=2.94 159 smp/s
ep59 step109500/140100 loss=0.7261 acc=0.943 lr=2.00e-06 gnorm=3.88 159 smp/s
ep59 step109525/140100 loss=0.9208 acc=0.916 lr=2.00e-06 gnorm=2.02 159 smp/s
ep59 step109550/140100 loss=1.0518 acc=0.885 lr=2.00e-06 gnorm=2.98 159 smp/s
ep59 step109575/140100 loss=0.7922 acc=0.949 lr=2.00e-06 gnorm=3.06 159 smp/s
ep59 step109600/140100 loss=0.9810 acc=0.875 lr=2.00e-06 gnorm=1.78 159 smp/s
ep59 step109625/140100 loss=0.9503 acc=0.873 lr=2.00e-06 gnorm=2.12 159 smp/s
ep59 step109650/140100 loss=0.6835 acc=0.939 lr=2.00e-06 gnorm=2.34 159 smp/s
ep59 step109675/140100 loss=1.0994 acc=0.973 lr=2.00e-06 gnorm=3.43 159 smp/s
ep59 step109700/140100 loss=0.9090 acc=0.895 lr=2.00e-06 gnorm=2.52 159 smp/s
ep59 step109725/140100 loss=0.7042 acc=0.919 lr=2.00e-06 gnorm=2.21 159 smp/s
ep59 step109750/140100 loss=0.7295 acc=0.963 lr=2.00e-06 gnorm=2.78 159 smp/s
ep59 step109775/140100 loss=0.6280 acc=0.972 lr=2.00e-06 gnorm=3.78 159 smp/s
ep59 step109800/140100 loss=0.8410 acc=0.948 lr=2.00e-06 gnorm=2.01 159 smp/s
ep59 step109825/140100 loss=0.8014 acc=0.939 lr=2.00e-06 gnorm=3.07 159 smp/s
ep59 step109850/140100 loss=1.0676 acc=0.894 lr=2.00e-06 gnorm=2.88 159 smp/s
ep59 step109875/140100 loss=0.7914 acc=0.935 lr=2.00e-06 gnorm=8.15 159 smp/s
ep59 step109900/140100 loss=0.9461 acc=0.875 lr=2.00e-06 gnorm=2.90 159 smp/s
ep59 step109925/140100 loss=0.8042 acc=0.920 lr=2.00e-06 gnorm=2.04 159 smp/s
ep59 step109950/140100 loss=0.8828 acc=0.904 lr=2.00e-06 gnorm=1.51 159 smp/s
ep59 step109975/140100 loss=0.7014 acc=0.890 lr=2.00e-06 gnorm=2.07 159 smp/s
ep59 step110000/140100 loss=0.7477 acc=0.946 lr=2.00e-06 gnorm=2.50 159 smp/s
[eval @ 110000] WER=0.793 CER=0.389 SER=1.000 loss=0.744 content_acc=0.350 fill_rate=0.690 entropy=0.638 distinct=83
[eval @ 110000] iter32  WER=0.547 CER=0.200 SER=0.930 (mask-predict decode, n=200 clips)
   Full: ಸ ಾ ಂ ಸ ್ ಕ ೃ ಿ ಿ ಕ | ನ ಗ ರ ಿ | ಮ ೈ ಸ ೂ ರ ಿ ನ ಲ ್ ಲ ಿ | ಕ ೊ ರ ರ ನ ನ ಾ | ಸ ೋ ಕ ಕ ು | ಹ ೆ ಚ ್ ಚ ತ ್ ತ ಿ ಿ ರ ು ವ | ಹ ಿ ನ ್ ನ ೆ ೆ ೆ ಯ ಲ ್ ಲ ಿ | 
   Hyp : ಸಸಾಂಸ್ಕೃಿಿಕ ನಗರಿ ಮೈಸೂರಿನಲ್ಲಿ ಕೊರರನನಾ ಸೋಕಕು ಹೆಚ್ಚತ್ತಿಿರುವ ಹಿನ್ನೆೆೆಯಲ್ಲಿ ಇಂದಿನಿಂದ 
   Ref : ಸಾಂಸ್ಕೃತಿಕ ನಗರಿ ಮೈಸೂರಿನಲ್ಲಿ ಕೊರೋನಾ ಸೋಂಕು ಹೆಚ್ಚುತ್ತಿರುವ ಹಿನ್ನೆಲೆಯಲ್ಲಿ ಇಂದಿನಿಂದ ಐದ
DEBUG:urllib3.connectionpool:Resetting dropped connection: api.wandb.ai
DEBUG:urllib3.connectionpool:https://api.wandb.ai:443 "POST /graphql HTTP/1.1" 200 60
ep59 step110025/140100 loss=0.6885 acc=0.887 lr=2.00e-06 gnorm=4.17 159 smp/s
ep59 step110050/140100 loss=0.9132 acc=0.947 lr=2.00e-06 gnorm=2.72 159 smp/s
ep59 step110075/140100 loss=0.9580 acc=0.880 lr=2.00e-06 gnorm=2.67 159 smp/s
ep59 step110100/140100 loss=1.0304 acc=0.906 lr=2.00e-06 gnorm=1.81 159 smp/s
ep59 step110125/140100 loss=1.1231 acc=0.913 lr=2.00e-06 gnorm=2.31 159 smp/s
ep59 step110150/140100 loss=1.0364 acc=0.890 lr=2.00e-06 gnorm=3.79 159 smp/s
ep59 step110175/140100 loss=0.8573 acc=0.917 lr=2.00e-06 gnorm=4.30 159 smp/s
ep59 step110200/140100 loss=0.9830 acc=0.944 lr=2.00e-06 gnorm=2.36 159 smp/s
ep60 step110225/140100 loss=0.6722 acc=0.915 lr=2.00e-06 gnorm=2.14 159 smp/s
ep60 step110250/140100 loss=0.8442 acc=0.928 lr=2.00e-06 gnorm=2.87 159 smp/s
ep60 step110275/140100 loss=0.7506 acc=0.884 lr=2.00e-06 gnorm=3.06 159 smp/s
ep60 step110300/140100 loss=0.7207 acc=0.966 lr=2.00e-06 gnorm=1.93 159 smp/s
ep60 step110325/140100 loss=0.9940 acc=0.919 lr=2.00e-06 gnorm=1.72 159 smp/s
ep60 step110350/140100 loss=0.9868 acc=0.938 lr=2.00e-06 gnorm=2.20 159 smp/s
ep60 step110375/140100 loss=0.6533 acc=0.951 lr=2.00e-06 gnorm=3.51 159 smp/s
ep60 step110400/140100 loss=0.9257 acc=0.853 lr=2.00e-06 gnorm=2.49 159 smp/s
ep60 step110425/140100 loss=0.7607 acc=0.922 lr=2.00e-06 gnorm=1.76 159 smp/s
ep60 step110450/140100 loss=0.8915 acc=0.916 lr=2.00e-06 gnorm=3.24 159 smp/s
ep60 step110475/140100 loss=0.9969 acc=0.896 lr=2.00e-06 gnorm=2.01 159 smp/s
ep60 step110500/140100 loss=0.9411 acc=0.921 lr=2.00e-06 gnorm=3.62 159 smp/s
ep60 step110525/140100 loss=0.9115 acc=0.848 lr=2.00e-06 gnorm=2.49 159 smp/s
ep60 step110550/140100 loss=0.9268 acc=0.907 lr=2.00e-06 gnorm=2.69 159 smp/s
ep60 step110575/140100 loss=1.1218 acc=0.892 lr=2.00e-06 gnorm=3.17 159 smp/s
ep60 step110600/140100 loss=1.0459 acc=0.912 lr=2.00e-06 gnorm=1.87 159 smp/s
ep60 step110625/140100 loss=0.8966 acc=0.919 lr=2.00e-06 gnorm=2.09 159 smp/s
ep60 step110650/140100 loss=0.6650 acc=0.933 lr=2.00e-06 gnorm=1.84 159 smp/s
ep60 step110675/140100 loss=0.8290 acc=0.925 lr=2.00e-06 gnorm=3.73 159 smp/s
ep60 step110700/140100 loss=0.8808 acc=0.955 lr=2.00e-06 gnorm=1.84 159 smp/s
ep60 step110725/140100 loss=0.8255 acc=0.882 lr=2.00e-06 gnorm=3.88 159 smp/s
ep60 step110750/140100 loss=0.8905 acc=0.942 lr=2.00e-06 gnorm=2.42 159 smp/s
ep60 step110775/140100 loss=0.7986 acc=0.947 lr=2.00e-06 gnorm=1.80 159 smp/s
ep60 step110800/140100 loss=0.6528 acc=0.957 lr=2.00e-06 gnorm=1.65 159 smp/s
ep60 step110825/140100 loss=0.8404 acc=0.870 lr=2.00e-06 gnorm=2.56 159 smp/s
ep60 step110850/140100 loss=0.9341 acc=0.892 lr=2.00e-06 gnorm=7.77 159 smp/s
ep60 step110875/140100 loss=0.8070 acc=0.898 lr=2.00e-06 gnorm=3.80 159 smp/s
ep60 step110900/140100 loss=0.9168 acc=0.915 lr=2.00e-06 gnorm=4.56 159 smp/s
ep60 step110925/140100 loss=0.7052 acc=0.935 lr=2.00e-06 gnorm=1.89 159 smp/s
ep60 step110950/140100 loss=0.8298 acc=0.900 lr=2.00e-06 gnorm=3.53 159 smp/s
ep60 step110975/140100 loss=0.7781 acc=0.917 lr=2.00e-06 gnorm=2.37 159 smp/s
ep60 step111000/140100 loss=0.6841 acc=0.963 lr=2.00e-06 gnorm=2.52 159 smp/s
ep60 step111025/140100 loss=0.9583 acc=0.923 lr=2.00e-06 gnorm=1.82 159 smp/s
ep60 step111050/140100 loss=1.2438 acc=0.932 lr=2.00e-06 gnorm=4.84 159 smp/s
ep60 step111075/140100 loss=0.7544 acc=0.894 lr=2.00e-06 gnorm=2.00 159 smp/s
ep60 step111100/140100 loss=0.6737 acc=0.919 lr=2.00e-06 gnorm=2.08 159 smp/s
ep60 step111125/140100 loss=0.8744 acc=0.908 lr=2.00e-06 gnorm=1.96 159 smp/s
ep60 step111150/140100 loss=0.7409 acc=0.906 lr=2.00e-06 gnorm=1.51 159 smp/s
ep60 step111175/140100 loss=1.1132 acc=0.910 lr=2.00e-06 gnorm=1.99 159 smp/s
ep60 step111200/140100 loss=0.9738 acc=0.897 lr=2.00e-06 gnorm=2.21 159 smp/s
ep60 step111225/140100 loss=0.5972 acc=0.933 lr=2.00e-06 gnorm=3.34 159 smp/s
ep60 step111250/140100 loss=0.9871 acc=0.891 lr=2.00e-06 gnorm=2.72 159 smp/s
ep60 step111275/140100 loss=1.1089 acc=0.914 lr=2.00e-06 gnorm=5.86 159 smp/s
ep60 step111300/140100 loss=1.1363 acc=0.858 lr=2.00e-06 gnorm=2.74 159 smp/s
ep60 step111325/140100 loss=0.8791 acc=0.904 lr=2.00e-06 gnorm=1.84 159 smp/s
ep60 step111350/140100 loss=0.9009 acc=0.903 lr=2.00e-06 gnorm=2.06 159 smp/s
ep60 step111375/140100 loss=0.8077 acc=0.949 lr=2.00e-06 gnorm=2.22 159 smp/s
ep60 step111400/140100 loss=0.7912 acc=0.896 lr=2.00e-06 gnorm=1.89 159 smp/s
ep60 step111425/140100 loss=0.8181 acc=0.967 lr=2.00e-06 gnorm=1.76 159 smp/s
ep60 step111450/140100 loss=0.8358 acc=0.928 lr=2.00e-06 gnorm=2.49 159 smp/s
ep60 step111475/140100 loss=1.0242 acc=0.886 lr=2.00e-06 gnorm=2.84 159 smp/s
ep60 step111500/140100 loss=0.8059 acc=0.909 lr=2.00e-06 gnorm=3.16 159 smp/s
ep60 step111525/140100 loss=1.0381 acc=0.859 lr=2.00e-06 gnorm=2.49 159 smp/s
ep60 step111550/140100 loss=1.0275 acc=0.953 lr=2.00e-06 gnorm=1.92 159 smp/s
ep60 step111575/140100 loss=0.9808 acc=0.933 lr=2.00e-06 gnorm=3.18 159 smp/s
ep60 step111600/140100 loss=0.6459 acc=0.933 lr=2.00e-06 gnorm=1.92 159 smp/s
ep60 step111625/140100 loss=1.3406 acc=0.907 lr=2.00e-06 gnorm=1.84 159 smp/s
ep60 step111650/140100 loss=1.0347 acc=0.904 lr=2.00e-06 gnorm=3.06 159 smp/s
ep60 step111675/140100 loss=0.8371 acc=0.898 lr=2.00e-06 gnorm=1.94 159 smp/s
ep60 step111700/140100 loss=1.0041 acc=0.891 lr=2.00e-06 gnorm=3.48 159 smp/s
ep60 step111725/140100 loss=1.0840 acc=0.890 lr=2.00e-06 gnorm=3.10 159 smp/s
ep60 step111750/140100 loss=0.8634 acc=0.944 lr=2.00e-06 gnorm=2.59 159 smp/s
ep60 step111775/140100 loss=0.8962 acc=0.968 lr=2.00e-06 gnorm=2.66 159 smp/s
ep60 step111800/140100 loss=0.8836 acc=0.939 lr=2.00e-06 gnorm=2.69 159 smp/s
ep60 step111825/140100 loss=0.8669 acc=0.866 lr=2.00e-06 gnorm=2.48 159 smp/s
ep60 step111850/140100 loss=1.2854 acc=0.851 lr=2.00e-06 gnorm=5.12 159 smp/s
ep60 step111875/140100 loss=0.9584 acc=0.957 lr=2.00e-06 gnorm=2.89 159 smp/s
ep60 step111900/140100 loss=0.9116 acc=0.907 lr=2.00e-06 gnorm=2.20 159 smp/s
ep60 step111925/140100 loss=0.8236 acc=0.933 lr=2.00e-06 gnorm=1.87 159 smp/s
ep60 step111950/140100 loss=0.6765 acc=0.946 lr=2.00e-06 gnorm=1.73 159 smp/s
ep60 step111975/140100 loss=0.8344 acc=0.919 lr=2.00e-06 gnorm=3.72 159 smp/s
ep60 step112000/140100 loss=0.9858 acc=0.958 lr=2.00e-06 gnorm=4.59 159 smp/s
[eval @ 112000] WER=0.801 CER=0.395 SER=1.000 loss=0.792 content_acc=0.325 fill_rate=0.687 entropy=0.664 distinct=82
[eval @ 112000] iter32  WER=0.549 CER=0.200 SER=0.925 (mask-predict decode, n=200 clips)
   Full: ಸ ಾ ಂ ಸ ್ ಕ ೃ ಿ ಿ ಕ | ನ ಗ ರ ಿ | ಮ ೈ ಸ ೂ ರ ಿ ನ ಲ ್ ಲ ಿ | ಕ ೊ ರ ರ ನ ನ ಾ | ಸ ೋ ಕ ು ು | ಹ ೆ ಚ ಚ ಚ ತ ್ ತ ಿ ರ ು ು ವ | ಹ ಿ ನ ನ ನ ೆ ೆ ಯ ಲ ಲ ್ ಲ ಿ | 
   Hyp : ಸಸಾಂಸ್ಕೃಿಿಕ ನಗರಿ ಮೈಸೂರಿನಲ್ಲಿ ಕೊರರನನಾ ಸೋಕುು ಹೆಚಚಚತ್ತಿರುುವ ಹಿನನನೆೆಯಲಲ್ಲಿ ಇಂದಿನಿಂದ 
   Ref : ಸಾಂಸ್ಕೃತಿಕ ನಗರಿ ಮೈಸೂರಿನಲ್ಲಿ ಕೊರೋನಾ ಸೋಂಕು ಹೆಚ್ಚುತ್ತಿರುವ ಹಿನ್ನೆಲೆಯಲ್ಲಿ ಇಂದಿನಿಂದ ಐದ
DEBUG:urllib3.connectionpool:Resetting dropped connection: api.wandb.ai
DEBUG:urllib3.connectionpool:https://api.wandb.ai:443 "POST /graphql HTTP/1.1" 200 60
ep60 step112025/140100 loss=0.7434 acc=0.950 lr=2.00e-06 gnorm=2.16 159 smp/s
ep60 step112050/140100 loss=0.8691 acc=0.922 lr=2.00e-06 gnorm=3.83 159 smp/s
ep60 step112075/140100 loss=1.0805 acc=0.861 lr=2.00e-06 gnorm=3.17 159 smp/s
ep61 step112100/140100 loss=0.7629 acc=0.897 lr=2.00e-06 gnorm=3.65 159 smp/s
ep61 step112125/140100 loss=0.8469 acc=0.922 lr=2.00e-06 gnorm=1.84 159 smp/s
ep61 step112150/140100 loss=0.8890 acc=0.858 lr=2.00e-06 gnorm=2.00 159 smp/s
ep61 step112175/140100 loss=0.8049 acc=0.900 lr=2.00e-06 gnorm=2.66 159 smp/s
ep61 step112200/140100 loss=1.1139 acc=0.909 lr=2.00e-06 gnorm=1.79 159 smp/s
ep61 step112225/140100 loss=0.8347 acc=0.932 lr=2.00e-06 gnorm=3.40 159 smp/s
ep61 step112250/140100 loss=0.8048 acc=0.906 lr=2.00e-06 gnorm=3.01 159 smp/s
ep61 step112275/140100 loss=0.7577 acc=0.859 lr=2.00e-06 gnorm=1.98 159 smp/s
ep61 step112300/140100 loss=0.9423 acc=0.871 lr=2.00e-06 gnorm=3.54 159 smp/s
ep61 step112325/140100 loss=1.0246 acc=0.888 lr=2.00e-06 gnorm=4.93 159 smp/s
ep61 step112350/140100 loss=0.9525 acc=0.916 lr=2.00e-06 gnorm=2.12 159 smp/s
ep61 step112375/140100 loss=0.7291 acc=0.937 lr=2.00e-06 gnorm=4.95 159 smp/s
ep61 step112400/140100 loss=0.7736 acc=0.918 lr=2.00e-06 gnorm=1.83 159 smp/s
ep61 step112425/140100 loss=0.9070 acc=0.853 lr=2.00e-06 gnorm=2.15 159 smp/s
ep61 step112450/140100 loss=0.9363 acc=0.883 lr=2.00e-06 gnorm=4.29 159 smp/s
ep61 step112475/140100 loss=1.1257 acc=0.894 lr=2.00e-06 gnorm=3.43 159 smp/s
ep61 step112500/140100 loss=1.1843 acc=0.909 lr=2.00e-06 gnorm=4.31 159 smp/s
ep61 step112525/140100 loss=0.9049 acc=0.914 lr=2.00e-06 gnorm=2.23 159 smp/s
ep61 step112550/140100 loss=0.7779 acc=0.910 lr=2.00e-06 gnorm=3.49 159 smp/s
ep61 step112575/140100 loss=1.0223 acc=0.855 lr=2.00e-06 gnorm=2.32 159 smp/s
ep61 step112600/140100 loss=0.9694 acc=0.885 lr=2.00e-06 gnorm=1.97 159 smp/s
ep61 step112625/140100 loss=0.7120 acc=0.931 lr=2.00e-06 gnorm=3.32 159 smp/s
ep61 step112650/140100 loss=1.0106 acc=0.875 lr=2.00e-06 gnorm=2.78 159 smp/s
ep61 step112675/140100 loss=0.8944 acc=0.925 lr=2.00e-06 gnorm=5.61 159 smp/s
ep61 step112700/140100 loss=1.0824 acc=0.839 lr=2.00e-06 gnorm=2.23 159 smp/s
ep61 step112725/140100 loss=0.8083 acc=0.898 lr=2.00e-06 gnorm=2.10 159 smp/s
ep61 step112750/140100 loss=0.9459 acc=0.943 lr=2.00e-06 gnorm=2.32 159 smp/s
ep61 step112775/140100 loss=0.6856 acc=0.921 lr=2.00e-06 gnorm=3.06 159 smp/s
ep61 step112800/140100 loss=0.9792 acc=0.894 lr=2.00e-06 gnorm=2.29 159 smp/s
ep61 step112825/140100 loss=0.8219 acc=0.921 lr=2.00e-06 gnorm=2.62 159 smp/s
ep61 step112850/140100 loss=0.9516 acc=0.846 lr=2.00e-06 gnorm=2.91 159 smp/s
ep61 step112875/140100 loss=0.8625 acc=0.955 lr=2.00e-06 gnorm=2.98 159 smp/s
ep61 step112900/140100 loss=1.0360 acc=0.914 lr=2.00e-06 gnorm=2.44 159 smp/s
ep61 step112925/140100 loss=0.7694 acc=0.923 lr=2.00e-06 gnorm=2.48 159 smp/s
ep61 step112950/140100 loss=0.9539 acc=0.903 lr=2.00e-06 gnorm=1.67 159 smp/s
ep61 step112975/140100 loss=0.7055 acc=0.934 lr=2.00e-06 gnorm=3.56 159 smp/s
ep61 step113000/140100 loss=0.7498 acc=0.918 lr=2.00e-06 gnorm=3.18 159 smp/s
ep61 step113025/140100 loss=1.1597 acc=0.901 lr=2.00e-06 gnorm=2.41 159 smp/s
ep61 step113050/140100 loss=1.0008 acc=0.888 lr=2.00e-06 gnorm=1.74 159 smp/s
ep61 step113075/140100 loss=0.8256 acc=0.962 lr=2.00e-06 gnorm=2.24 159 smp/s
ep61 step113100/140100 loss=1.0761 acc=0.841 lr=2.00e-06 gnorm=3.14 159 smp/s
ep61 step113125/140100 loss=0.7638 acc=0.929 lr=2.00e-06 gnorm=2.51 159 smp/s
ep61 step113150/140100 loss=0.8879 acc=0.891 lr=2.00e-06 gnorm=1.99 159 smp/s
ep61 step113175/140100 loss=0.9473 acc=0.894 lr=2.00e-06 gnorm=2.98 159 smp/s
ep61 step113200/140100 loss=0.7645 acc=0.896 lr=2.00e-06 gnorm=3.19 159 smp/s
ep61 step113225/140100 loss=0.9212 acc=0.896 lr=2.00e-06 gnorm=4.49 159 smp/s
ep61 step113250/140100 loss=0.8762 acc=0.956 lr=2.00e-06 gnorm=2.53 159 smp/s
ep61 step113275/140100 loss=1.0787 acc=0.908 lr=2.00e-06 gnorm=2.72 159 smp/s
ep61 step113300/140100 loss=0.8486 acc=0.909 lr=2.00e-06 gnorm=3.11 159 smp/s
ep61 step113325/140100 loss=0.9606 acc=0.887 lr=2.00e-06 gnorm=2.13 159 smp/s
ep61 step113350/140100 loss=0.9761 acc=0.864 lr=2.00e-06 gnorm=2.07 159 smp/s
ep61 step113375/140100 loss=0.6997 acc=0.881 lr=2.00e-06 gnorm=1.66 159 smp/s
ep61 step113400/140100 loss=0.7155 acc=0.896 lr=2.00e-06 gnorm=3.93 159 smp/s
ep61 step113425/140100 loss=0.8897 acc=0.891 lr=2.00e-06 gnorm=2.24 159 smp/s
ep61 step113450/140100 loss=0.9131 acc=0.920 lr=2.00e-06 gnorm=5.55 159 smp/s
ep61 step113475/140100 loss=0.8983 acc=0.910 lr=2.00e-06 gnorm=2.33 159 smp/s
ep61 step113500/140100 loss=0.5507 acc=0.956 lr=2.00e-06 gnorm=3.73 159 smp/s
ep61 step113525/140100 loss=0.5135 acc=0.950 lr=2.00e-06 gnorm=1.85 159 smp/s
ep61 step113550/140100 loss=0.8511 acc=0.917 lr=2.00e-06 gnorm=2.17 159 smp/s
ep61 step113575/140100 loss=0.9554 acc=0.926 lr=2.00e-06 gnorm=2.64 159 smp/s
ep61 step113600/140100 loss=0.9338 acc=0.855 lr=2.00e-06 gnorm=1.57 159 smp/s
ep61 step113625/140100 loss=0.9995 acc=0.906 lr=2.00e-06 gnorm=3.61 159 smp/s
ep61 step113650/140100 loss=1.0691 acc=0.847 lr=2.00e-06 gnorm=2.13 159 smp/s
ep61 step113675/140100 loss=0.7943 acc=0.877 lr=2.00e-06 gnorm=1.77 159 smp/s
ep61 step113700/140100 loss=0.8804 acc=0.887 lr=2.00e-06 gnorm=2.02 159 smp/s
ep61 step113725/140100 loss=0.8478 acc=0.908 lr=2.00e-06 gnorm=2.83 159 smp/s
ep61 step113750/140100 loss=0.7853 acc=0.910 lr=2.00e-06 gnorm=2.38 159 smp/s
ep61 step113775/140100 loss=0.8461 acc=0.918 lr=2.00e-06 gnorm=2.12 159 smp/s
ep61 step113800/140100 loss=0.8127 acc=0.912 lr=2.00e-06 gnorm=2.53 159 smp/s
ep61 step113825/140100 loss=0.7379 acc=0.967 lr=2.00e-06 gnorm=2.08 159 smp/s
ep61 step113850/140100 loss=0.6611 acc=0.935 lr=2.00e-06 gnorm=3.09 159 smp/s
ep61 step113875/140100 loss=0.5381 acc=0.896 lr=2.00e-06 gnorm=3.99 159 smp/s
ep61 step113900/140100 loss=0.9697 acc=0.876 lr=2.00e-06 gnorm=1.96 159 smp/s
ep61 step113925/140100 loss=0.8128 acc=0.954 lr=2.00e-06 gnorm=2.77 159 smp/s
ep62 step113950/140100 loss=0.9258 acc=0.890 lr=2.00e-06 gnorm=4.08 159 smp/s
ep62 step113975/140100 loss=0.6485 acc=0.940 lr=2.00e-06 gnorm=1.83 159 smp/s
ep62 step114000/140100 loss=0.9891 acc=0.891 lr=2.00e-06 gnorm=10.02 159 smp/s
[eval @ 114000] WER=0.800 CER=0.393 SER=1.000 loss=0.818 content_acc=0.312 fill_rate=0.685 entropy=0.660 distinct=83
[eval @ 114000] iter32  WER=0.555 CER=0.201 SER=0.930 (mask-predict decode, n=200 clips)
   Full: ಸ ಾ ಂ ಸ ್ ಕ ೃ ೃ ಿ ಕ | ನ ಗ ರ ಿ | ಮ ೈ ಸ ಸ ರ ಿ ನ ಲ ಲ ್ ಲ ಿ | ಕ ೊ ರ ೋ ನ ಾ | ಸ ೋ ಂ ಕ ು | ಹ ೆ ಚ ್ ಚ ು ತ ತ ಿ ಿ ರ ು ವ | ಹ ಿ ನ ್ ನ ೆ ೆ ೆ ಯ ಲ ್ ಲ ಿ | 
   Hyp : ಸಸಾಂಸ್ಕೃೃಿಕ ನಗರಿ ಮೈಸಸರಿನಲಲ್ಲಿ ಕೊರೋನಾ ಸೋಂಕು ಹೆಚ್ಚುತತಿಿರುವ ಹಿನ್ನೆೆೆಯಲ್ಲಿ ಇಂದಿನಿಂದ 
   Ref : ಸಾಂಸ್ಕೃತಿಕ ನಗರಿ ಮೈಸೂರಿನಲ್ಲಿ ಕೊರೋನಾ ಸೋಂಕು ಹೆಚ್ಚುತ್ತಿರುವ ಹಿನ್ನೆಲೆಯಲ್ಲಿ ಇಂದಿನಿಂದ ಐದ
DEBUG:urllib3.connectionpool:Resetting dropped connection: api.wandb.ai
DEBUG:urllib3.connectionpool:https://api.wandb.ai:443 "POST /graphql HTTP/1.1" 200 60
ep62 step114025/140100 loss=0.5419 acc=0.920 lr=2.00e-06 gnorm=2.53 159 smp/s
ep62 step114050/140100 loss=0.7176 acc=0.927 lr=2.00e-06 gnorm=2.40 159 smp/s
ep62 step114075/140100 loss=0.9253 acc=0.864 lr=2.00e-06 gnorm=3.14 159 smp/s
ep62 step114100/140100 loss=0.8903 acc=0.934 lr=2.00e-06 gnorm=2.50 159 smp/s
ep62 step114125/140100 loss=0.9105 acc=0.882 lr=2.00e-06 gnorm=1.98 159 smp/s
ep62 step114150/140100 loss=1.0339 acc=0.904 lr=2.00e-06 gnorm=2.24 159 smp/s
ep62 step114175/140100 loss=0.7580 acc=0.944 lr=2.00e-06 gnorm=1.62 159 smp/s
ep62 step114200/140100 loss=0.8474 acc=0.906 lr=2.00e-06 gnorm=5.15 159 smp/s
ep62 step114225/140100 loss=0.9643 acc=0.948 lr=2.00e-06 gnorm=6.96 159 smp/s
ep62 step114250/140100 loss=0.9493 acc=0.882 lr=2.00e-06 gnorm=1.88 159 smp/s
ep62 step114275/140100 loss=0.7392 acc=0.886 lr=2.00e-06 gnorm=1.95 159 smp/s
ep62 step114300/140100 loss=0.8315 acc=0.904 lr=2.00e-06 gnorm=2.88 159 smp/s
ep62 step114325/140100 loss=0.7772 acc=0.907 lr=2.00e-06 gnorm=2.58 159 smp/s
ep62 step114350/140100 loss=0.7738 acc=0.909 lr=2.00e-06 gnorm=4.94 159 smp/s
ep62 step114375/140100 loss=0.7972 acc=0.911 lr=2.00e-06 gnorm=2.02 159 smp/s
ep62 step114400/140100 loss=0.7729 acc=0.922 lr=2.00e-06 gnorm=1.93 159 smp/s
ep62 step114425/140100 loss=0.7765 acc=0.943 lr=2.00e-06 gnorm=4.36 159 smp/s
ep62 step114450/140100 loss=0.8146 acc=0.874 lr=2.00e-06 gnorm=3.71 159 smp/s
ep62 step114475/140100 loss=0.7429 acc=0.957 lr=2.00e-06 gnorm=2.35 159 smp/s
ep62 step114500/140100 loss=0.9407 acc=0.893 lr=2.00e-06 gnorm=2.30 159 smp/s
ep62 step114525/140100 loss=0.9109 acc=0.876 lr=2.00e-06 gnorm=3.25 159 smp/s
ep62 step114550/140100 loss=0.8197 acc=0.922 lr=2.00e-06 gnorm=2.19 159 smp/s
ep62 step114575/140100 loss=0.9619 acc=0.932 lr=2.00e-06 gnorm=4.26 159 smp/s
ep62 step114600/140100 loss=0.7505 acc=0.942 lr=2.00e-06 gnorm=1.49 159 smp/s
ep62 step114625/140100 loss=0.8201 acc=0.920 lr=2.00e-06 gnorm=2.08 159 smp/s
ep62 step114650/140100 loss=0.8000 acc=0.977 lr=2.00e-06 gnorm=4.31 159 smp/s
ep62 step114675/140100 loss=0.7038 acc=0.943 lr=2.00e-06 gnorm=1.51 159 smp/s
ep62 step114700/140100 loss=0.7381 acc=0.932 lr=2.00e-06 gnorm=3.79 159 smp/s
ep62 step114725/140100 loss=0.7678 acc=0.901 lr=2.00e-06 gnorm=2.99 159 smp/s
ep62 step114750/140100 loss=0.9947 acc=0.894 lr=2.00e-06 gnorm=3.28 159 smp/s
ep62 step114775/140100 loss=0.6492 acc=0.953 lr=2.00e-06 gnorm=2.45 159 smp/s
ep62 step114800/140100 loss=0.9004 acc=0.928 lr=2.00e-06 gnorm=1.93 159 smp/s
ep62 step114825/140100 loss=1.2094 acc=0.894 lr=2.00e-06 gnorm=4.03 159 smp/s
ep62 step114850/140100 loss=1.2211 acc=0.878 lr=2.00e-06 gnorm=2.36 159 smp/s
ep62 step114875/140100 loss=0.9259 acc=0.924 lr=2.00e-06 gnorm=3.48 159 smp/s
ep62 step114900/140100 loss=1.3304 acc=0.834 lr=2.00e-06 gnorm=2.73 159 smp/s
ep62 step114925/140100 loss=0.6594 acc=0.968 lr=2.00e-06 gnorm=5.15 159 smp/s
ep62 step114950/140100 loss=0.6813 acc=0.914 lr=2.00e-06 gnorm=2.41 159 smp/s
ep62 step114975/140100 loss=0.8763 acc=0.875 lr=2.00e-06 gnorm=1.79 159 smp/s
ep62 step115000/140100 loss=1.0898 acc=0.974 lr=2.00e-06 gnorm=2.49 159 smp/s
ep62 step115025/140100 loss=0.7774 acc=0.946 lr=2.00e-06 gnorm=4.76 159 smp/s
ep62 step115050/140100 loss=1.0040 acc=0.903 lr=2.00e-06 gnorm=1.96 159 smp/s
ep62 step115075/140100 loss=0.7287 acc=0.910 lr=2.00e-06 gnorm=2.34 159 smp/s
ep62 step115100/140100 loss=1.1114 acc=0.912 lr=2.00e-06 gnorm=2.32 159 smp/s
ep62 step115125/140100 loss=1.0110 acc=0.911 lr=2.00e-06 gnorm=2.09 159 smp/s
ep62 step115150/140100 loss=0.7220 acc=0.905 lr=2.00e-06 gnorm=4.50 159 smp/s
ep62 step115175/140100 loss=0.9756 acc=0.919 lr=2.00e-06 gnorm=3.74 159 smp/s
ep62 step115200/140100 loss=1.0057 acc=0.872 lr=2.00e-06 gnorm=2.69 159 smp/s
ep62 step115225/140100 loss=0.9482 acc=0.925 lr=2.00e-06 gnorm=2.50 159 smp/s
ep62 step115250/140100 loss=0.9591 acc=0.861 lr=2.00e-06 gnorm=2.16 159 smp/s
ep62 step115275/140100 loss=0.7668 acc=0.934 lr=2.00e-06 gnorm=2.89 159 smp/s
ep62 step115300/140100 loss=0.8446 acc=0.876 lr=2.00e-06 gnorm=4.66 159 smp/s
ep62 step115325/140100 loss=0.6905 acc=0.915 lr=2.00e-06 gnorm=2.02 159 smp/s
ep62 step115350/140100 loss=0.9886 acc=0.946 lr=2.00e-06 gnorm=2.01 159 smp/s
ep62 step115375/140100 loss=1.2406 acc=0.958 lr=2.00e-06 gnorm=2.07 159 smp/s
ep62 step115400/140100 loss=0.7861 acc=0.916 lr=2.00e-06 gnorm=3.23 159 smp/s
ep62 step115425/140100 loss=1.0234 acc=0.942 lr=2.00e-06 gnorm=1.72 159 smp/s
ep62 step115450/140100 loss=0.8405 acc=0.918 lr=2.00e-06 gnorm=3.26 159 smp/s
ep62 step115475/140100 loss=1.0438 acc=0.906 lr=2.00e-06 gnorm=3.05 159 smp/s
ep62 step115500/140100 loss=0.8446 acc=0.888 lr=2.00e-06 gnorm=2.66 159 smp/s
ep62 step115525/140100 loss=0.9450 acc=0.884 lr=2.00e-06 gnorm=2.49 159 smp/s
ep62 step115550/140100 loss=0.8065 acc=0.901 lr=2.00e-06 gnorm=1.99 159 smp/s
ep62 step115575/140100 loss=0.8485 acc=0.934 lr=2.00e-06 gnorm=1.89 159 smp/s
ep62 step115600/140100 loss=0.9574 acc=0.871 lr=2.00e-06 gnorm=1.48 159 smp/s
ep62 step115625/140100 loss=0.8192 acc=0.923 lr=2.00e-06 gnorm=2.34 159 smp/s
ep62 step115650/140100 loss=0.8929 acc=0.907 lr=2.00e-06 gnorm=2.01 159 smp/s
ep62 step115675/140100 loss=1.0018 acc=0.850 lr=2.00e-06 gnorm=3.00 159 smp/s
ep62 step115700/140100 loss=0.9310 acc=0.925 lr=2.00e-06 gnorm=3.84 159 smp/s
ep62 step115725/140100 loss=0.7412 acc=0.926 lr=2.00e-06 gnorm=3.15 159 smp/s
ep62 step115750/140100 loss=0.6262 acc=0.924 lr=2.00e-06 gnorm=5.09 159 smp/s
ep62 step115775/140100 loss=0.6230 acc=0.903 lr=2.00e-06 gnorm=2.64 159 smp/s
ep62 step115800/140100 loss=0.6619 acc=0.960 lr=2.00e-06 gnorm=2.45 159 smp/s
ep63 step115825/140100 loss=0.7881 acc=0.877 lr=2.00e-06 gnorm=1.98 159 smp/s
ep63 step115850/140100 loss=0.8651 acc=0.905 lr=2.00e-06 gnorm=2.83 159 smp/s
ep63 step115875/140100 loss=0.7738 acc=0.881 lr=2.00e-06 gnorm=1.71 159 smp/s
ep63 step115900/140100 loss=0.7334 acc=0.951 lr=2.00e-06 gnorm=4.56 159 smp/s
ep63 step115925/140100 loss=0.9214 acc=0.890 lr=2.00e-06 gnorm=2.26 159 smp/s
ep63 step115950/140100 loss=0.8299 acc=0.901 lr=2.00e-06 gnorm=1.72 159 smp/s
ep63 step115975/140100 loss=0.8259 acc=0.896 lr=2.00e-06 gnorm=1.52 159 smp/s
ep63 step116000/140100 loss=1.0486 acc=0.910 lr=2.00e-06 gnorm=2.04 159 smp/s
[eval @ 116000] WER=0.792 CER=0.392 SER=1.000 loss=0.762 content_acc=0.344 fill_rate=0.687 entropy=0.672 distinct=83
[eval @ 116000] iter32  WER=0.544 CER=0.199 SER=0.925 (mask-predict decode, n=200 clips)
   Full: ಸ ಾ ಂ ಸ ್ ಕ ೃ ಿ ಿ ಕ | ನ ಗ ರ ಿ | ಮ ೈ ಸ ೂ ರ ಿ ನ ಲ ್ ಲ ಿ | ಕ ೊ ರ ರ ನ ಾ ಾ | ೋ ಂ ಕ ು ು ಹ ಹ ೆ ಚ ಚ ಚ ತ ್ ತ ಿ ರ ು ು ವ | ಹ ಿ ನ ನ ನ ೆ ೆ ಯ ಲ ಲ ಲ ಿ ಿ ಇ 
   Hyp : ಸಸಾಂಸ್ಕೃಿಿಕ ನಗರಿ ಮೈಸೂರಿನಲ್ಲಿ ಕೊರರನಾಾ ೋಂಕುುಹಹೆಚಚಚತ್ತಿರುುವ ಹಿನನನೆೆಯಲಲಲಿಿಇಇಂಿಿನಿಂದಐ
   Ref : ಸಾಂಸ್ಕೃತಿಕ ನಗರಿ ಮೈಸೂರಿನಲ್ಲಿ ಕೊರೋನಾ ಸೋಂಕು ಹೆಚ್ಚುತ್ತಿರುವ ಹಿನ್ನೆಲೆಯಲ್ಲಿ ಇಂದಿನಿಂದ ಐದ
DEBUG:urllib3.connectionpool:Resetting dropped connection: api.wandb.ai
DEBUG:urllib3.connectionpool:https://api.wandb.ai:443 "POST /graphql HTTP/1.1" 200 60
ep63 step116025/140100 loss=0.9788 acc=0.900 lr=2.00e-06 gnorm=1.75 159 smp/s
ep63 step116050/140100 loss=0.6877 acc=0.899 lr=2.00e-06 gnorm=3.44 159 smp/s
ep63 step116075/140100 loss=0.9714 acc=0.850 lr=2.00e-06 gnorm=3.49 159 smp/s
ep63 step116100/140100 loss=0.8384 acc=0.942 lr=2.00e-06 gnorm=2.07 159 smp/s
ep63 step116125/140100 loss=1.0842 acc=0.862 lr=2.00e-06 gnorm=3.11 159 smp/s
ep63 step116150/140100 loss=0.7866 acc=0.940 lr=2.00e-06 gnorm=2.93 159 smp/s
ep63 step116175/140100 loss=1.0568 acc=0.884 lr=2.00e-06 gnorm=3.49 159 smp/s
ep63 step116200/140100 loss=0.7767 acc=0.900 lr=2.00e-06 gnorm=1.93 159 smp/s
ep63 step116225/140100 loss=0.8500 acc=0.914 lr=2.00e-06 gnorm=1.86 159 smp/s
ep63 step116250/140100 loss=0.8129 acc=0.928 lr=2.00e-06 gnorm=1.98 159 smp/s
ep63 step116275/140100 loss=0.8784 acc=0.918 lr=2.00e-06 gnorm=2.74 159 smp/s
ep63 step116300/140100 loss=0.8751 acc=0.895 lr=2.00e-06 gnorm=4.35 159 smp/s
ep63 step116325/140100 loss=1.0219 acc=0.873 lr=2.00e-06 gnorm=2.83 159 smp/s
ep63 step116350/140100 loss=0.7401 acc=0.915 lr=2.00e-06 gnorm=3.92 159 smp/s
ep63 step116375/140100 loss=1.0077 acc=0.889 lr=2.00e-06 gnorm=1.99 159 smp/s
ep63 step116400/140100 loss=0.6210 acc=0.964 lr=2.00e-06 gnorm=4.21 159 smp/s
ep63 step116425/140100 loss=0.9001 acc=0.907 lr=2.00e-06 gnorm=4.12 159 smp/s
ep63 step116450/140100 loss=1.0476 acc=0.883 lr=2.00e-06 gnorm=1.66 159 smp/s
ep63 step116475/140100 loss=0.8949 acc=0.952 lr=2.00e-06 gnorm=1.83 159 smp/s
ep63 step116500/140100 loss=0.7488 acc=0.920 lr=2.00e-06 gnorm=3.26 159 smp/s
ep63 step116525/140100 loss=0.7962 acc=0.913 lr=2.00e-06 gnorm=4.17 159 smp/s
ep63 step116550/140100 loss=1.0221 acc=0.953 lr=2.00e-06 gnorm=2.81 159 smp/s
ep63 step116575/140100 loss=0.9198 acc=0.922 lr=2.00e-06 gnorm=1.81 159 smp/s
ep63 step116600/140100 loss=1.1146 acc=0.883 lr=2.00e-06 gnorm=3.44 159 smp/s
ep63 step116625/140100 loss=0.7688 acc=0.932 lr=2.00e-06 gnorm=1.90 159 smp/s
ep63 step116650/140100 loss=0.6257 acc=0.938 lr=2.00e-06 gnorm=3.42 159 smp/s
ep63 step116675/140100 loss=0.6962 acc=0.920 lr=2.00e-06 gnorm=2.87 159 smp/s
ep63 step116700/140100 loss=0.6761 acc=0.915 lr=2.00e-06 gnorm=3.42 159 smp/s
ep63 step116725/140100 loss=0.7884 acc=0.905 lr=2.00e-06 gnorm=2.72 159 smp/s
ep63 step116750/140100 loss=1.0023 acc=0.877 lr=2.00e-06 gnorm=4.01 159 smp/s
ep63 step116775/140100 loss=0.6775 acc=0.951 lr=2.00e-06 gnorm=2.38 159 smp/s
ep63 step116800/140100 loss=0.7643 acc=0.965 lr=2.00e-06 gnorm=3.22 159 smp/s
ep63 step116825/140100 loss=0.8284 acc=0.855 lr=2.00e-06 gnorm=2.97 159 smp/s
ep63 step116850/140100 loss=0.5867 acc=0.946 lr=2.00e-06 gnorm=2.75 159 smp/s
ep63 step116875/140100 loss=0.7502 acc=0.900 lr=2.00e-06 gnorm=2.27 159 smp/s
ep63 step116900/140100 loss=0.9011 acc=0.913 lr=2.00e-06 gnorm=4.19 159 smp/s
ep63 step116925/140100 loss=0.9799 acc=0.881 lr=2.00e-06 gnorm=3.23 159 smp/s
ep63 step116950/140100 loss=0.7555 acc=0.920 lr=2.00e-06 gnorm=1.70 159 smp/s
ep63 step116975/140100 loss=0.9618 acc=0.906 lr=2.00e-06 gnorm=2.12 159 smp/s
ep63 step117000/140100 loss=0.9432 acc=0.933 lr=2.00e-06 gnorm=2.74 159 smp/s
ep63 step117025/140100 loss=0.9987 acc=0.876 lr=2.00e-06 gnorm=2.33 159 smp/s
ep63 step117050/140100 loss=0.8972 acc=0.881 lr=2.00e-06 gnorm=2.53 159 smp/s
ep63 step117075/140100 loss=0.9375 acc=0.898 lr=2.00e-06 gnorm=4.40 159 smp/s
ep63 step117100/140100 loss=0.9820 acc=0.891 lr=2.00e-06 gnorm=5.21 159 smp/s
ep63 step117125/140100 loss=0.8788 acc=0.891 lr=2.00e-06 gnorm=2.92 159 smp/s
ep63 step117150/140100 loss=0.8867 acc=0.884 lr=2.00e-06 gnorm=2.22 159 smp/s
ep63 step117175/140100 loss=0.7719 acc=0.906 lr=2.00e-06 gnorm=5.58 159 smp/s
ep63 step117200/140100 loss=0.5888 acc=0.948 lr=2.00e-06 gnorm=1.94 159 smp/s
ep63 step117225/140100 loss=1.0282 acc=0.880 lr=2.00e-06 gnorm=4.32 159 smp/s
ep63 step117250/140100 loss=0.8392 acc=0.907 lr=2.00e-06 gnorm=3.94 159 smp/s
ep63 step117275/140100 loss=0.8779 acc=0.943 lr=2.00e-06 gnorm=2.34 159 smp/s
ep63 step117300/140100 loss=0.8190 acc=0.939 lr=2.00e-06 gnorm=2.03 159 smp/s
ep63 step117325/140100 loss=0.8636 acc=0.926 lr=2.00e-06 gnorm=3.22 159 smp/s
ep63 step117350/140100 loss=0.7451 acc=0.888 lr=2.00e-06 gnorm=3.59 159 smp/s
ep63 step117375/140100 loss=1.0120 acc=0.880 lr=2.00e-06 gnorm=1.62 159 smp/s
ep63 step117400/140100 loss=0.8685 acc=0.924 lr=2.00e-06 gnorm=2.53 159 smp/s
ep63 step117425/140100 loss=1.0047 acc=0.890 lr=2.00e-06 gnorm=4.52 159 smp/s
ep63 step117450/140100 loss=1.0274 acc=0.864 lr=2.00e-06 gnorm=2.82 159 smp/s
ep63 step117475/140100 loss=0.7559 acc=0.960 lr=2.00e-06 gnorm=3.79 159 smp/s
ep63 step117500/140100 loss=0.6691 acc=0.943 lr=2.00e-06 gnorm=3.18 159 smp/s
ep63 step117525/140100 loss=0.7923 acc=0.912 lr=2.00e-06 gnorm=3.57 159 smp/s
ep63 step117550/140100 loss=0.8989 acc=0.912 lr=2.00e-06 gnorm=1.57 159 smp/s
ep63 step117575/140100 loss=0.7306 acc=0.933 lr=2.00e-06 gnorm=2.35 159 smp/s
ep63 step117600/140100 loss=0.8728 acc=0.864 lr=2.00e-06 gnorm=3.76 159 smp/s
ep63 step117625/140100 loss=0.9259 acc=0.936 lr=2.00e-06 gnorm=2.32 159 smp/s
ep63 step117650/140100 loss=0.9120 acc=0.879 lr=2.00e-06 gnorm=2.40 159 smp/s
ep63 step117675/140100 loss=0.9951 acc=0.864 lr=2.00e-06 gnorm=1.73 159 smp/s
ep64 step117700/140100 loss=0.6708 acc=0.930 lr=2.00e-06 gnorm=2.95 159 smp/s
ep64 step117725/140100 loss=0.9775 acc=0.860 lr=2.00e-06 gnorm=4.29 159 smp/s
ep64 step117750/140100 loss=0.8111 acc=0.960 lr=2.00e-06 gnorm=2.19 159 smp/s
ep64 step117775/140100 loss=0.9310 acc=0.975 lr=2.00e-06 gnorm=2.51 159 smp/s
ep64 step117800/140100 loss=0.7478 acc=0.923 lr=2.00e-06 gnorm=2.50 159 smp/s
ep64 step117825/140100 loss=0.9101 acc=0.938 lr=2.00e-06 gnorm=2.40 159 smp/s
ep64 step117850/140100 loss=0.4719 acc=0.941 lr=2.00e-06 gnorm=2.08 159 smp/s
ep64 step117875/140100 loss=0.7701 acc=0.964 lr=2.00e-06 gnorm=2.41 159 smp/s
ep64 step117900/140100 loss=0.8786 acc=0.906 lr=2.00e-06 gnorm=2.22 159 smp/s
ep64 step117925/140100 loss=0.9538 acc=0.955 lr=2.00e-06 gnorm=3.78 159 smp/s
ep64 step117950/140100 loss=1.0852 acc=0.920 lr=2.00e-06 gnorm=2.40 159 smp/s
ep64 step117975/140100 loss=0.7732 acc=0.949 lr=2.00e-06 gnorm=2.46 159 smp/s
ep64 step118000/140100 loss=0.7677 acc=0.954 lr=2.00e-06 gnorm=3.06 159 smp/s
[eval @ 118000] WER=0.782 CER=0.386 SER=1.000 loss=0.703 content_acc=0.377 fill_rate=0.690 entropy=0.632 distinct=82
[eval @ 118000] iter32  WER=0.535 CER=0.196 SER=0.915 (mask-predict decode, n=200 clips)
   Full: ಸ ಾ ಂ ಸ ್ ೃ ೃ ಿ ಿ ಕ | ನ ಗ ರ ಿ | ಮ ೈ ಸ ೂ ರ ಿ ನ ಲ ್ ಲ ಿ | ಕ ೊ ರ ೋ ನ ಾ | ಸ ೋ ಂ ಕ ು | ಹ ೆ ಚ ್ ಚ ು ತ ್ ತ ಿ ರ ು ವ | ಹ ಿ ನ ್ ನ ೆ ೆ ೆ ಯ ಲ ್ ಲ ಿ | ಇ 
   Hyp : ಸಸಾಂಸ್ೃೃಿಿಕ ನಗರಿ ಮೈಸೂರಿನಲ್ಲಿ ಕೊರೋನಾ ಸೋಂಕು ಹೆಚ್ಚುತ್ತಿರುವ ಹಿನ್ನೆೆೆಯಲ್ಲಿ ಇಂದಿನಿಂದ ಐ
   Ref : ಸಾಂಸ್ಕೃತಿಕ ನಗರಿ ಮೈಸೂರಿನಲ್ಲಿ ಕೊರೋನಾ ಸೋಂಕು ಹೆಚ್ಚುತ್ತಿರುವ ಹಿನ್ನೆಲೆಯಲ್ಲಿ ಇಂದಿನಿಂದ ಐದ
DEBUG:urllib3.connectionpool:Resetting dropped connection: api.wandb.ai
DEBUG:urllib3.connectionpool:https://api.wandb.ai:443 "POST /graphql HTTP/1.1" 200 60
   ** new best eval/iter_WER=0.5354 -> best.pt
ep64 step118025/140100 loss=0.8596 acc=0.941 lr=2.00e-06 gnorm=3.96 159 smp/s
ep64 step118050/140100 loss=0.9059 acc=0.880 lr=2.00e-06 gnorm=2.83 159 smp/s
ep64 step118075/140100 loss=0.9052 acc=0.914 lr=2.00e-06 gnorm=2.27 159 smp/s
ep64 step118100/140100 loss=0.8103 acc=0.916 lr=2.00e-06 gnorm=3.10 159 smp/s
ep64 step118125/140100 loss=0.6507 acc=0.902 lr=2.00e-06 gnorm=2.68 159 smp/s
ep64 step118150/140100 loss=0.7703 acc=0.926 lr=2.00e-06 gnorm=2.35 159 smp/s
ep64 step118175/140100 loss=1.1244 acc=0.915 lr=2.00e-06 gnorm=1.92 159 smp/s
ep64 step118200/140100 loss=0.7749 acc=0.957 lr=2.00e-06 gnorm=3.73 159 smp/s
ep64 step118225/140100 loss=0.8513 acc=0.923 lr=2.00e-06 gnorm=2.96 159 smp/s
ep64 step118250/140100 loss=0.8751 acc=0.906 lr=2.00e-06 gnorm=3.10 159 smp/s
ep64 step118275/140100 loss=0.9613 acc=0.898 lr=2.00e-06 gnorm=1.98 159 smp/s
ep64 step118300/140100 loss=0.7802 acc=0.932 lr=2.00e-06 gnorm=2.55 159 smp/s
ep64 step118325/140100 loss=0.6841 acc=0.943 lr=2.00e-06 gnorm=2.14 159 smp/s
ep64 step118350/140100 loss=0.8283 acc=0.907 lr=2.00e-06 gnorm=2.67 159 smp/s
ep64 step118375/140100 loss=0.8563 acc=0.887 lr=2.00e-06 gnorm=2.19 159 smp/s
ep64 step118400/140100 loss=0.6238 acc=0.935 lr=2.00e-06 gnorm=1.92 159 smp/s
ep64 step118425/140100 loss=0.7937 acc=0.917 lr=2.00e-06 gnorm=2.18 159 smp/s
ep64 step118450/140100 loss=0.8747 acc=0.922 lr=2.00e-06 gnorm=2.08 159 smp/s
ep64 step118475/140100 loss=0.7258 acc=0.898 lr=2.00e-06 gnorm=2.62 159 smp/s
ep64 step118500/140100 loss=0.7889 acc=0.890 lr=2.00e-06 gnorm=2.23 159 smp/s
ep64 step118525/140100 loss=0.6350 acc=0.957 lr=2.00e-06 gnorm=3.04 159 smp/s
ep64 step118550/140100 loss=1.1698 acc=0.912 lr=2.00e-06 gnorm=3.62 159 smp/s
ep64 step118575/140100 loss=0.9487 acc=0.944 lr=2.00e-06 gnorm=1.80 159 smp/s
ep64 step118600/140100 loss=1.0210 acc=0.856 lr=2.00e-06 gnorm=2.24 159 smp/s
ep64 step118625/140100 loss=0.9800 acc=0.942 lr=2.00e-06 gnorm=3.12 159 smp/s
ep64 step118650/140100 loss=1.0649 acc=0.901 lr=2.00e-06 gnorm=2.12 159 smp/s
ep64 step118675/140100 loss=0.7921 acc=0.878 lr=2.00e-06 gnorm=1.72 159 smp/s
ep64 step118700/140100 loss=0.6834 acc=0.923 lr=2.00e-06 gnorm=2.07 159 smp/s
ep64 step118725/140100 loss=0.6773 acc=0.928 lr=2.00e-06 gnorm=1.85 159 smp/s
ep64 step118750/140100 loss=0.9142 acc=0.907 lr=2.00e-06 gnorm=3.07 159 smp/s
ep64 step118775/140100 loss=0.9191 acc=0.954 lr=2.00e-06 gnorm=5.33 159 smp/s
ep64 step118800/140100 loss=1.0071 acc=0.864 lr=2.00e-06 gnorm=1.77 159 smp/s
ep64 step118825/140100 loss=1.0675 acc=0.949 lr=2.00e-06 gnorm=1.60 159 smp/s
ep64 step118850/140100 loss=0.9521 acc=0.919 lr=2.00e-06 gnorm=1.72 159 smp/s
ep64 step118875/140100 loss=0.6644 acc=0.957 lr=2.00e-06 gnorm=2.05 159 smp/s
ep64 step118900/140100 loss=0.8914 acc=0.882 lr=2.00e-06 gnorm=3.44 159 smp/s
ep64 step118925/140100 loss=0.7972 acc=0.952 lr=2.00e-06 gnorm=3.36 159 smp/s
ep64 step118950/140100 loss=0.8765 acc=0.935 lr=2.00e-06 gnorm=2.59 159 smp/s
ep64 step118975/140100 loss=0.7267 acc=0.906 lr=2.00e-06 gnorm=3.52 159 smp/s
ep64 step119000/140100 loss=0.9995 acc=0.884 lr=2.00e-06 gnorm=2.01 159 smp/s
ep64 step119025/140100 loss=0.8152 acc=0.911 lr=2.00e-06 gnorm=2.27 159 smp/s
ep64 step119050/140100 loss=0.8745 acc=0.909 lr=2.00e-06 gnorm=2.55 159 smp/s
ep64 step119075/140100 loss=0.7885 acc=0.926 lr=2.00e-06 gnorm=3.97 159 smp/s
ep64 step119100/140100 loss=1.0497 acc=0.859 lr=2.00e-06 gnorm=2.27 159 smp/s
ep64 step119125/140100 loss=1.2833 acc=0.882 lr=2.00e-06 gnorm=1.83 159 smp/s
ep64 step119150/140100 loss=0.9636 acc=0.856 lr=2.00e-06 gnorm=2.53 159 smp/s
ep64 step119175/140100 loss=1.1919 acc=0.860 lr=2.00e-06 gnorm=3.49 159 smp/s
ep64 step119200/140100 loss=1.1087 acc=0.919 lr=2.00e-06 gnorm=4.34 159 smp/s
ep64 step119225/140100 loss=0.7928 acc=0.883 lr=2.00e-06 gnorm=2.90 159 smp/s
ep64 step119250/140100 loss=0.9300 acc=0.868 lr=2.00e-06 gnorm=2.22 159 smp/s
ep64 step119275/140100 loss=0.8607 acc=0.927 lr=2.00e-06 gnorm=1.94 159 smp/s
ep64 step119300/140100 loss=0.7338 acc=0.853 lr=2.00e-06 gnorm=5.12 159 smp/s
ep64 step119325/140100 loss=0.5152 acc=0.962 lr=2.00e-06 gnorm=1.74 159 smp/s
ep64 step119350/140100 loss=0.6293 acc=0.976 lr=2.00e-06 gnorm=2.71 159 smp/s
ep64 step119375/140100 loss=0.8358 acc=0.920 lr=2.00e-06 gnorm=5.45 159 smp/s
ep64 step119400/140100 loss=0.9028 acc=0.930 lr=2.00e-06 gnorm=2.74 159 smp/s
ep64 step119425/140100 loss=0.8076 acc=0.923 lr=2.00e-06 gnorm=2.22 159 smp/s
ep64 step119450/140100 loss=0.7724 acc=0.946 lr=2.00e-06 gnorm=2.54 159 smp/s
ep64 step119475/140100 loss=0.9390 acc=0.921 lr=2.00e-06 gnorm=1.96 159 smp/s
ep64 step119500/140100 loss=0.8978 acc=0.925 lr=2.00e-06 gnorm=2.49 159 smp/s
ep64 step119525/140100 loss=0.7066 acc=0.875 lr=2.00e-06 gnorm=2.37 159 smp/s
ep64 step119550/140100 loss=0.7803 acc=0.921 lr=2.00e-06 gnorm=3.04 159 smp/s
ep65 step119575/140100 loss=0.8937 acc=0.953 lr=2.00e-06 gnorm=2.47 159 smp/s
ep65 step119600/140100 loss=1.1507 acc=0.904 lr=2.00e-06 gnorm=3.71 159 smp/s
ep65 step119625/140100 loss=0.8750 acc=0.823 lr=2.00e-06 gnorm=3.86 159 smp/s
ep65 step119650/140100 loss=1.1276 acc=0.864 lr=2.00e-06 gnorm=2.06 159 smp/s
ep65 step119675/140100 loss=0.7450 acc=0.911 lr=2.00e-06 gnorm=2.47 159 smp/s
ep65 step119700/140100 loss=0.8287 acc=0.929 lr=2.00e-06 gnorm=1.75 159 smp/s
ep65 step119725/140100 loss=0.7751 acc=0.908 lr=2.00e-06 gnorm=2.53 159 smp/s
ep65 step119750/140100 loss=0.7043 acc=0.940 lr=2.00e-06 gnorm=1.98 159 smp/s
ep65 step119775/140100 loss=0.9150 acc=0.961 lr=2.00e-06 gnorm=2.48 159 smp/s
ep65 step119800/140100 loss=0.7818 acc=0.917 lr=2.00e-06 gnorm=4.74 159 smp/s
ep65 step119825/140100 loss=0.7264 acc=0.855 lr=2.00e-06 gnorm=2.70 159 smp/s
ep65 step119850/140100 loss=0.8237 acc=0.949 lr=2.00e-06 gnorm=2.66 159 smp/s
ep65 step119875/140100 loss=0.8254 acc=0.957 lr=2.00e-06 gnorm=1.97 159 smp/s
ep65 step119900/140100 loss=0.7863 acc=0.839 lr=2.00e-06 gnorm=2.18 159 smp/s
ep65 step119925/140100 loss=0.8213 acc=0.904 lr=2.00e-06 gnorm=2.84 159 smp/s
ep65 step119950/140100 loss=0.6883 acc=0.909 lr=2.00e-06 gnorm=1.74 159 smp/s
ep65 step119975/140100 loss=0.7681 acc=0.892 lr=2.00e-06 gnorm=1.85 159 smp/s
ep65 step120000/140100 loss=0.7360 acc=0.947 lr=2.00e-06 gnorm=2.39 159 smp/s
[eval @ 120000] WER=0.789 CER=0.388 SER=1.000 loss=0.776 content_acc=0.338 fill_rate=0.686 entropy=0.657 distinct=83
[eval @ 120000] iter32  WER=0.540 CER=0.201 SER=0.925 (mask-predict decode, n=200 clips)
   Full: ಸ ಾ ಂ ಸ ್ ೃ ೃ ಿ ಿ ಕ | ನ ಗ ರ ಿ | ಮ ೈ ಸ ೂ ರ ಿ ನ ಲ ್ ಲ ಿ | ಕ ೊ ರ ೋ ನ ಾ | ಸ ೋ ಂ ಕ ು | ಹ ೆ ಚ ್ ಚ ಚ ತ ್ ತ ಿ ರ ು ು ವ | ಹ ಿ ನ ್ ನ ೆ ೆ ೆ ಯ ಲ ್ ಲ ಿ | 
   Hyp : ಸಸಾಂಸ್ೃೃಿಿಕ ನಗರಿ ಮೈಸೂರಿನಲ್ಲಿ ಕೊರೋನಾ ಸೋಂಕು ಹೆಚ್ಚಚತ್ತಿರುುವ ಹಿನ್ನೆೆೆಯಲ್ಲಿ ಇಂದಿನಿಂದ 
   Ref : ಸಾಂಸ್ಕೃತಿಕ ನಗರಿ ಮೈಸೂರಿನಲ್ಲಿ ಕೊರೋನಾ ಸೋಂಕು ಹೆಚ್ಚುತ್ತಿರುವ ಹಿನ್ನೆಲೆಯಲ್ಲಿ ಇಂದಿನಿಂದ ಐದ
DEBUG:urllib3.connectionpool:Resetting dropped connection: api.wandb.ai
DEBUG:urllib3.connectionpool:https://api.wandb.ai:443 "POST /graphql HTTP/1.1" 200 60
ep65 step120025/140100 loss=0.7831 acc=0.919 lr=2.00e-06 gnorm=2.94 159 smp/s
ep65 step120050/140100 loss=0.9546 acc=0.862 lr=2.00e-06 gnorm=1.78 159 smp/s
ep65 step120075/140100 loss=0.9323 acc=0.964 lr=2.00e-06 gnorm=2.08 159 smp/s
ep65 step120100/140100 loss=0.7766 acc=0.911 lr=2.00e-06 gnorm=3.01 159 smp/s
ep65 step120125/140100 loss=0.6852 acc=0.925 lr=2.00e-06 gnorm=2.35 159 smp/s
ep65 step120150/140100 loss=0.8383 acc=0.949 lr=2.00e-06 gnorm=2.78 159 smp/s
ep65 step120175/140100 loss=0.9442 acc=0.920 lr=2.00e-06 gnorm=2.01 159 smp/s
ep65 step120200/140100 loss=0.7975 acc=0.919 lr=2.00e-06 gnorm=2.51 159 smp/s
ep65 step120225/140100 loss=0.9802 acc=0.910 lr=2.00e-06 gnorm=2.51 159 smp/s
ep65 step120250/140100 loss=0.7284 acc=0.902 lr=2.00e-06 gnorm=2.06 159 smp/s
ep65 step120275/140100 loss=1.0776 acc=0.951 lr=2.00e-06 gnorm=3.05 159 smp/s
ep65 step120300/140100 loss=0.8941 acc=0.904 lr=2.00e-06 gnorm=2.42 159 smp/s
ep65 step120325/140100 loss=0.7341 acc=0.934 lr=2.00e-06 gnorm=2.10 159 smp/s
ep65 step120350/140100 loss=0.9722 acc=0.932 lr=2.00e-06 gnorm=2.77 159 smp/s
ep65 step120375/140100 loss=0.9671 acc=0.886 lr=2.00e-06 gnorm=2.12 159 smp/s
ep65 step120400/140100 loss=0.9768 acc=0.874 lr=2.00e-06 gnorm=1.92 159 smp/s
ep65 step120425/140100 loss=0.8793 acc=0.895 lr=2.00e-06 gnorm=1.82 159 smp/s
ep65 step120450/140100 loss=0.9957 acc=0.909 lr=2.00e-06 gnorm=2.88 159 smp/s
ep65 step120475/140100 loss=0.5953 acc=0.918 lr=2.00e-06 gnorm=1.94 159 smp/s
ep65 step120500/140100 loss=0.9826 acc=0.903 lr=2.00e-06 gnorm=2.31 159 smp/s
ep65 step120525/140100 loss=1.1706 acc=0.868 lr=2.00e-06 gnorm=2.50 159 smp/s
ep65 step120550/140100 loss=1.2175 acc=0.881 lr=2.00e-06 gnorm=2.43 159 smp/s
ep65 step120575/140100 loss=1.0030 acc=0.958 lr=2.00e-06 gnorm=2.22 159 smp/s
ep65 step120600/140100 loss=1.0069 acc=0.918 lr=2.00e-06 gnorm=2.86 159 smp/s
ep65 step120625/140100 loss=0.7143 acc=0.951 lr=2.00e-06 gnorm=2.94 159 smp/s
ep65 step120650/140100 loss=1.2178 acc=0.907 lr=2.00e-06 gnorm=4.50 159 smp/s
ep65 step120675/140100 loss=0.9553 acc=0.846 lr=2.00e-06 gnorm=2.13 159 smp/s
ep65 step120700/140100 loss=0.9030 acc=0.932 lr=2.00e-06 gnorm=2.11 159 smp/s
ep65 step120725/140100 loss=0.9033 acc=0.951 lr=2.00e-06 gnorm=3.11 159 smp/s
ep65 step120750/140100 loss=0.6550 acc=0.957 lr=2.00e-06 gnorm=3.99 159 smp/s
ep65 step120775/140100 loss=0.9547 acc=0.903 lr=2.00e-06 gnorm=2.93 159 smp/s
ep65 step120800/140100 loss=1.1090 acc=0.867 lr=2.00e-06 gnorm=5.00 159 smp/s
ep65 step120825/140100 loss=0.7545 acc=0.943 lr=2.00e-06 gnorm=1.98 159 smp/s
ep65 step120850/140100 loss=0.8970 acc=0.884 lr=2.00e-06 gnorm=2.62 159 smp/s
ep65 step120875/140100 loss=1.1035 acc=0.976 lr=2.00e-06 gnorm=1.85 159 smp/s
ep65 step120900/140100 loss=0.6785 acc=0.875 lr=2.00e-06 gnorm=2.38 159 smp/s
ep65 step120925/140100 loss=0.6868 acc=0.922 lr=2.00e-06 gnorm=1.67 159 smp/s
ep65 step120950/140100 loss=0.6125 acc=0.967 lr=2.00e-06 gnorm=2.06 159 smp/s
ep65 step120975/140100 loss=1.0611 acc=0.908 lr=2.00e-06 gnorm=2.17 159 smp/s
ep65 step121000/140100 loss=1.0119 acc=0.886 lr=2.00e-06 gnorm=3.21 159 smp/s
ep65 step121025/140100 loss=0.7663 acc=0.954 lr=2.00e-06 gnorm=3.16 159 smp/s
ep65 step121050/140100 loss=1.1267 acc=0.876 lr=2.00e-06 gnorm=1.89 159 smp/s
ep65 step121075/140100 loss=0.6972 acc=0.903 lr=2.00e-06 gnorm=3.64 159 smp/s
ep65 step121100/140100 loss=0.8625 acc=0.934 lr=2.00e-06 gnorm=1.83 159 smp/s
ep65 step121125/140100 loss=1.0184 acc=0.913 lr=2.00e-06 gnorm=3.39 159 smp/s
ep65 step121150/140100 loss=0.7949 acc=0.953 lr=2.00e-06 gnorm=4.73 159 smp/s
ep65 step121175/140100 loss=0.8072 acc=0.944 lr=2.00e-06 gnorm=1.83 159 smp/s
ep65 step121200/140100 loss=1.0443 acc=0.889 lr=2.00e-06 gnorm=2.43 159 smp/s
ep65 step121225/140100 loss=0.8592 acc=0.912 lr=2.00e-06 gnorm=2.71 159 smp/s
ep65 step121250/140100 loss=1.0204 acc=0.872 lr=2.00e-06 gnorm=2.12 159 smp/s
ep65 step121275/140100 loss=0.7128 acc=0.886 lr=2.00e-06 gnorm=5.51 159 smp/s
ep65 step121300/140100 loss=0.9630 acc=0.870 lr=2.00e-06 gnorm=2.80 159 smp/s
ep65 step121325/140100 loss=1.2235 acc=0.881 lr=2.00e-06 gnorm=2.57 159 smp/s
ep65 step121350/140100 loss=1.0417 acc=0.915 lr=2.00e-06 gnorm=2.65 159 smp/s
ep65 step121375/140100 loss=1.1567 acc=0.841 lr=2.00e-06 gnorm=2.11 159 smp/s
ep65 step121400/140100 loss=0.9354 acc=0.944 lr=2.00e-06 gnorm=4.71 159 smp/s
ep66 step121425/140100 loss=0.7854 acc=0.959 lr=2.00e-06 gnorm=2.08 159 smp/s
ep66 step121450/140100 loss=1.0099 acc=0.906 lr=2.00e-06 gnorm=2.33 159 smp/s
ep66 step121475/140100 loss=1.0427 acc=0.881 lr=2.00e-06 gnorm=2.44 159 smp/s
ep66 step121500/140100 loss=1.1588 acc=0.863 lr=2.00e-06 gnorm=2.54 159 smp/s
ep66 step121525/140100 loss=0.9361 acc=0.896 lr=2.00e-06 gnorm=2.28 159 smp/s
ep66 step121550/140100 loss=1.0249 acc=0.937 lr=2.00e-06 gnorm=2.31 159 smp/s
ep66 step121575/140100 loss=0.6826 acc=0.937 lr=2.00e-06 gnorm=2.64 159 smp/s
ep66 step121600/140100 loss=1.0242 acc=0.910 lr=2.00e-06 gnorm=2.24 159 smp/s
ep66 step121625/140100 loss=0.9320 acc=0.902 lr=2.00e-06 gnorm=3.03 159 smp/s
ep66 step121650/140100 loss=0.9084 acc=0.903 lr=2.00e-06 gnorm=2.80 159 smp/s
ep66 step121675/140100 loss=1.1602 acc=0.850 lr=2.00e-06 gnorm=3.28 159 smp/s
ep66 step121700/140100 loss=0.6940 acc=0.924 lr=2.00e-06 gnorm=2.74 159 smp/s
ep66 step121725/140100 loss=0.6807 acc=0.948 lr=2.00e-06 gnorm=3.19 160 smp/s
ep66 step121750/140100 loss=0.7791 acc=0.884 lr=2.00e-06 gnorm=3.42 160 smp/s
ep66 step121775/140100 loss=0.8466 acc=0.896 lr=2.00e-06 gnorm=1.96 160 smp/s
ep66 step121800/140100 loss=0.9577 acc=0.880 lr=2.00e-06 gnorm=5.53 160 smp/s
ep66 step121825/140100 loss=1.0705 acc=0.920 lr=2.00e-06 gnorm=1.99 160 smp/s
ep66 step121850/140100 loss=0.5684 acc=0.910 lr=2.00e-06 gnorm=1.72 160 smp/s
ep66 step121875/140100 loss=1.0134 acc=0.827 lr=2.00e-06 gnorm=1.95 160 smp/s
ep66 step121900/140100 loss=1.1148 acc=0.895 lr=2.00e-06 gnorm=2.00 160 smp/s
ep66 step121925/140100 loss=0.7550 acc=0.934 lr=2.00e-06 gnorm=2.45 160 smp/s
ep66 step121950/140100 loss=1.2517 acc=0.869 lr=2.00e-06 gnorm=2.36 160 smp/s
ep66 step121975/140100 loss=0.8500 acc=0.909 lr=2.00e-06 gnorm=2.17 160 smp/s
ep66 step122000/140100 loss=0.8607 acc=0.951 lr=2.00e-06 gnorm=4.53 160 smp/s
[eval @ 122000] WER=0.778 CER=0.381 SER=1.000 loss=0.716 content_acc=0.381 fill_rate=0.687 entropy=0.670 distinct=82
[eval @ 122000] iter32  WER=0.522 CER=0.196 SER=0.900 (mask-predict decode, n=200 clips)
   Full: ಸ ಾ ಂ ಸ ್ ೃ ೃ ಿ ಿ ಕ | ನ ಗ ರ ಿ | ಮ ೈ ಸ ೂ ರ ಿ ನ ಲ ್ ಲ ಿ | ಕ ೊ ರ ೋ ನ ಾ | ಸ ೋ ಂ ಕ ು | ಹ ೆ ಚ ್ ಚ ು ತ ್ ತ ಿ ರ ು ವ ವ ಹ ಿ ನ ್ ನ ನ ೆ ೆ ಯ ಲ ್ ಲ ಿ ಿ | 
   Hyp : ಸಸಾಂಸ್ೃೃಿಿಕ ನಗರಿ ಮೈಸೂರಿನಲ್ಲಿ ಕೊರೋನಾ ಸೋಂಕು ಹೆಚ್ಚುತ್ತಿರುವವಹಿನ್ನನೆೆಯಲ್ಲಿಿ ಇಂಿಿನಿಂದಐ
   Ref : ಸಾಂಸ್ಕೃತಿಕ ನಗರಿ ಮೈಸೂರಿನಲ್ಲಿ ಕೊರೋನಾ ಸೋಂಕು ಹೆಚ್ಚುತ್ತಿರುವ ಹಿನ್ನೆಲೆಯಲ್ಲಿ ಇಂದಿನಿಂದ ಐದ
DEBUG:urllib3.connectionpool:Resetting dropped connection: api.wandb.ai
DEBUG:urllib3.connectionpool:https://api.wandb.ai:443 "POST /graphql HTTP/1.1" 200 60
   ** new best eval/iter_WER=0.5223 -> best.pt
ep66 step122025/140100 loss=0.5977 acc=0.925 lr=2.00e-06 gnorm=2.94 159 smp/s
ep66 step122050/140100 loss=0.7997 acc=0.880 lr=2.00e-06 gnorm=7.32 159 smp/s
ep66 step122075/140100 loss=0.9202 acc=0.875 lr=2.00e-06 gnorm=2.12 159 smp/s
ep66 step122100/140100 loss=0.9910 acc=0.897 lr=2.00e-06 gnorm=3.13 159 smp/s
ep66 step122125/140100 loss=1.0592 acc=0.878 lr=2.00e-06 gnorm=2.96 159 smp/s
ep66 step122150/140100 loss=0.9987 acc=0.905 lr=2.00e-06 gnorm=6.53 159 smp/s
ep66 step122175/140100 loss=1.1434 acc=0.908 lr=2.00e-06 gnorm=2.44 159 smp/s
ep66 step122200/140100 loss=0.8142 acc=0.878 lr=2.00e-06 gnorm=2.04 159 smp/s
ep66 step122225/140100 loss=0.8252 acc=0.913 lr=2.00e-06 gnorm=3.46 159 smp/s
ep66 step122250/140100 loss=0.9538 acc=0.897 lr=2.00e-06 gnorm=3.07 159 smp/s
ep66 step122275/140100 loss=0.9728 acc=0.897 lr=2.00e-06 gnorm=2.33 159 smp/s
ep66 step122300/140100 loss=0.7139 acc=0.914 lr=2.00e-06 gnorm=2.68 159 smp/s
ep66 step122325/140100 loss=1.0648 acc=0.938 lr=2.00e-06 gnorm=3.66 159 smp/s
ep66 step122350/140100 loss=0.8344 acc=0.892 lr=2.00e-06 gnorm=1.74 159 smp/s
ep66 step122375/140100 loss=0.6382 acc=0.949 lr=2.00e-06 gnorm=3.00 159 smp/s
ep66 step122400/140100 loss=0.9758 acc=0.855 lr=2.00e-06 gnorm=2.25 159 smp/s
ep66 step122425/140100 loss=0.9813 acc=0.962 lr=2.00e-06 gnorm=1.62 159 smp/s
ep66 step122450/140100 loss=0.9747 acc=0.869 lr=2.00e-06 gnorm=2.58 159 smp/s
ep66 step122475/140100 loss=0.9963 acc=0.868 lr=2.00e-06 gnorm=2.16 159 smp/s
ep66 step122500/140100 loss=1.0020 acc=0.889 lr=2.00e-06 gnorm=1.84 159 smp/s
ep66 step122525/140100 loss=0.7490 acc=0.891 lr=2.00e-06 gnorm=2.13 159 smp/s
ep66 step122550/140100 loss=0.8408 acc=0.956 lr=2.00e-06 gnorm=1.84 159 smp/s
ep66 step122575/140100 loss=1.0868 acc=0.906 lr=2.00e-06 gnorm=2.67 159 smp/s
ep66 step122600/140100 loss=0.8675 acc=0.934 lr=2.00e-06 gnorm=2.22 159 smp/s
ep66 step122625/140100 loss=0.8434 acc=0.904 lr=2.00e-06 gnorm=2.42 159 smp/s
ep66 step122650/140100 loss=0.9326 acc=0.863 lr=2.00e-06 gnorm=2.09 159 smp/s
ep66 step122675/140100 loss=1.1081 acc=0.909 lr=2.00e-06 gnorm=3.62 159 smp/s
ep66 step122700/140100 loss=0.8774 acc=0.950 lr=2.00e-06 gnorm=2.65 159 smp/s
ep66 step122725/140100 loss=1.1935 acc=0.868 lr=2.00e-06 gnorm=3.76 159 smp/s
ep66 step122750/140100 loss=0.7662 acc=0.892 lr=2.00e-06 gnorm=7.28 159 smp/s
ep66 step122775/140100 loss=0.6843 acc=0.884 lr=2.00e-06 gnorm=2.11 159 smp/s
ep66 step122800/140100 loss=0.8951 acc=0.910 lr=2.00e-06 gnorm=1.84 159 smp/s
ep66 step122825/140100 loss=1.0017 acc=0.910 lr=2.00e-06 gnorm=4.56 159 smp/s
ep66 step122850/140100 loss=0.7361 acc=0.907 lr=2.00e-06 gnorm=1.69 159 smp/s
ep66 step122875/140100 loss=0.8467 acc=0.930 lr=2.00e-06 gnorm=2.65 159 smp/s
ep66 step122900/140100 loss=0.8014 acc=0.909 lr=2.00e-06 gnorm=2.96 159 smp/s
ep66 step122925/140100 loss=0.8917 acc=0.868 lr=2.00e-06 gnorm=2.06 159 smp/s
ep66 step122950/140100 loss=0.9287 acc=0.894 lr=2.00e-06 gnorm=3.26 159 smp/s
ep66 step122975/140100 loss=0.8053 acc=0.940 lr=2.00e-06 gnorm=4.34 160 smp/s
ep66 step123000/140100 loss=0.7536 acc=0.938 lr=2.00e-06 gnorm=2.81 160 smp/s
ep66 step123025/140100 loss=0.8591 acc=0.894 lr=2.00e-06 gnorm=3.62 159 smp/s
ep66 step123050/140100 loss=0.8473 acc=0.887 lr=2.00e-06 gnorm=3.70 159 smp/s
ep66 step123075/140100 loss=0.8804 acc=0.957 lr=2.00e-06 gnorm=2.31 159 smp/s
ep66 step123100/140100 loss=0.8408 acc=0.877 lr=2.00e-06 gnorm=2.40 160 smp/s
ep66 step123125/140100 loss=1.0710 acc=0.896 lr=2.00e-06 gnorm=3.47 160 smp/s
ep66 step123150/140100 loss=1.0189 acc=0.882 lr=2.00e-06 gnorm=1.86 160 smp/s
ep66 step123175/140100 loss=1.1392 acc=0.893 lr=2.00e-06 gnorm=4.01 160 smp/s
ep66 step123200/140100 loss=1.1785 acc=0.923 lr=2.00e-06 gnorm=2.26 160 smp/s
ep66 step123225/140100 loss=1.0089 acc=0.913 lr=2.00e-06 gnorm=2.01 160 smp/s
ep66 step123250/140100 loss=0.8016 acc=0.921 lr=2.00e-06 gnorm=2.06 160 smp/s
ep66 step123275/140100 loss=0.8008 acc=0.870 lr=2.00e-06 gnorm=2.06 160 smp/s
ep67 step123300/140100 loss=0.7658 acc=0.922 lr=2.00e-06 gnorm=2.58 160 smp/s
ep67 step123325/140100 loss=0.5496 acc=0.953 lr=2.00e-06 gnorm=5.84 160 smp/s
ep67 step123350/140100 loss=1.0682 acc=0.883 lr=2.00e-06 gnorm=4.23 160 smp/s
ep67 step123375/140100 loss=0.8714 acc=0.899 lr=2.00e-06 gnorm=2.25 160 smp/s
ep67 step123400/140100 loss=0.5837 acc=0.930 lr=2.00e-06 gnorm=3.21 160 smp/s
ep67 step123425/140100 loss=0.7148 acc=0.962 lr=2.00e-06 gnorm=2.23 160 smp/s
ep67 step123450/140100 loss=0.8770 acc=0.941 lr=2.00e-06 gnorm=1.62 160 smp/s
ep67 step123475/140100 loss=0.7798 acc=0.911 lr=2.00e-06 gnorm=1.79 160 smp/s
ep67 step123500/140100 loss=0.8127 acc=0.891 lr=2.00e-06 gnorm=2.05 160 smp/s
ep67 step123525/140100 loss=0.8306 acc=0.947 lr=2.00e-06 gnorm=2.16 160 smp/s
ep67 step123550/140100 loss=0.9061 acc=0.917 lr=2.00e-06 gnorm=1.98 160 smp/s
ep67 step123575/140100 loss=0.7200 acc=0.967 lr=2.00e-06 gnorm=2.33 160 smp/s
ep67 step123600/140100 loss=1.0142 acc=0.946 lr=2.00e-06 gnorm=2.18 160 smp/s
ep67 step123625/140100 loss=0.8892 acc=0.937 lr=2.00e-06 gnorm=3.77 160 smp/s
ep67 step123650/140100 loss=0.6560 acc=0.930 lr=2.00e-06 gnorm=2.25 160 smp/s
ep67 step123675/140100 loss=0.8451 acc=0.904 lr=2.00e-06 gnorm=6.38 160 smp/s
ep67 step123700/140100 loss=0.8491 acc=0.922 lr=2.00e-06 gnorm=1.92 160 smp/s
ep67 step123725/140100 loss=0.6944 acc=0.938 lr=2.00e-06 gnorm=1.84 160 smp/s
ep67 step123750/140100 loss=0.8429 acc=0.910 lr=2.00e-06 gnorm=2.56 160 smp/s
ep67 step123775/140100 loss=0.9865 acc=0.867 lr=2.00e-06 gnorm=2.42 160 smp/s
ep67 step123800/140100 loss=0.9260 acc=0.896 lr=2.00e-06 gnorm=3.07 160 smp/s
ep67 step123825/140100 loss=0.6798 acc=0.942 lr=2.00e-06 gnorm=2.01 160 smp/s
ep67 step123850/140100 loss=0.7237 acc=0.928 lr=2.00e-06 gnorm=2.88 160 smp/s
ep67 step123875/140100 loss=0.6918 acc=0.899 lr=2.00e-06 gnorm=1.82 160 smp/s
ep67 step123900/140100 loss=1.0939 acc=0.844 lr=2.00e-06 gnorm=2.97 160 smp/s
ep67 step123925/140100 loss=0.6412 acc=0.911 lr=2.00e-06 gnorm=3.82 160 smp/s
ep67 step123950/140100 loss=1.0427 acc=0.893 lr=2.00e-06 gnorm=3.62 160 smp/s
ep67 step123975/140100 loss=0.9526 acc=0.909 lr=2.00e-06 gnorm=2.35 160 smp/s
ep67 step124000/140100 loss=0.8177 acc=0.912 lr=2.00e-06 gnorm=2.24 160 smp/s
[eval @ 124000] WER=0.781 CER=0.382 SER=1.000 loss=0.741 content_acc=0.362 fill_rate=0.687 entropy=0.682 distinct=83
[eval @ 124000] iter32  WER=0.551 CER=0.201 SER=0.940 (mask-predict decode, n=200 clips)
   Full: ಸ ಾ ಂ ಸ ್ ಕ ೃ ಿ ಿ ಕ | ನ ಗ ರ ಿ | ಮ ೈ ಸ ೂ ರ ಿ ನ ಲ ್ ಲ ಿ | ಕ ೊ ರ ೋ ನ ಾ | ಸ ೋ ಂ ಕ ು | ಹ ೆ ಚ ಚ ಚ ು ತ ್ ತ ಿ ರ ು ವ ವ ಹ ಹ ನ ್ ನ ನ ೆ ೆ ಯ ಲ ಲ ್ ಲ ಿ | 
   Hyp : ಸಸಾಂಸ್ಕೃಿಿಕ ನಗರಿ ಮೈಸೂರಿನಲ್ಲಿ ಕೊರೋನಾ ಸೋಂಕು ಹೆಚಚಚುತ್ತಿರುವವಹಹನ್ನನೆೆಯಲಲ್ಲಿ ಇಂದಿನಿಂದ 
   Ref : ಸಾಂಸ್ಕೃತಿಕ ನಗರಿ ಮೈಸೂರಿನಲ್ಲಿ ಕೊರೋನಾ ಸೋಂಕು ಹೆಚ್ಚುತ್ತಿರುವ ಹಿನ್ನೆಲೆಯಲ್ಲಿ ಇಂದಿನಿಂದ ಐದ
DEBUG:urllib3.connectionpool:Resetting dropped connection: api.wandb.ai
DEBUG:urllib3.connectionpool:https://api.wandb.ai:443 "POST /graphql HTTP/1.1" 200 60
ep67 step124025/140100 loss=1.0617 acc=0.872 lr=2.00e-06 gnorm=2.17 159 smp/s
ep67 step124050/140100 loss=1.3185 acc=0.891 lr=2.00e-06 gnorm=2.28 159 smp/s
ep67 step124075/140100 loss=0.8810 acc=0.879 lr=2.00e-06 gnorm=4.64 159 smp/s
ep67 step124100/140100 loss=1.1055 acc=0.885 lr=2.00e-06 gnorm=3.05 159 smp/s
ep67 step124125/140100 loss=0.6068 acc=0.947 lr=2.00e-06 gnorm=2.38 159 smp/s
ep67 step124150/140100 loss=1.0514 acc=0.913 lr=2.00e-06 gnorm=2.06 159 smp/s
ep67 step124175/140100 loss=0.6304 acc=0.902 lr=2.00e-06 gnorm=2.28 159 smp/s
ep67 step124200/140100 loss=0.8654 acc=0.954 lr=2.00e-06 gnorm=5.36 159 smp/s
ep67 step124225/140100 loss=0.8672 acc=0.890 lr=2.00e-06 gnorm=3.90 159 smp/s
ep67 step124250/140100 loss=0.7945 acc=0.938 lr=2.00e-06 gnorm=2.21 159 smp/s
ep67 step124275/140100 loss=0.8877 acc=0.914 lr=2.00e-06 gnorm=2.21 160 smp/s
ep67 step124300/140100 loss=1.0408 acc=0.883 lr=2.00e-06 gnorm=2.19 160 smp/s
ep67 step124325/140100 loss=0.9520 acc=0.891 lr=2.00e-06 gnorm=5.00 160 smp/s
ep67 step124350/140100 loss=0.6751 acc=0.905 lr=2.00e-06 gnorm=3.05 160 smp/s
ep67 step124375/140100 loss=0.8021 acc=0.907 lr=2.00e-06 gnorm=2.26 160 smp/s
ep67 step124400/140100 loss=0.7888 acc=0.939 lr=2.00e-06 gnorm=2.80 160 smp/s
ep67 step124425/140100 loss=0.9817 acc=0.929 lr=2.00e-06 gnorm=3.80 160 smp/s
ep67 step124450/140100 loss=1.0412 acc=0.911 lr=2.00e-06 gnorm=1.82 160 smp/s
ep67 step124475/140100 loss=0.7633 acc=0.926 lr=2.00e-06 gnorm=2.83 160 smp/s
ep67 step124500/140100 loss=1.0110 acc=0.947 lr=2.00e-06 gnorm=2.94 160 smp/s
ep67 step124525/140100 loss=0.7034 acc=0.932 lr=2.00e-06 gnorm=4.02 160 smp/s
ep67 step124550/140100 loss=0.6119 acc=0.915 lr=2.00e-06 gnorm=2.73 160 smp/s
ep67 step124575/140100 loss=0.7683 acc=0.928 lr=2.00e-06 gnorm=4.90 160 smp/s
ep67 step124600/140100 loss=0.8403 acc=0.900 lr=2.00e-06 gnorm=4.89 160 smp/s
ep67 step124625/140100 loss=1.3691 acc=0.850 lr=2.00e-06 gnorm=2.18 160 smp/s
ep67 step124650/140100 loss=0.6982 acc=0.915 lr=2.00e-06 gnorm=2.20 160 smp/s
ep67 step124675/140100 loss=0.8037 acc=0.949 lr=2.00e-06 gnorm=2.02 160 smp/s
ep67 step124700/140100 loss=0.7905 acc=0.932 lr=2.00e-06 gnorm=2.01 160 smp/s
ep67 step124725/140100 loss=0.7711 acc=0.901 lr=2.00e-06 gnorm=2.10 160 smp/s
ep67 step124750/140100 loss=0.9768 acc=0.945 lr=2.00e-06 gnorm=2.40 160 smp/s
ep67 step124775/140100 loss=1.0179 acc=0.901 lr=2.00e-06 gnorm=3.52 160 smp/s
ep67 step124800/140100 loss=0.9869 acc=0.895 lr=2.00e-06 gnorm=3.61 160 smp/s
ep67 step124825/140100 loss=0.4816 acc=0.976 lr=2.00e-06 gnorm=2.87 160 smp/s
ep67 step124850/140100 loss=0.7453 acc=0.950 lr=2.00e-06 gnorm=3.77 160 smp/s
ep67 step124875/140100 loss=0.8778 acc=0.882 lr=2.00e-06 gnorm=3.37 160 smp/s
ep67 step124900/140100 loss=0.8714 acc=0.961 lr=2.00e-06 gnorm=2.12 160 smp/s
ep67 step124925/140100 loss=1.0496 acc=0.895 lr=2.00e-06 gnorm=4.16 160 smp/s
ep67 step124950/140100 loss=0.7816 acc=0.928 lr=2.00e-06 gnorm=2.02 160 smp/s
ep67 step124975/140100 loss=0.8188 acc=0.895 lr=2.00e-06 gnorm=2.06 160 smp/s
ep67 step125000/140100 loss=1.0384 acc=0.913 lr=2.00e-06 gnorm=1.75 160 smp/s
ep67 step125025/140100 loss=0.9061 acc=0.944 lr=2.00e-06 gnorm=2.04 160 smp/s
ep67 step125050/140100 loss=1.0171 acc=0.916 lr=2.00e-06 gnorm=2.38 160 smp/s
ep67 step125075/140100 loss=0.9678 acc=0.945 lr=2.00e-06 gnorm=1.99 160 smp/s
ep67 step125100/140100 loss=0.6609 acc=0.892 lr=2.00e-06 gnorm=2.58 160 smp/s
ep67 step125125/140100 loss=0.8362 acc=0.974 lr=2.00e-06 gnorm=2.86 160 smp/s
ep67 step125150/140100 loss=0.8496 acc=0.925 lr=2.00e-06 gnorm=2.32 160 smp/s
ep68 step125175/140100 loss=0.7089 acc=0.937 lr=2.00e-06 gnorm=3.03 160 smp/s
ep68 step125200/140100 loss=1.0005 acc=0.900 lr=2.00e-06 gnorm=2.25 160 smp/s
ep68 step125225/140100 loss=0.9842 acc=0.887 lr=2.00e-06 gnorm=1.72 160 smp/s
ep68 step125250/140100 loss=1.0342 acc=0.897 lr=2.00e-06 gnorm=2.77 160 smp/s
ep68 step125275/140100 loss=0.6865 acc=0.903 lr=2.00e-06 gnorm=2.14 160 smp/s
ep68 step125300/140100 loss=0.9692 acc=0.896 lr=2.00e-06 gnorm=1.69 160 smp/s
ep68 step125325/140100 loss=1.1100 acc=0.946 lr=2.00e-06 gnorm=2.22 160 smp/s
ep68 step125350/140100 loss=0.8165 acc=0.897 lr=2.00e-06 gnorm=3.00 160 smp/s
ep68 step125375/140100 loss=0.7322 acc=0.945 lr=2.00e-06 gnorm=2.25 160 smp/s
ep68 step125400/140100 loss=0.8459 acc=0.934 lr=2.00e-06 gnorm=3.89 160 smp/s
ep68 step125425/140100 loss=0.9128 acc=0.943 lr=2.00e-06 gnorm=3.91 160 smp/s
ep68 step125450/140100 loss=0.5645 acc=0.912 lr=2.00e-06 gnorm=4.37 160 smp/s
ep68 step125475/140100 loss=0.6589 acc=0.930 lr=2.00e-06 gnorm=3.65 160 smp/s
ep68 step125500/140100 loss=1.0476 acc=0.901 lr=2.00e-06 gnorm=2.75 160 smp/s
ep68 step125525/140100 loss=0.7240 acc=0.933 lr=2.00e-06 gnorm=2.54 160 smp/s
ep68 step125550/140100 loss=0.9795 acc=0.910 lr=2.00e-06 gnorm=2.02 160 smp/s
ep68 step125575/140100 loss=0.8237 acc=0.929 lr=2.00e-06 gnorm=2.18 160 smp/s
ep68 step125600/140100 loss=1.0528 acc=0.909 lr=2.00e-06 gnorm=6.03 160 smp/s
ep68 step125625/140100 loss=0.7048 acc=0.947 lr=2.00e-06 gnorm=2.43 160 smp/s
ep68 step125650/140100 loss=0.9959 acc=0.948 lr=2.00e-06 gnorm=2.60 160 smp/s
ep68 step125675/140100 loss=1.0140 acc=0.859 lr=2.00e-06 gnorm=2.44 160 smp/s
ep68 step125700/140100 loss=0.7036 acc=0.919 lr=2.00e-06 gnorm=2.31 160 smp/s
ep68 step125725/140100 loss=0.7349 acc=0.930 lr=2.00e-06 gnorm=3.08 160 smp/s
ep68 step125750/140100 loss=0.8145 acc=0.916 lr=2.00e-06 gnorm=2.61 160 smp/s
ep68 step125775/140100 loss=0.7355 acc=0.949 lr=2.00e-06 gnorm=2.33 160 smp/s
ep68 step125800/140100 loss=0.6241 acc=0.943 lr=2.00e-06 gnorm=2.81 160 smp/s
ep68 step125825/140100 loss=0.7705 acc=0.935 lr=2.00e-06 gnorm=2.33 160 smp/s
ep68 step125850/140100 loss=0.9310 acc=0.942 lr=2.00e-06 gnorm=2.16 160 smp/s
ep68 step125875/140100 loss=0.8295 acc=0.927 lr=2.00e-06 gnorm=3.84 160 smp/s
ep68 step125900/140100 loss=0.8232 acc=0.935 lr=2.00e-06 gnorm=2.18 160 smp/s
ep68 step125925/140100 loss=0.6529 acc=0.964 lr=2.00e-06 gnorm=2.74 160 smp/s
ep68 step125950/140100 loss=0.9645 acc=0.893 lr=2.00e-06 gnorm=2.78 160 smp/s
ep68 step125975/140100 loss=1.0215 acc=0.922 lr=2.00e-06 gnorm=2.64 160 smp/s
ep68 step126000/140100 loss=1.0121 acc=0.936 lr=2.00e-06 gnorm=1.96 160 smp/s
[eval @ 126000] WER=0.795 CER=0.391 SER=1.000 loss=0.790 content_acc=0.323 fill_rate=0.686 entropy=0.673 distinct=83
[eval @ 126000] iter32  WER=0.544 CER=0.201 SER=0.960 (mask-predict decode, n=200 clips)
   Full: ಸ ಾ ಂ ಸ ್ ೃ ೃ ಿ ಿ ಕ | ನ ಗ ರ ಿ | ಮ ೈ ಸ ೂ ರ ಿ ನ ಲ ್ ಲ ಿ | ಕ ೊ ರ ೋ ನ ಾ ಾ ಸ ೋ ಂ ಕ ು | ಹ ೆ ೆ ಚ ಚ ಚ ತ ್ ತ ಿ ರ ು ವ ವ | ಹ ಿ ನ ನ ನ ೆ ೆ ಯ ಲ ಲ ಲ ಲ ಿ | 
   Hyp : ಸಸಾಂಸ್ೃೃಿಿಕ ನಗರಿ ಮೈಸೂರಿನಲ್ಲಿ ಕೊರೋನಾಾಸೋಂಕು ಹೆೆಚಚಚತ್ತಿರುವವ ಹಿನನನೆೆಯಲಲಲಲಿ ಇಂದಿನಿಂದ 
   Ref : ಸಾಂಸ್ಕೃತಿಕ ನಗರಿ ಮೈಸೂರಿನಲ್ಲಿ ಕೊರೋನಾ ಸೋಂಕು ಹೆಚ್ಚುತ್ತಿರುವ ಹಿನ್ನೆಲೆಯಲ್ಲಿ ಇಂದಿನಿಂದ ಐದ
DEBUG:urllib3.connectionpool:Resetting dropped connection: api.wandb.ai
DEBUG:urllib3.connectionpool:https://api.wandb.ai:443 "POST /graphql HTTP/1.1" 200 60
ep68 step126025/140100 loss=0.8442 acc=0.944 lr=2.00e-06 gnorm=2.01 160 smp/s
ep68 step126050/140100 loss=0.7827 acc=0.868 lr=2.00e-06 gnorm=2.20 160 smp/s
ep68 step126075/140100 loss=0.7670 acc=0.966 lr=2.00e-06 gnorm=1.94 160 smp/s
ep68 step126100/140100 loss=1.1127 acc=0.956 lr=2.00e-06 gnorm=2.48 160 smp/s
ep68 step126125/140100 loss=0.8849 acc=0.922 lr=2.00e-06 gnorm=2.22 160 smp/s
ep68 step126150/140100 loss=0.6840 acc=0.916 lr=2.00e-06 gnorm=2.47 160 smp/s
ep68 step126175/140100 loss=0.8877 acc=0.886 lr=2.00e-06 gnorm=3.60 160 smp/s
ep68 step126200/140100 loss=0.6245 acc=0.937 lr=2.00e-06 gnorm=2.80 160 smp/s
ep68 step126225/140100 loss=0.7038 acc=0.963 lr=2.00e-06 gnorm=4.08 160 smp/s
ep68 step126250/140100 loss=1.0033 acc=0.904 lr=2.00e-06 gnorm=2.35 160 smp/s
ep68 step126275/140100 loss=0.9299 acc=0.905 lr=2.00e-06 gnorm=2.18 160 smp/s
ep68 step126300/140100 loss=0.7928 acc=0.912 lr=2.00e-06 gnorm=1.79 160 smp/s
ep68 step126325/140100 loss=0.8277 acc=0.887 lr=2.00e-06 gnorm=2.51 160 smp/s
ep68 step126350/140100 loss=1.0683 acc=0.902 lr=2.00e-06 gnorm=2.22 160 smp/s
ep68 step126375/140100 loss=0.9278 acc=0.901 lr=2.00e-06 gnorm=2.02 160 smp/s
ep68 step126400/140100 loss=0.8819 acc=0.906 lr=2.00e-06 gnorm=2.85 160 smp/s
ep68 step126425/140100 loss=0.7038 acc=0.929 lr=2.00e-06 gnorm=3.11 160 smp/s
ep68 step126450/140100 loss=0.7729 acc=0.914 lr=2.00e-06 gnorm=1.88 160 smp/s
ep68 step126475/140100 loss=0.9692 acc=0.879 lr=2.00e-06 gnorm=1.98 160 smp/s
ep68 step126500/140100 loss=0.9238 acc=0.899 lr=2.00e-06 gnorm=2.63 160 smp/s
ep68 step126525/140100 loss=0.6574 acc=0.904 lr=2.00e-06 gnorm=4.26 160 smp/s
ep68 step126550/140100 loss=1.0532 acc=0.902 lr=2.00e-06 gnorm=3.99 160 smp/s
ep68 step126575/140100 loss=0.7258 acc=0.967 lr=2.00e-06 gnorm=1.79 160 smp/s
ep68 step126600/140100 loss=0.6105 acc=0.896 lr=2.00e-06 gnorm=2.97 160 smp/s
ep68 step126625/140100 loss=0.5194 acc=0.930 lr=2.00e-06 gnorm=1.97 160 smp/s
ep68 step126650/140100 loss=0.9602 acc=0.949 lr=2.00e-06 gnorm=3.45 160 smp/s
ep68 step126675/140100 loss=0.8268 acc=0.868 lr=2.00e-06 gnorm=4.26 160 smp/s
ep68 step126700/140100 loss=1.1619 acc=0.893 lr=2.00e-06 gnorm=2.04 160 smp/s
ep68 step126725/140100 loss=1.0583 acc=0.887 lr=2.00e-06 gnorm=2.06 160 smp/s
ep68 step126750/140100 loss=0.7308 acc=0.929 lr=2.00e-06 gnorm=2.59 160 smp/s
ep68 step126775/140100 loss=0.7487 acc=0.944 lr=2.00e-06 gnorm=3.97 160 smp/s
ep68 step126800/140100 loss=0.7801 acc=0.917 lr=2.00e-06 gnorm=2.02 160 smp/s
ep68 step126825/140100 loss=1.2538 acc=0.811 lr=2.00e-06 gnorm=3.95 160 smp/s
ep68 step126850/140100 loss=0.8000 acc=0.906 lr=2.00e-06 gnorm=2.87 160 smp/s
ep68 step126875/140100 loss=0.8190 acc=0.935 lr=2.00e-06 gnorm=2.29 160 smp/s
ep68 step126900/140100 loss=0.9756 acc=0.912 lr=2.00e-06 gnorm=4.02 160 smp/s
ep68 step126925/140100 loss=1.1153 acc=0.868 lr=2.00e-06 gnorm=2.10 160 smp/s
ep68 step126950/140100 loss=0.6785 acc=0.936 lr=2.00e-06 gnorm=1.83 160 smp/s
ep68 step126975/140100 loss=1.0271 acc=0.888 lr=2.00e-06 gnorm=5.60 160 smp/s
ep68 step127000/140100 loss=0.7887 acc=0.936 lr=2.00e-06 gnorm=4.77 160 smp/s
ep69 step127025/140100 loss=0.6959 acc=0.943 lr=2.00e-06 gnorm=2.11 160 smp/s
ep69 step127050/140100 loss=0.9088 acc=0.935 lr=2.00e-06 gnorm=1.97 160 smp/s
ep69 step127075/140100 loss=0.9219 acc=0.924 lr=2.00e-06 gnorm=2.84 160 smp/s
ep69 step127100/140100 loss=0.6908 acc=0.906 lr=2.00e-06 gnorm=2.43 160 smp/s
ep69 step127125/140100 loss=1.0614 acc=0.874 lr=2.00e-06 gnorm=2.49 160 smp/s
ep69 step127150/140100 loss=0.8024 acc=0.939 lr=2.00e-06 gnorm=2.14 160 smp/s
ep69 step127175/140100 loss=1.0541 acc=0.871 lr=2.00e-06 gnorm=4.98 160 smp/s
ep69 step127200/140100 loss=0.8263 acc=0.913 lr=2.00e-06 gnorm=3.94 160 smp/s
ep69 step127225/140100 loss=1.0272 acc=0.939 lr=2.00e-06 gnorm=2.73 160 smp/s
ep69 step127250/140100 loss=0.8167 acc=0.921 lr=2.00e-06 gnorm=3.24 160 smp/s
ep69 step127275/140100 loss=0.7480 acc=0.946 lr=2.00e-06 gnorm=2.50 160 smp/s
ep69 step127300/140100 loss=0.8782 acc=0.900 lr=2.00e-06 gnorm=2.44 160 smp/s
ep69 step127325/140100 loss=0.7597 acc=0.918 lr=2.00e-06 gnorm=2.53 160 smp/s
ep69 step127350/140100 loss=0.7548 acc=0.913 lr=2.00e-06 gnorm=2.36 160 smp/s
ep69 step127375/140100 loss=0.8785 acc=0.882 lr=2.00e-06 gnorm=2.40 160 smp/s
ep69 step127400/140100 loss=0.9247 acc=0.854 lr=2.00e-06 gnorm=3.24 160 smp/s
ep69 step127425/140100 loss=1.2592 acc=0.859 lr=2.00e-06 gnorm=2.81 160 smp/s
ep69 step127450/140100 loss=1.3479 acc=0.964 lr=2.00e-06 gnorm=2.50 160 smp/s
ep69 step127475/140100 loss=0.8462 acc=0.919 lr=2.00e-06 gnorm=1.92 160 smp/s
ep69 step127500/140100 loss=0.8850 acc=0.931 lr=2.00e-06 gnorm=2.60 160 smp/s
ep69 step127525/140100 loss=0.9293 acc=0.909 lr=2.00e-06 gnorm=3.36 160 smp/s
ep69 step127550/140100 loss=0.9403 acc=0.902 lr=2.00e-06 gnorm=2.53 160 smp/s
ep69 step127575/140100 loss=0.9288 acc=0.912 lr=2.00e-06 gnorm=1.98 160 smp/s
ep69 step127600/140100 loss=0.6007 acc=0.967 lr=2.00e-06 gnorm=2.32 160 smp/s
ep69 step127625/140100 loss=0.7350 acc=0.920 lr=2.00e-06 gnorm=4.22 160 smp/s
ep69 step127650/140100 loss=0.9658 acc=0.912 lr=2.00e-06 gnorm=3.64 160 smp/s
ep69 step127675/140100 loss=1.1350 acc=0.882 lr=2.00e-06 gnorm=3.19 160 smp/s
ep69 step127700/140100 loss=0.8716 acc=0.933 lr=2.00e-06 gnorm=2.20 160 smp/s
ep69 step127725/140100 loss=0.9097 acc=0.926 lr=2.00e-06 gnorm=2.29 160 smp/s
ep69 step127750/140100 loss=0.8796 acc=0.933 lr=2.00e-06 gnorm=3.91 160 smp/s
ep69 step127775/140100 loss=1.0126 acc=0.912 lr=2.00e-06 gnorm=2.41 160 smp/s
ep69 step127800/140100 loss=0.5800 acc=0.973 lr=2.00e-06 gnorm=3.24 160 smp/s
ep69 step127825/140100 loss=1.0646 acc=0.859 lr=2.00e-06 gnorm=4.68 160 smp/s
ep69 step127850/140100 loss=0.8159 acc=0.909 lr=2.00e-06 gnorm=1.78 160 smp/s
ep69 step127875/140100 loss=0.9312 acc=0.908 lr=2.00e-06 gnorm=3.14 160 smp/s
ep69 step127900/140100 loss=0.8342 acc=0.891 lr=2.00e-06 gnorm=2.48 160 smp/s
ep69 step127925/140100 loss=1.1280 acc=0.899 lr=2.00e-06 gnorm=5.46 160 smp/s
ep69 step127950/140100 loss=0.7405 acc=0.915 lr=2.00e-06 gnorm=1.59 160 smp/s
ep69 step127975/140100 loss=1.0345 acc=0.887 lr=2.00e-06 gnorm=4.90 160 smp/s
ep69 step128000/140100 loss=0.7716 acc=0.909 lr=2.00e-06 gnorm=3.12 160 smp/s
[eval @ 128000] WER=0.773 CER=0.378 SER=1.000 loss=0.722 content_acc=0.371 fill_rate=0.688 entropy=0.634 distinct=83
[eval @ 128000] iter32  WER=0.529 CER=0.199 SER=0.935 (mask-predict decode, n=200 clips)
   Full: ಸ ಾ ಂ ಸ ್ ೃ ೃ ಿ ಿ ಕ | ನ ಗ ರ ಿ | ಮ ೈ ಸ ೂ ಿ ನ ನ ಲ ್ ಲ ಿ | ಕ ೊ ರ ೋ ನ ಾ | ಸ ೋ ಂ ಕ ು | ಹ ೆ ಚ ್ ಚ ು ್ ್ ತ ಿ ರ ು ವ | ಹ ಿ ನ ್ ನ ೆ ೆ ೆ ಯ ಲ ್ ಲ ಿ | ಇ 
   Hyp : ಸಸಾಂಸ್ೃೃಿಿಕ ನಗರಿ ಮೈಸೂಿನನಲ್ಲಿ ಕೊರೋನಾ ಸೋಂಕು ಹೆಚ್ಚು್್ತಿರುವ ಹಿನ್ನೆೆೆಯಲ್ಲಿ ಇಂದಿನಿಂದ ಐ
   Ref : ಸಾಂಸ್ಕೃತಿಕ ನಗರಿ ಮೈಸೂರಿನಲ್ಲಿ ಕೊರೋನಾ ಸೋಂಕು ಹೆಚ್ಚುತ್ತಿರುವ ಹಿನ್ನೆಲೆಯಲ್ಲಿ ಇಂದಿನಿಂದ ಐದ
DEBUG:urllib3.connectionpool:Resetting dropped connection: api.wandb.ai
DEBUG:urllib3.connectionpool:https://api.wandb.ai:443 "POST /graphql HTTP/1.1" 200 60
ep69 step128025/140100 loss=0.7520 acc=0.922 lr=2.00e-06 gnorm=2.15 160 smp/s
ep69 step128050/140100 loss=1.2464 acc=0.845 lr=2.00e-06 gnorm=2.65 160 smp/s
ep69 step128075/140100 loss=0.7132 acc=0.943 lr=2.00e-06 gnorm=2.26 160 smp/s
ep69 step128100/140100 loss=1.0486 acc=0.908 lr=2.00e-06 gnorm=5.33 160 smp/s
ep69 step128125/140100 loss=0.9260 acc=0.861 lr=2.00e-06 gnorm=2.60 160 smp/s
ep69 step128150/140100 loss=0.6936 acc=0.939 lr=2.00e-06 gnorm=3.43 160 smp/s
ep69 step128175/140100 loss=1.1168 acc=0.858 lr=2.00e-06 gnorm=2.14 160 smp/s
ep69 step128200/140100 loss=0.8844 acc=0.939 lr=2.00e-06 gnorm=4.22 160 smp/s
ep69 step128225/140100 loss=0.5708 acc=0.963 lr=2.00e-06 gnorm=3.59 160 smp/s
ep69 step128250/140100 loss=0.8858 acc=0.938 lr=2.00e-06 gnorm=1.53 160 smp/s
ep69 step128275/140100 loss=0.8878 acc=0.929 lr=2.00e-06 gnorm=4.53 160 smp/s
ep69 step128300/140100 loss=0.8145 acc=0.926 lr=2.00e-06 gnorm=1.71 160 smp/s
ep69 step128325/140100 loss=1.0647 acc=0.913 lr=2.00e-06 gnorm=2.88 160 smp/s
ep69 step128350/140100 loss=0.7574 acc=0.914 lr=2.00e-06 gnorm=3.42 160 smp/s
ep69 step128375/140100 loss=1.0224 acc=0.916 lr=2.00e-06 gnorm=2.43 160 smp/s
ep69 step128400/140100 loss=0.7186 acc=0.916 lr=2.00e-06 gnorm=3.65 160 smp/s
ep69 step128425/140100 loss=0.9674 acc=0.940 lr=2.00e-06 gnorm=2.00 160 smp/s
ep69 step128450/140100 loss=0.6633 acc=0.921 lr=2.00e-06 gnorm=2.02 160 smp/s
ep69 step128475/140100 loss=0.7327 acc=0.930 lr=2.00e-06 gnorm=4.13 160 smp/s
ep69 step128500/140100 loss=1.0276 acc=0.926 lr=2.00e-06 gnorm=5.05 160 smp/s
ep69 step128525/140100 loss=0.8142 acc=0.902 lr=2.00e-06 gnorm=2.16 160 smp/s
ep69 step128550/140100 loss=0.8311 acc=0.920 lr=2.00e-06 gnorm=2.12 160 smp/s
ep69 step128575/140100 loss=0.7164 acc=0.966 lr=2.00e-06 gnorm=5.91 160 smp/s
ep69 step128600/140100 loss=0.9795 acc=0.932 lr=2.00e-06 gnorm=5.22 160 smp/s
ep69 step128625/140100 loss=0.9268 acc=0.881 lr=2.00e-06 gnorm=2.83 160 smp/s
ep69 step128650/140100 loss=0.6285 acc=0.920 lr=2.00e-06 gnorm=4.43 160 smp/s
ep69 step128675/140100 loss=1.0155 acc=0.950 lr=2.00e-06 gnorm=5.51 160 smp/s
ep69 step128700/140100 loss=0.8681 acc=0.886 lr=2.00e-06 gnorm=3.90 160 smp/s
ep69 step128725/140100 loss=0.8156 acc=0.911 lr=2.00e-06 gnorm=3.66 160 smp/s
ep69 step128750/140100 loss=0.6895 acc=0.887 lr=2.00e-06 gnorm=2.98 160 smp/s
ep69 step128775/140100 loss=0.7288 acc=0.967 lr=2.00e-06 gnorm=2.54 160 smp/s
ep69 step128800/140100 loss=0.8255 acc=0.922 lr=2.00e-06 gnorm=4.85 160 smp/s
ep69 step128825/140100 loss=0.7899 acc=0.936 lr=2.00e-06 gnorm=1.89 160 smp/s
ep69 step128850/140100 loss=0.9202 acc=0.898 lr=2.00e-06 gnorm=1.95 160 smp/s
ep69 step128875/140100 loss=0.7089 acc=0.925 lr=2.00e-06 gnorm=3.02 160 smp/s
ep70 step128900/140100 loss=0.6149 acc=0.937 lr=2.00e-06 gnorm=3.73 160 smp/s
ep70 step128925/140100 loss=0.8066 acc=0.861 lr=2.00e-06 gnorm=3.79 160 smp/s
ep70 step128950/140100 loss=0.6446 acc=0.942 lr=2.00e-06 gnorm=1.57 160 smp/s
ep70 step128975/140100 loss=0.8067 acc=0.932 lr=2.00e-06 gnorm=6.32 160 smp/s
ep70 step129000/140100 loss=1.0269 acc=0.891 lr=2.00e-06 gnorm=1.92 160 smp/s
ep70 step129025/140100 loss=0.8943 acc=0.924 lr=2.00e-06 gnorm=2.36 160 smp/s
ep70 step129050/140100 loss=0.7208 acc=0.942 lr=2.00e-06 gnorm=1.88 160 smp/s
ep70 step129075/140100 loss=0.4936 acc=0.954 lr=2.00e-06 gnorm=1.95 160 smp/s
ep70 step129100/140100 loss=0.9243 acc=0.906 lr=2.00e-06 gnorm=3.27 160 smp/s
ep70 step129125/140100 loss=0.8788 acc=0.898 lr=2.00e-06 gnorm=2.82 160 smp/s
ep70 step129150/140100 loss=0.4906 acc=0.922 lr=2.00e-06 gnorm=6.19 160 smp/s
ep70 step129175/140100 loss=0.9294 acc=0.913 lr=2.00e-06 gnorm=2.86 160 smp/s
ep70 step129200/140100 loss=1.1161 acc=0.881 lr=2.00e-06 gnorm=1.65 160 smp/s
ep70 step129225/140100 loss=0.6915 acc=0.967 lr=2.00e-06 gnorm=3.39 160 smp/s
ep70 step129250/140100 loss=1.0885 acc=0.911 lr=2.00e-06 gnorm=2.62 160 smp/s
ep70 step129275/140100 loss=1.1410 acc=0.848 lr=2.00e-06 gnorm=2.22 160 smp/s
ep70 step129300/140100 loss=1.1843 acc=0.848 lr=2.00e-06 gnorm=2.85 160 smp/s
ep70 step129325/140100 loss=0.9245 acc=0.903 lr=2.00e-06 gnorm=1.99 160 smp/s
ep70 step129350/140100 loss=0.8536 acc=0.900 lr=2.00e-06 gnorm=5.28 160 smp/s
ep70 step129375/140100 loss=0.7151 acc=0.945 lr=2.00e-06 gnorm=4.43 160 smp/s
ep70 step129400/140100 loss=0.7992 acc=0.946 lr=2.00e-06 gnorm=2.16 160 smp/s
ep70 step129425/140100 loss=0.5050 acc=0.946 lr=2.00e-06 gnorm=1.68 160 smp/s
ep70 step129450/140100 loss=1.0194 acc=0.913 lr=2.00e-06 gnorm=2.45 160 smp/s
ep70 step129475/140100 loss=0.6151 acc=0.927 lr=2.00e-06 gnorm=1.93 160 smp/s
ep70 step129500/140100 loss=0.6449 acc=0.934 lr=2.00e-06 gnorm=2.20 160 smp/s
ep70 step129525/140100 loss=1.0485 acc=0.914 lr=2.00e-06 gnorm=2.96 160 smp/s
ep70 step129550/140100 loss=0.9223 acc=0.878 lr=2.00e-06 gnorm=2.11 160 smp/s
ep70 step129575/140100 loss=0.7310 acc=0.926 lr=2.00e-06 gnorm=2.03 160 smp/s
ep70 step129600/140100 loss=0.7605 acc=0.925 lr=2.00e-06 gnorm=3.31 160 smp/s
ep70 step129625/140100 loss=0.6531 acc=0.949 lr=2.00e-06 gnorm=1.97 160 smp/s
ep70 step129650/140100 loss=1.0351 acc=0.861 lr=2.00e-06 gnorm=3.07 160 smp/s
ep70 step129675/140100 loss=0.8777 acc=0.948 lr=2.00e-06 gnorm=2.51 160 smp/s
ep70 step129700/140100 loss=0.8563 acc=0.979 lr=2.00e-06 gnorm=2.33 160 smp/s
ep70 step129725/140100 loss=0.6478 acc=0.962 lr=2.00e-06 gnorm=4.48 160 smp/s
ep70 step129750/140100 loss=1.1406 acc=0.852 lr=2.00e-06 gnorm=1.95 160 smp/s
ep70 step129775/140100 loss=0.7135 acc=0.914 lr=2.00e-06 gnorm=3.11 160 smp/s
ep70 step129800/140100 loss=0.6933 acc=0.931 lr=2.00e-06 gnorm=3.67 160 smp/s
ep70 step129825/140100 loss=0.8333 acc=0.887 lr=2.00e-06 gnorm=1.76 160 smp/s
ep70 step129850/140100 loss=0.7577 acc=0.939 lr=2.00e-06 gnorm=2.17 160 smp/s
ep70 step129875/140100 loss=0.8284 acc=0.924 lr=2.00e-06 gnorm=1.91 160 smp/s
ep70 step129900/140100 loss=0.6661 acc=0.956 lr=2.00e-06 gnorm=2.06 160 smp/s
ep70 step129925/140100 loss=0.6904 acc=0.914 lr=2.00e-06 gnorm=2.60 160 smp/s
ep70 step129950/140100 loss=0.8145 acc=0.899 lr=2.00e-06 gnorm=1.92 160 smp/s
ep70 step129975/140100 loss=0.9185 acc=0.866 lr=2.00e-06 gnorm=1.55 160 smp/s
ep70 step130000/140100 loss=0.7662 acc=0.940 lr=2.00e-06 gnorm=1.94 160 smp/s
[eval @ 130000] WER=0.787 CER=0.386 SER=1.000 loss=0.778 content_acc=0.330 fill_rate=0.687 entropy=0.667 distinct=83
[eval @ 130000] iter32  WER=0.538 CER=0.201 SER=0.950 (mask-predict decode, n=200 clips)
   Full: ಸ ಾ ಂ ಸ ್ ಕ ೃ ಿ ಿ ಕ | ನ ಗ ರ ಿ | ಮ ೈ ಸ ೂ ರ ನ ನ ಲ ್ ಲ ಿ | ಕ ೊ ರ ೋ ನ ಾ | ಸ ೋ ಂ ಕ ು | ಹ ೆ ಚ ್ ಚ ು ತ ್ ತ ಿ ರ ು ವ ವ ಹ ಹ ಿ ್ ನ ನ ೆ ೆ ಯ ಲ ಲ ಲ ಲ ಿ | 
   Hyp : ಸಸಾಂಸ್ಕೃಿಿಕ ನಗರಿ ಮೈಸೂರನನಲ್ಲಿ ಕೊರೋನಾ ಸೋಂಕು ಹೆಚ್ಚುತ್ತಿರುವವಹಹಿ್ನನೆೆಯಲಲಲಲಿ ಇಂದಿನಿಂದ 
   Ref : ಸಾಂಸ್ಕೃತಿಕ ನಗರಿ ಮೈಸೂರಿನಲ್ಲಿ ಕೊರೋನಾ ಸೋಂಕು ಹೆಚ್ಚುತ್ತಿರುವ ಹಿನ್ನೆಲೆಯಲ್ಲಿ ಇಂದಿನಿಂದ ಐದ
DEBUG:urllib3.connectionpool:Resetting dropped connection: api.wandb.ai
DEBUG:urllib3.connectionpool:https://api.wandb.ai:443 "POST /graphql HTTP/1.1" 200 60
ep70 step130025/140100 loss=0.8904 acc=0.909 lr=2.00e-06 gnorm=1.65 160 smp/s
ep70 step130050/140100 loss=0.7011 acc=0.934 lr=2.00e-06 gnorm=2.46 160 smp/s
ep70 step130075/140100 loss=0.5689 acc=0.929 lr=2.00e-06 gnorm=3.33 160 smp/s
ep70 step130100/140100 loss=0.8398 acc=0.948 lr=2.00e-06 gnorm=2.55 160 smp/s
ep70 step130125/140100 loss=0.8843 acc=0.967 lr=2.00e-06 gnorm=2.63 160 smp/s
ep70 step130150/140100 loss=0.9712 acc=0.855 lr=2.00e-06 gnorm=2.61 160 smp/s
ep70 step130175/140100 loss=1.2029 acc=0.868 lr=2.00e-06 gnorm=2.55 160 smp/s
ep70 step130200/140100 loss=0.7112 acc=0.936 lr=2.00e-06 gnorm=2.56 160 smp/s
ep70 step130225/140100 loss=0.8087 acc=0.931 lr=2.00e-06 gnorm=4.01 160 smp/s
ep70 step130250/140100 loss=0.9365 acc=0.889 lr=2.00e-06 gnorm=2.65 160 smp/s
ep70 step130275/140100 loss=0.8442 acc=0.891 lr=2.00e-06 gnorm=1.88 160 smp/s
ep70 step130300/140100 loss=0.8985 acc=0.931 lr=2.00e-06 gnorm=3.80 160 smp/s
ep70 step130325/140100 loss=0.6882 acc=0.909 lr=2.00e-06 gnorm=3.68 160 smp/s
ep70 step130350/140100 loss=1.0054 acc=0.909 lr=2.00e-06 gnorm=1.91 160 smp/s
ep70 step130375/140100 loss=1.0522 acc=0.849 lr=2.00e-06 gnorm=2.25 160 smp/s
ep70 step130400/140100 loss=0.6611 acc=0.965 lr=2.00e-06 gnorm=2.83 160 smp/s
ep70 step130425/140100 loss=0.9211 acc=0.880 lr=2.00e-06 gnorm=2.30 160 smp/s
ep70 step130450/140100 loss=0.7435 acc=0.929 lr=2.00e-06 gnorm=3.08 160 smp/s
ep70 step130475/140100 loss=0.8995 acc=0.892 lr=2.00e-06 gnorm=2.24 160 smp/s
ep70 step130500/140100 loss=0.5940 acc=0.937 lr=2.00e-06 gnorm=1.81 160 smp/s
ep70 step130525/140100 loss=0.8254 acc=0.898 lr=2.00e-06 gnorm=2.17 160 smp/s
ep70 step130550/140100 loss=0.7134 acc=0.901 lr=2.00e-06 gnorm=1.94 160 smp/s
ep70 step130575/140100 loss=0.8971 acc=0.898 lr=2.00e-06 gnorm=1.87 160 smp/s
ep70 step130600/140100 loss=0.9387 acc=0.910 lr=2.00e-06 gnorm=2.25 160 smp/s
ep70 step130625/140100 loss=0.8119 acc=0.895 lr=2.00e-06 gnorm=2.66 160 smp/s
ep70 step130650/140100 loss=0.8037 acc=0.882 lr=2.00e-06 gnorm=2.06 160 smp/s
ep70 step130675/140100 loss=0.8901 acc=0.968 lr=2.00e-06 gnorm=3.80 160 smp/s
ep70 step130700/140100 loss=0.7011 acc=0.911 lr=2.00e-06 gnorm=3.85 160 smp/s
ep70 step130725/140100 loss=0.4676 acc=0.977 lr=2.00e-06 gnorm=5.08 160 smp/s
ep70 step130750/140100 loss=0.6587 acc=0.928 lr=2.00e-06 gnorm=5.07 160 smp/s
ep71 step130775/140100 loss=1.0913 acc=0.816 lr=2.00e-06 gnorm=2.29 160 smp/s
ep71 step130800/140100 loss=0.8117 acc=0.938 lr=2.00e-06 gnorm=2.57 160 smp/s
ep71 step130825/140100 loss=0.8823 acc=0.883 lr=2.00e-06 gnorm=1.89 160 smp/s
ep71 step130850/140100 loss=1.0445 acc=0.908 lr=2.00e-06 gnorm=4.72 160 smp/s
ep71 step130875/140100 loss=0.8181 acc=0.901 lr=2.00e-06 gnorm=3.42 160 smp/s
ep71 step130900/140100 loss=0.7635 acc=0.905 lr=2.00e-06 gnorm=2.65 160 smp/s
ep71 step130925/140100 loss=0.7847 acc=0.917 lr=2.00e-06 gnorm=2.82 160 smp/s
ep71 step130950/140100 loss=0.8428 acc=0.918 lr=2.00e-06 gnorm=2.84 160 smp/s
ep71 step130975/140100 loss=0.6647 acc=0.896 lr=2.00e-06 gnorm=2.07 160 smp/s
ep71 step131000/140100 loss=0.7137 acc=0.915 lr=2.00e-06 gnorm=1.95 160 smp/s
ep71 step131025/140100 loss=1.1601 acc=0.918 lr=2.00e-06 gnorm=5.39 160 smp/s
ep71 step131050/140100 loss=0.8138 acc=0.915 lr=2.00e-06 gnorm=2.91 160 smp/s
ep71 step131075/140100 loss=1.0069 acc=0.925 lr=2.00e-06 gnorm=1.96 160 smp/s
ep71 step131100/140100 loss=0.9748 acc=0.924 lr=2.00e-06 gnorm=4.14 160 smp/s
ep71 step131125/140100 loss=0.9176 acc=0.937 lr=2.00e-06 gnorm=2.45 160 smp/s
ep71 step131150/140100 loss=0.9531 acc=0.872 lr=2.00e-06 gnorm=3.56 160 smp/s
ep71 step131175/140100 loss=0.9196 acc=0.921 lr=2.00e-06 gnorm=2.50 160 smp/s
ep71 step131200/140100 loss=0.8990 acc=0.905 lr=2.00e-06 gnorm=2.17 160 smp/s
ep71 step131225/140100 loss=0.8156 acc=0.901 lr=2.00e-06 gnorm=3.65 160 smp/s
ep71 step131250/140100 loss=0.6442 acc=0.932 lr=2.00e-06 gnorm=2.06 160 smp/s
ep71 step131275/140100 loss=0.8040 acc=0.947 lr=2.00e-06 gnorm=2.38 160 smp/s
ep71 step131300/140100 loss=0.7612 acc=0.922 lr=2.00e-06 gnorm=2.93 160 smp/s
ep71 step131325/140100 loss=1.1751 acc=0.879 lr=2.00e-06 gnorm=1.89 160 smp/s
ep71 step131350/140100 loss=1.1155 acc=0.823 lr=2.00e-06 gnorm=3.75 160 smp/s
ep71 step131375/140100 loss=0.8118 acc=0.903 lr=2.00e-06 gnorm=2.02 160 smp/s
ep71 step131400/140100 loss=0.8199 acc=0.912 lr=2.00e-06 gnorm=2.54 160 smp/s
ep71 step131425/140100 loss=1.1162 acc=0.825 lr=2.00e-06 gnorm=3.42 160 smp/s
ep71 step131450/140100 loss=0.8451 acc=0.928 lr=2.00e-06 gnorm=2.40 160 smp/s
ep71 step131475/140100 loss=0.8799 acc=0.916 lr=2.00e-06 gnorm=1.51 160 smp/s
ep71 step131500/140100 loss=0.9451 acc=0.913 lr=2.00e-06 gnorm=3.17 160 smp/s
ep71 step131525/140100 loss=1.0255 acc=0.929 lr=2.00e-06 gnorm=2.14 160 smp/s
ep71 step131550/140100 loss=0.9868 acc=0.872 lr=2.00e-06 gnorm=2.21 160 smp/s
ep71 step131575/140100 loss=1.0430 acc=0.923 lr=2.00e-06 gnorm=2.33 160 smp/s
ep71 step131600/140100 loss=0.7670 acc=0.926 lr=2.00e-06 gnorm=1.80 160 smp/s
ep71 step131625/140100 loss=0.9284 acc=0.914 lr=2.00e-06 gnorm=4.55 160 smp/s
ep71 step131650/140100 loss=0.9525 acc=0.885 lr=2.00e-06 gnorm=2.18 160 smp/s
ep71 step131675/140100 loss=0.8000 acc=0.877 lr=2.00e-06 gnorm=3.27 160 smp/s
ep71 step131700/140100 loss=0.9360 acc=0.930 lr=2.00e-06 gnorm=2.68 160 smp/s
ep71 step131725/140100 loss=0.7519 acc=0.916 lr=2.00e-06 gnorm=3.49 160 smp/s
ep71 step131750/140100 loss=1.0648 acc=0.882 lr=2.00e-06 gnorm=3.73 160 smp/s
ep71 step131775/140100 loss=1.0584 acc=0.929 lr=2.00e-06 gnorm=3.63 160 smp/s
ep71 step131800/140100 loss=1.1359 acc=0.879 lr=2.00e-06 gnorm=6.05 160 smp/s
ep71 step131825/140100 loss=0.9576 acc=0.936 lr=2.00e-06 gnorm=2.08 160 smp/s
ep71 step131850/140100 loss=0.9583 acc=0.850 lr=2.00e-06 gnorm=3.25 160 smp/s
ep71 step131875/140100 loss=0.8636 acc=0.928 lr=2.00e-06 gnorm=3.85 160 smp/s
ep71 step131900/140100 loss=0.9708 acc=0.936 lr=2.00e-06 gnorm=5.53 160 smp/s
ep71 step131925/140100 loss=0.8853 acc=0.911 lr=2.00e-06 gnorm=2.20 160 smp/s
ep71 step131950/140100 loss=0.8503 acc=0.896 lr=2.00e-06 gnorm=2.66 160 smp/s
ep71 step131975/140100 loss=0.8204 acc=0.951 lr=2.00e-06 gnorm=2.26 160 smp/s
ep71 step132000/140100 loss=1.0646 acc=0.887 lr=2.00e-06 gnorm=5.03 160 smp/s
[eval @ 132000] WER=0.781 CER=0.385 SER=1.000 loss=0.779 content_acc=0.341 fill_rate=0.687 entropy=0.644 distinct=83
[eval @ 132000] iter32  WER=0.533 CER=0.198 SER=0.930 (mask-predict decode, n=200 clips)
   Full: ಸ ಾ ಂ ಸ ್ ಕ ೃ ೃ ಿ ಕ | ನ ಗ ರ ಿ | ಮ ೈ ಸ ೂ ರ ಿ ನ ಲ ್ ಲ ಿ | ಕ ೊ ರ ರ ನ ಾ ಾ | ೋ ಂ ಕ ು | ಹ ೆ ಚ ್ ಚ ಚ ತ ್ ತ ಿ ಿ ು ು ವ | ಹ ಿ ನ ್ ನ ೆ ೆ ೆ ಯ ಲ ್ ಲ ಿ | 
   Hyp : ಸಸಾಂಸ್ಕೃೃಿಕ ನಗರಿ ಮೈಸೂರಿನಲ್ಲಿ ಕೊರರನಾಾ ೋಂಕು ಹೆಚ್ಚಚತ್ತಿಿುುವ ಹಿನ್ನೆೆೆಯಲ್ಲಿ ಇಂದಿನಿಂದ 
   Ref : ಸಾಂಸ್ಕೃತಿಕ ನಗರಿ ಮೈಸೂರಿನಲ್ಲಿ ಕೊರೋನಾ ಸೋಂಕು ಹೆಚ್ಚುತ್ತಿರುವ ಹಿನ್ನೆಲೆಯಲ್ಲಿ ಇಂದಿನಿಂದ ಐದ
DEBUG:urllib3.connectionpool:Resetting dropped connection: api.wandb.ai
DEBUG:urllib3.connectionpool:https://api.wandb.ai:443 "POST /graphql HTTP/1.1" 200 60
ep71 step132025/140100 loss=0.7467 acc=0.926 lr=2.00e-06 gnorm=2.11 160 smp/s
ep71 step132050/140100 loss=0.8394 acc=0.948 lr=2.00e-06 gnorm=5.28 160 smp/s
ep71 step132075/140100 loss=0.9523 acc=0.898 lr=2.00e-06 gnorm=1.98 160 smp/s
ep71 step132100/140100 loss=0.8645 acc=0.928 lr=2.00e-06 gnorm=1.39 160 smp/s
ep71 step132125/140100 loss=0.8810 acc=0.909 lr=2.00e-06 gnorm=2.52 160 smp/s
ep71 step132150/140100 loss=1.0139 acc=0.960 lr=2.00e-06 gnorm=2.37 160 smp/s
ep71 step132175/140100 loss=0.8816 acc=0.939 lr=2.00e-06 gnorm=2.56 160 smp/s
ep71 step132200/140100 loss=0.6740 acc=0.918 lr=2.00e-06 gnorm=2.12 160 smp/s
ep71 step132225/140100 loss=1.1011 acc=0.925 lr=2.00e-06 gnorm=3.18 160 smp/s
ep71 step132250/140100 loss=1.2352 acc=0.857 lr=2.00e-06 gnorm=3.13 160 smp/s
ep71 step132275/140100 loss=0.9246 acc=0.877 lr=2.00e-06 gnorm=2.86 160 smp/s
ep71 step132300/140100 loss=1.0297 acc=0.905 lr=2.00e-06 gnorm=2.17 160 smp/s
ep71 step132325/140100 loss=0.8005 acc=0.929 lr=2.00e-06 gnorm=2.72 160 smp/s
ep71 step132350/140100 loss=1.1109 acc=0.860 lr=2.00e-06 gnorm=2.40 160 smp/s
ep71 step132375/140100 loss=0.9925 acc=0.864 lr=2.00e-06 gnorm=2.18 160 smp/s
ep71 step132400/140100 loss=0.6968 acc=0.922 lr=2.00e-06 gnorm=2.35 160 smp/s
ep71 step132425/140100 loss=0.7796 acc=0.916 lr=2.00e-06 gnorm=5.10 160 smp/s
ep71 step132450/140100 loss=0.5947 acc=0.902 lr=2.00e-06 gnorm=1.93 160 smp/s
ep71 step132475/140100 loss=0.8073 acc=0.931 lr=2.00e-06 gnorm=2.85 160 smp/s
ep71 step132500/140100 loss=0.8585 acc=0.883 lr=2.00e-06 gnorm=2.93 160 smp/s
ep71 step132525/140100 loss=0.8264 acc=0.937 lr=2.00e-06 gnorm=1.89 160 smp/s
ep71 step132550/140100 loss=0.6539 acc=0.929 lr=2.00e-06 gnorm=1.94 160 smp/s
ep71 step132575/140100 loss=0.6905 acc=0.927 lr=2.00e-06 gnorm=1.61 160 smp/s
ep71 step132600/140100 loss=0.8730 acc=0.929 lr=2.00e-06 gnorm=5.40 160 smp/s
ep71 step132625/140100 loss=0.9952 acc=0.897 lr=2.00e-06 gnorm=1.67 160 smp/s
ep72 step132650/140100 loss=0.8494 acc=0.921 lr=2.00e-06 gnorm=3.00 160 smp/s
ep72 step132675/140100 loss=0.6552 acc=0.949 lr=2.00e-06 gnorm=2.69 160 smp/s
ep72 step132700/140100 loss=0.6959 acc=0.945 lr=2.00e-06 gnorm=2.89 160 smp/s
ep72 step132725/140100 loss=1.0399 acc=0.911 lr=2.00e-06 gnorm=4.47 160 smp/s
ep72 step132750/140100 loss=1.0499 acc=0.878 lr=2.00e-06 gnorm=2.40 160 smp/s
ep72 step132775/140100 loss=0.7222 acc=0.940 lr=2.00e-06 gnorm=3.53 160 smp/s
ep72 step132800/140100 loss=0.8527 acc=0.912 lr=2.00e-06 gnorm=2.31 160 smp/s
ep72 step132825/140100 loss=0.8301 acc=0.932 lr=2.00e-06 gnorm=1.92 160 smp/s
ep72 step132850/140100 loss=0.7307 acc=0.898 lr=2.00e-06 gnorm=5.28 160 smp/s
ep72 step132875/140100 loss=0.9339 acc=0.875 lr=2.00e-06 gnorm=3.19 160 smp/s
ep72 step132900/140100 loss=0.9889 acc=0.939 lr=2.00e-06 gnorm=2.20 160 smp/s
ep72 step132925/140100 loss=0.8464 acc=0.873 lr=2.00e-06 gnorm=3.46 160 smp/s
ep72 step132950/140100 loss=0.7477 acc=0.903 lr=2.00e-06 gnorm=2.17 160 smp/s
ep72 step132975/140100 loss=1.0147 acc=0.874 lr=2.00e-06 gnorm=2.20 160 smp/s
ep72 step133000/140100 loss=0.7291 acc=0.931 lr=2.00e-06 gnorm=2.23 160 smp/s
ep72 step133025/140100 loss=0.7731 acc=0.954 lr=2.00e-06 gnorm=3.07 160 smp/s
ep72 step133050/140100 loss=0.7570 acc=0.906 lr=2.00e-06 gnorm=2.27 160 smp/s
ep72 step133075/140100 loss=0.8099 acc=0.881 lr=2.00e-06 gnorm=3.40 160 smp/s
ep72 step133100/140100 loss=1.0198 acc=0.899 lr=2.00e-06 gnorm=2.91 160 smp/s
ep72 step133125/140100 loss=0.8279 acc=0.900 lr=2.00e-06 gnorm=1.71 160 smp/s
ep72 step133150/140100 loss=0.8752 acc=0.973 lr=2.00e-06 gnorm=2.47 160 smp/s
ep72 step133175/140100 loss=0.9010 acc=0.898 lr=2.00e-06 gnorm=1.96 160 smp/s
ep72 step133200/140100 loss=0.9774 acc=0.921 lr=2.00e-06 gnorm=2.35 160 smp/s
ep72 step133225/140100 loss=0.7719 acc=0.888 lr=2.00e-06 gnorm=2.58 160 smp/s
ep72 step133250/140100 loss=1.0346 acc=0.852 lr=2.00e-06 gnorm=3.78 160 smp/s
ep72 step133275/140100 loss=0.8416 acc=0.935 lr=2.00e-06 gnorm=3.55 160 smp/s
ep72 step133300/140100 loss=0.8157 acc=0.936 lr=2.00e-06 gnorm=2.56 160 smp/s
ep72 step133325/140100 loss=1.0252 acc=0.890 lr=2.00e-06 gnorm=2.87 160 smp/s
ep72 step133350/140100 loss=0.8001 acc=0.915 lr=2.00e-06 gnorm=2.52 160 smp/s
ep72 step133375/140100 loss=0.8115 acc=0.893 lr=2.00e-06 gnorm=2.84 160 smp/s
ep72 step133400/140100 loss=0.8207 acc=0.913 lr=2.00e-06 gnorm=2.11 160 smp/s
ep72 step133425/140100 loss=0.5646 acc=0.903 lr=2.00e-06 gnorm=4.36 160 smp/s
ep72 step133450/140100 loss=0.8123 acc=0.936 lr=2.00e-06 gnorm=2.66 160 smp/s
ep72 step133475/140100 loss=0.6847 acc=0.911 lr=2.00e-06 gnorm=2.58 160 smp/s
ep72 step133500/140100 loss=0.9901 acc=0.923 lr=2.00e-06 gnorm=2.10 160 smp/s
ep72 step133525/140100 loss=0.9356 acc=0.935 lr=2.00e-06 gnorm=4.32 160 smp/s
ep72 step133550/140100 loss=0.8156 acc=0.974 lr=2.00e-06 gnorm=2.02 160 smp/s
ep72 step133575/140100 loss=0.9146 acc=0.883 lr=2.00e-06 gnorm=3.70 160 smp/s
ep72 step133600/140100 loss=0.9675 acc=0.919 lr=2.00e-06 gnorm=4.03 160 smp/s
ep72 step133625/140100 loss=1.1521 acc=0.886 lr=2.00e-06 gnorm=2.30 160 smp/s
ep72 step133650/140100 loss=0.9964 acc=0.886 lr=2.00e-06 gnorm=3.21 160 smp/s
ep72 step133675/140100 loss=1.0010 acc=0.847 lr=2.00e-06 gnorm=5.68 160 smp/s
ep72 step133700/140100 loss=0.8281 acc=0.896 lr=2.00e-06 gnorm=3.88 160 smp/s
ep72 step133725/140100 loss=0.8210 acc=0.922 lr=2.00e-06 gnorm=1.80 160 smp/s
ep72 step133750/140100 loss=0.8837 acc=0.895 lr=2.00e-06 gnorm=2.63 160 smp/s
ep72 step133775/140100 loss=0.8837 acc=0.908 lr=2.00e-06 gnorm=1.95 160 smp/s
ep72 step133800/140100 loss=0.7335 acc=0.953 lr=2.00e-06 gnorm=2.65 160 smp/s
ep72 step133825/140100 loss=1.0201 acc=0.896 lr=2.00e-06 gnorm=1.84 160 smp/s
ep72 step133850/140100 loss=0.8844 acc=0.910 lr=2.00e-06 gnorm=3.52 160 smp/s
ep72 step133875/140100 loss=0.8488 acc=0.928 lr=2.00e-06 gnorm=1.70 160 smp/s
ep72 step133900/140100 loss=1.1256 acc=0.858 lr=2.00e-06 gnorm=3.43 160 smp/s
ep72 step133925/140100 loss=0.8531 acc=0.922 lr=2.00e-06 gnorm=1.87 160 smp/s
ep72 step133950/140100 loss=0.6654 acc=0.938 lr=2.00e-06 gnorm=3.59 160 smp/s
ep72 step133975/140100 loss=0.8053 acc=0.936 lr=2.00e-06 gnorm=1.83 160 smp/s
ep72 step134000/140100 loss=0.8390 acc=0.925 lr=2.00e-06 gnorm=3.11 160 smp/s
[eval @ 134000] WER=0.777 CER=0.384 SER=1.000 loss=0.761 content_acc=0.359 fill_rate=0.687 entropy=0.664 distinct=83
[eval @ 134000] iter32  WER=0.536 CER=0.199 SER=0.925 (mask-predict decode, n=200 clips)
   Full: ಸ ಾ ಂ ಸ ್ ಕ ೃ ಿ ಿ ಕ | ನ ಗ ರ ಿ | ಮ ೈ ಸ ೂ ಿ ನ ನ ಲ ್ ಲ ಿ | ಕ ೊ ರ ೋ ನ ಾ | ಸ ೋ ಂ ಕ ು | ಹ ೆ ಚ ್ ಚ ು ತ ್ ತ ಿ ರ ು ವ | ಹ ಿ ನ ್ ನ ನ ೆ ೆ ಯ ಲ ಲ ್ ಲ ಿ | 
   Hyp : ಸಸಾಂಸ್ಕೃಿಿಕ ನಗರಿ ಮೈಸೂಿನನಲ್ಲಿ ಕೊರೋನಾ ಸೋಂಕು ಹೆಚ್ಚುತ್ತಿರುವ ಹಿನ್ನನೆೆಯಲಲ್ಲಿ ಇಂದಿನಿಂದ 
   Ref : ಸಾಂಸ್ಕೃತಿಕ ನಗರಿ ಮೈಸೂರಿನಲ್ಲಿ ಕೊರೋನಾ ಸೋಂಕು ಹೆಚ್ಚುತ್ತಿರುವ ಹಿನ್ನೆಲೆಯಲ್ಲಿ ಇಂದಿನಿಂದ ಐದ
DEBUG:urllib3.connectionpool:Resetting dropped connection: api.wandb.ai
DEBUG:urllib3.connectionpool:https://api.wandb.ai:443 "POST /graphql HTTP/1.1" 200 60
ep72 step134025/140100 loss=0.5889 acc=0.949 lr=2.00e-06 gnorm=1.92 160 smp/s
ep72 step134050/140100 loss=1.0406 acc=0.940 lr=2.00e-06 gnorm=3.16 160 smp/s
ep72 step134075/140100 loss=1.0003 acc=0.933 lr=2.00e-06 gnorm=1.87 160 smp/s
ep72 step134100/140100 loss=0.8407 acc=0.919 lr=2.00e-06 gnorm=4.68 160 smp/s
ep72 step134125/140100 loss=0.9851 acc=0.915 lr=2.00e-06 gnorm=2.91 160 smp/s
ep72 step134150/140100 loss=0.8387 acc=0.890 lr=2.00e-06 gnorm=2.64 160 smp/s
ep72 step134175/140100 loss=0.8564 acc=0.893 lr=2.00e-06 gnorm=2.91 160 smp/s
ep72 step134200/140100 loss=0.5638 acc=0.935 lr=2.00e-06 gnorm=5.37 160 smp/s
ep72 step134225/140100 loss=0.9552 acc=0.908 lr=2.00e-06 gnorm=2.27 160 smp/s
ep72 step134250/140100 loss=0.8961 acc=0.875 lr=2.00e-06 gnorm=3.90 160 smp/s
ep72 step134275/140100 loss=0.7222 acc=0.937 lr=2.00e-06 gnorm=3.77 160 smp/s
ep72 step134300/140100 loss=0.8633 acc=0.906 lr=2.00e-06 gnorm=2.57 160 smp/s
ep72 step134325/140100 loss=0.7160 acc=0.933 lr=2.00e-06 gnorm=2.24 160 smp/s
ep72 step134350/140100 loss=1.1089 acc=0.871 lr=2.00e-06 gnorm=3.48 160 smp/s
ep72 step134375/140100 loss=0.7715 acc=0.926 lr=2.00e-06 gnorm=3.44 160 smp/s
ep72 step134400/140100 loss=0.6518 acc=0.953 lr=2.00e-06 gnorm=1.94 160 smp/s
ep72 step134425/140100 loss=0.8334 acc=0.910 lr=2.00e-06 gnorm=3.01 160 smp/s
ep72 step134450/140100 loss=0.9517 acc=0.935 lr=2.00e-06 gnorm=2.13 160 smp/s
ep72 step134475/140100 loss=0.9655 acc=0.922 lr=2.00e-06 gnorm=3.61 160 smp/s
ep73 step134500/140100 loss=0.9852 acc=0.894 lr=2.00e-06 gnorm=5.31 160 smp/s
ep73 step134525/140100 loss=0.7055 acc=0.940 lr=2.00e-06 gnorm=6.54 160 smp/s
ep73 step134550/140100 loss=1.0045 acc=0.877 lr=2.00e-06 gnorm=2.35 160 smp/s
ep73 step134575/140100 loss=1.0048 acc=0.917 lr=2.00e-06 gnorm=4.51 160 smp/s
ep73 step134600/140100 loss=0.6514 acc=0.891 lr=2.00e-06 gnorm=2.84 160 smp/s
ep73 step134625/140100 loss=0.9438 acc=0.867 lr=2.00e-06 gnorm=3.77 160 smp/s
ep73 step134650/140100 loss=0.7626 acc=0.956 lr=2.00e-06 gnorm=1.73 160 smp/s
ep73 step134675/140100 loss=0.8520 acc=0.871 lr=2.00e-06 gnorm=2.46 160 smp/s
ep73 step134700/140100 loss=0.8881 acc=0.879 lr=2.00e-06 gnorm=2.89 160 smp/s
ep73 step134725/140100 loss=1.3029 acc=0.829 lr=2.00e-06 gnorm=2.51 160 smp/s
ep73 step134750/140100 loss=0.9667 acc=0.908 lr=2.00e-06 gnorm=4.60 160 smp/s
ep73 step134775/140100 loss=0.7236 acc=0.920 lr=2.00e-06 gnorm=4.15 160 smp/s
ep73 step134800/140100 loss=0.6645 acc=0.975 lr=2.00e-06 gnorm=4.98 160 smp/s
ep73 step134825/140100 loss=0.9008 acc=0.942 lr=2.00e-06 gnorm=3.66 160 smp/s
ep73 step134850/140100 loss=0.7166 acc=0.930 lr=2.00e-06 gnorm=3.35 160 smp/s
ep73 step134875/140100 loss=0.9525 acc=0.941 lr=2.00e-06 gnorm=2.61 160 smp/s
ep73 step134900/140100 loss=1.0533 acc=0.912 lr=2.00e-06 gnorm=2.60 160 smp/s
ep73 step134925/140100 loss=1.0545 acc=0.890 lr=2.00e-06 gnorm=2.62 160 smp/s
ep73 step134950/140100 loss=0.8188 acc=0.909 lr=2.00e-06 gnorm=2.88 160 smp/s
ep73 step134975/140100 loss=0.8404 acc=0.913 lr=2.00e-06 gnorm=1.93 160 smp/s
ep73 step135000/140100 loss=0.9510 acc=0.894 lr=2.00e-06 gnorm=2.42 160 smp/s
ep73 step135025/140100 loss=0.8164 acc=0.871 lr=2.00e-06 gnorm=2.18 160 smp/s
ep73 step135050/140100 loss=1.0130 acc=0.893 lr=2.00e-06 gnorm=2.44 160 smp/s
ep73 step135075/140100 loss=0.8286 acc=0.894 lr=2.00e-06 gnorm=2.17 160 smp/s
ep73 step135100/140100 loss=0.6794 acc=0.875 lr=2.00e-06 gnorm=2.13 160 smp/s
ep73 step135125/140100 loss=1.0422 acc=0.907 lr=2.00e-06 gnorm=1.78 160 smp/s
ep73 step135150/140100 loss=0.8293 acc=0.934 lr=2.00e-06 gnorm=2.07 160 smp/s
ep73 step135175/140100 loss=0.8893 acc=0.887 lr=2.00e-06 gnorm=3.35 160 smp/s
ep73 step135200/140100 loss=0.5921 acc=0.963 lr=2.00e-06 gnorm=3.63 160 smp/s
ep73 step135225/140100 loss=0.8056 acc=0.950 lr=2.00e-06 gnorm=2.89 160 smp/s
ep73 step135250/140100 loss=0.7708 acc=0.912 lr=2.00e-06 gnorm=5.19 160 smp/s
ep73 step135275/140100 loss=0.8192 acc=0.933 lr=2.00e-06 gnorm=4.29 160 smp/s
ep73 step135300/140100 loss=0.8102 acc=0.907 lr=2.00e-06 gnorm=2.76 160 smp/s
ep73 step135325/140100 loss=0.8352 acc=0.949 lr=2.00e-06 gnorm=2.09 160 smp/s
ep73 step135350/140100 loss=0.6129 acc=0.968 lr=2.00e-06 gnorm=2.43 160 smp/s
ep73 step135375/140100 loss=0.9504 acc=0.880 lr=2.00e-06 gnorm=3.39 160 smp/s
ep73 step135400/140100 loss=1.1491 acc=0.876 lr=2.00e-06 gnorm=3.35 160 smp/s
ep73 step135425/140100 loss=0.8566 acc=0.908 lr=2.00e-06 gnorm=1.99 160 smp/s
ep73 step135450/140100 loss=0.9892 acc=0.909 lr=2.00e-06 gnorm=4.78 160 smp/s
ep73 step135475/140100 loss=0.6660 acc=0.966 lr=2.00e-06 gnorm=2.63 160 smp/s
ep73 step135500/140100 loss=0.8229 acc=0.918 lr=2.00e-06 gnorm=2.38 160 smp/s
ep73 step135525/140100 loss=0.8490 acc=0.913 lr=2.00e-06 gnorm=3.04 160 smp/s
ep73 step135550/140100 loss=0.9246 acc=0.950 lr=2.00e-06 gnorm=2.34 160 smp/s
ep73 step135575/140100 loss=0.9426 acc=0.964 lr=2.00e-06 gnorm=3.24 160 smp/s
ep73 step135600/140100 loss=0.7430 acc=0.921 lr=2.00e-06 gnorm=2.92 160 smp/s
ep73 step135625/140100 loss=0.8031 acc=0.933 lr=2.00e-06 gnorm=2.81 160 smp/s
ep73 step135650/140100 loss=0.9231 acc=0.914 lr=2.00e-06 gnorm=4.66 160 smp/s
ep73 step135675/140100 loss=0.6913 acc=0.947 lr=2.00e-06 gnorm=2.28 160 smp/s
ep73 step135700/140100 loss=1.0977 acc=0.850 lr=2.00e-06 gnorm=3.19 160 smp/s
ep73 step135725/140100 loss=0.9757 acc=0.914 lr=2.00e-06 gnorm=2.65 160 smp/s
ep73 step135750/140100 loss=0.8772 acc=0.914 lr=2.00e-06 gnorm=2.42 160 smp/s
ep73 step135775/140100 loss=0.7473 acc=0.885 lr=2.00e-06 gnorm=2.90 160 smp/s
ep73 step135800/140100 loss=1.0467 acc=0.918 lr=2.00e-06 gnorm=3.02 160 smp/s
ep73 step135825/140100 loss=0.8696 acc=0.892 lr=2.00e-06 gnorm=2.28 160 smp/s
ep73 step135850/140100 loss=0.9902 acc=0.883 lr=2.00e-06 gnorm=2.90 160 smp/s
ep73 step135875/140100 loss=0.7328 acc=0.887 lr=2.00e-06 gnorm=2.23 160 smp/s
ep73 step135900/140100 loss=0.9562 acc=0.875 lr=2.00e-06 gnorm=2.36 160 smp/s
ep73 step135925/140100 loss=1.0150 acc=0.932 lr=2.00e-06 gnorm=2.58 160 smp/s
ep73 step135950/140100 loss=0.6888 acc=0.955 lr=2.00e-06 gnorm=2.11 160 smp/s
ep73 step135975/140100 loss=0.9192 acc=0.918 lr=2.00e-06 gnorm=1.98 160 smp/s
ep73 step136000/140100 loss=0.7990 acc=0.872 lr=2.00e-06 gnorm=5.38 160 smp/s
[eval @ 136000] WER=0.784 CER=0.384 SER=1.000 loss=0.769 content_acc=0.345 fill_rate=0.688 entropy=0.667 distinct=83
[eval @ 136000] iter32  WER=0.521 CER=0.195 SER=0.925 (mask-predict decode, n=200 clips)
   Full: ಸ ಾ ಂ ಸ ್ ಕ ೃ ಿ ಿ ಕ | ನ ಗ ರ ಿ | ಮ ೈ ಸ ೂ ರ ಿ ನ ಲ ್ ಲ ಿ | ಕ ೊ ರ ೋ ನ ಾ | ಸ ೋ ಂ ಕ ು | ಹ ೆ ಚ ್ ಚ ು ತ ್ ತ ಿ ರ ು ವ ವ | ಹ ನ ್ ನ ನ ೆ ೆ ಯ ಲ ಲ ಲ ಲ ಿ | 
   Hyp : ಸಸಾಂಸ್ಕೃಿಿಕ ನಗರಿ ಮೈಸೂರಿನಲ್ಲಿ ಕೊರೋನಾ ಸೋಂಕು ಹೆಚ್ಚುತ್ತಿರುವವ ಹನ್ನನೆೆಯಲಲಲಲಿ ಇಂದಿನಿಂದ 
   Ref : ಸಾಂಸ್ಕೃತಿಕ ನಗರಿ ಮೈಸೂರಿನಲ್ಲಿ ಕೊರೋನಾ ಸೋಂಕು ಹೆಚ್ಚುತ್ತಿರುವ ಹಿನ್ನೆಲೆಯಲ್ಲಿ ಇಂದಿನಿಂದ ಐದ
DEBUG:urllib3.connectionpool:Resetting dropped connection: api.wandb.ai
DEBUG:urllib3.connectionpool:https://api.wandb.ai:443 "POST /graphql HTTP/1.1" 200 60
   ** new best eval/iter_WER=0.5212 -> best.pt
ep73 step136025/140100 loss=1.0110 acc=0.878 lr=2.00e-06 gnorm=1.73 160 smp/s
ep73 step136050/140100 loss=0.7215 acc=0.946 lr=2.00e-06 gnorm=1.73 160 smp/s
ep73 step136075/140100 loss=0.9845 acc=0.904 lr=2.00e-06 gnorm=2.03 160 smp/s
ep73 step136100/140100 loss=1.0048 acc=0.920 lr=2.00e-06 gnorm=2.87 160 smp/s
ep73 step136125/140100 loss=0.9530 acc=0.938 lr=2.00e-06 gnorm=3.42 160 smp/s
ep73 step136150/140100 loss=1.1113 acc=0.917 lr=2.00e-06 gnorm=3.91 160 smp/s
ep73 step136175/140100 loss=0.6602 acc=0.930 lr=2.00e-06 gnorm=3.12 160 smp/s
ep73 step136200/140100 loss=1.0604 acc=0.908 lr=2.00e-06 gnorm=3.04 160 smp/s
ep73 step136225/140100 loss=0.7475 acc=0.899 lr=2.00e-06 gnorm=3.41 160 smp/s
ep73 step136250/140100 loss=0.9305 acc=0.852 lr=2.00e-06 gnorm=1.85 160 smp/s
ep73 step136275/140100 loss=0.6867 acc=0.889 lr=2.00e-06 gnorm=2.77 160 smp/s
ep73 step136300/140100 loss=0.7343 acc=0.946 lr=2.00e-06 gnorm=2.02 160 smp/s
ep73 step136325/140100 loss=0.8406 acc=0.892 lr=2.00e-06 gnorm=5.67 160 smp/s
ep73 step136350/140100 loss=0.9164 acc=0.921 lr=2.00e-06 gnorm=3.72 160 smp/s
ep74 step136375/140100 loss=0.8260 acc=0.918 lr=2.00e-06 gnorm=1.74 160 smp/s
ep74 step136400/140100 loss=0.9138 acc=0.878 lr=2.00e-06 gnorm=4.23 160 smp/s
ep74 step136425/140100 loss=0.7417 acc=0.884 lr=2.00e-06 gnorm=2.98 160 smp/s
ep74 step136450/140100 loss=0.9473 acc=0.901 lr=2.00e-06 gnorm=2.14 160 smp/s
ep74 step136475/140100 loss=0.9488 acc=0.923 lr=2.00e-06 gnorm=3.46 160 smp/s
ep74 step136500/140100 loss=0.7466 acc=0.974 lr=2.00e-06 gnorm=1.95 160 smp/s
ep74 step136525/140100 loss=1.1984 acc=0.937 lr=2.00e-06 gnorm=3.89 160 smp/s
ep74 step136550/140100 loss=1.0870 acc=0.862 lr=2.00e-06 gnorm=4.75 160 smp/s
ep74 step136575/140100 loss=0.8304 acc=0.908 lr=2.00e-06 gnorm=2.68 160 smp/s
ep74 step136600/140100 loss=1.1414 acc=0.818 lr=2.00e-06 gnorm=2.68 160 smp/s
ep74 step136625/140100 loss=0.9306 acc=0.946 lr=2.00e-06 gnorm=2.06 160 smp/s
ep74 step136650/140100 loss=0.8980 acc=0.922 lr=2.00e-06 gnorm=2.88 160 smp/s
ep74 step136675/140100 loss=0.7366 acc=0.933 lr=2.00e-06 gnorm=4.25 160 smp/s
ep74 step136700/140100 loss=0.8880 acc=0.887 lr=2.00e-06 gnorm=2.43 160 smp/s
ep74 step136725/140100 loss=0.8468 acc=0.908 lr=2.00e-06 gnorm=3.10 160 smp/s
ep74 step136750/140100 loss=0.8500 acc=0.891 lr=2.00e-06 gnorm=2.86 160 smp/s
ep74 step136775/140100 loss=0.8519 acc=0.903 lr=2.00e-06 gnorm=2.87 160 smp/s
ep74 step136800/140100 loss=0.9069 acc=0.862 lr=2.00e-06 gnorm=3.10 160 smp/s
ep74 step136825/140100 loss=0.8756 acc=0.914 lr=2.00e-06 gnorm=2.77 160 smp/s
ep74 step136850/140100 loss=0.7430 acc=0.922 lr=2.00e-06 gnorm=3.63 160 smp/s
ep74 step136875/140100 loss=0.6289 acc=0.918 lr=2.00e-06 gnorm=3.10 160 smp/s
ep74 step136900/140100 loss=0.7497 acc=0.905 lr=2.00e-06 gnorm=3.86 160 smp/s
ep74 step136925/140100 loss=0.8337 acc=0.894 lr=2.00e-06 gnorm=2.90 160 smp/s
ep74 step136950/140100 loss=0.8928 acc=0.857 lr=2.00e-06 gnorm=2.75 160 smp/s
ep74 step136975/140100 loss=0.7665 acc=0.963 lr=2.00e-06 gnorm=1.97 160 smp/s
ep74 step137000/140100 loss=1.1725 acc=0.878 lr=2.00e-06 gnorm=4.02 160 smp/s
ep74 step137025/140100 loss=0.5800 acc=0.966 lr=2.00e-06 gnorm=3.52 160 smp/s
ep74 step137050/140100 loss=0.8776 acc=0.885 lr=2.00e-06 gnorm=3.44 160 smp/s
ep74 step137075/140100 loss=0.7048 acc=0.930 lr=2.00e-06 gnorm=2.13 160 smp/s
ep74 step137100/140100 loss=0.8904 acc=0.886 lr=2.00e-06 gnorm=3.92 160 smp/s
ep74 step137125/140100 loss=0.9359 acc=0.909 lr=2.00e-06 gnorm=2.17 160 smp/s
ep74 step137150/140100 loss=0.9615 acc=0.926 lr=2.00e-06 gnorm=2.40 160 smp/s
ep74 step137175/140100 loss=0.9366 acc=0.935 lr=2.00e-06 gnorm=2.29 160 smp/s
ep74 step137200/140100 loss=0.9188 acc=0.897 lr=2.00e-06 gnorm=2.69 160 smp/s
ep74 step137225/140100 loss=0.6487 acc=0.949 lr=2.00e-06 gnorm=1.95 160 smp/s
ep74 step137250/140100 loss=0.8402 acc=0.937 lr=2.00e-06 gnorm=3.96 160 smp/s
ep74 step137275/140100 loss=0.8739 acc=0.879 lr=2.00e-06 gnorm=4.97 160 smp/s
ep74 step137300/140100 loss=0.6839 acc=0.944 lr=2.00e-06 gnorm=4.83 160 smp/s
ep74 step137325/140100 loss=0.7871 acc=0.914 lr=2.00e-06 gnorm=6.89 160 smp/s
ep74 step137350/140100 loss=0.8549 acc=0.931 lr=2.00e-06 gnorm=2.18 160 smp/s
ep74 step137375/140100 loss=1.0238 acc=0.868 lr=2.00e-06 gnorm=3.27 160 smp/s
ep74 step137400/140100 loss=0.7197 acc=0.890 lr=2.00e-06 gnorm=3.41 160 smp/s
ep74 step137425/140100 loss=0.7350 acc=0.909 lr=2.00e-06 gnorm=2.41 160 smp/s
ep74 step137450/140100 loss=1.1244 acc=0.851 lr=2.00e-06 gnorm=3.56 160 smp/s
ep74 step137475/140100 loss=0.7234 acc=0.955 lr=2.00e-06 gnorm=4.14 160 smp/s
ep74 step137500/140100 loss=0.8171 acc=0.903 lr=2.00e-06 gnorm=2.23 160 smp/s
ep74 step137525/140100 loss=0.5988 acc=0.945 lr=2.00e-06 gnorm=2.19 160 smp/s
ep74 step137550/140100 loss=1.0356 acc=0.872 lr=2.00e-06 gnorm=2.75 160 smp/s
ep74 step137575/140100 loss=1.0881 acc=0.876 lr=2.00e-06 gnorm=1.95 160 smp/s
ep74 step137600/140100 loss=0.7383 acc=0.963 lr=2.00e-06 gnorm=2.33 160 smp/s
ep74 step137625/140100 loss=0.6184 acc=0.915 lr=2.00e-06 gnorm=1.76 160 smp/s
ep74 step137650/140100 loss=0.9715 acc=0.864 lr=2.00e-06 gnorm=7.15 160 smp/s
ep74 step137675/140100 loss=0.9158 acc=0.901 lr=2.00e-06 gnorm=2.37 160 smp/s
ep74 step137700/140100 loss=0.9758 acc=0.949 lr=2.00e-06 gnorm=2.37 160 smp/s
ep74 step137725/140100 loss=1.0568 acc=0.892 lr=2.00e-06 gnorm=3.15 160 smp/s
ep74 step137750/140100 loss=0.7100 acc=0.919 lr=2.00e-06 gnorm=3.13 160 smp/s
ep74 step137775/140100 loss=0.9115 acc=0.850 lr=2.00e-06 gnorm=1.98 160 smp/s
ep74 step137800/140100 loss=0.8314 acc=0.896 lr=2.00e-06 gnorm=3.27 160 smp/s
ep74 step137825/140100 loss=0.8598 acc=0.927 lr=2.00e-06 gnorm=2.31 160 smp/s
ep74 step137850/140100 loss=1.1610 acc=0.926 lr=2.00e-06 gnorm=2.41 160 smp/s
ep74 step137875/140100 loss=0.7732 acc=0.937 lr=2.00e-06 gnorm=5.01 160 smp/s
ep74 step137900/140100 loss=0.7878 acc=0.919 lr=2.00e-06 gnorm=2.47 160 smp/s
ep74 step137925/140100 loss=0.8614 acc=0.923 lr=2.00e-06 gnorm=3.99 160 smp/s
ep74 step137950/140100 loss=0.7660 acc=0.878 lr=2.00e-06 gnorm=2.02 160 smp/s
ep74 step137975/140100 loss=0.7784 acc=0.937 lr=2.00e-06 gnorm=6.09 160 smp/s
ep74 step138000/140100 loss=0.7039 acc=0.894 lr=2.00e-06 gnorm=5.18 160 smp/s
[eval @ 138000] WER=0.772 CER=0.381 SER=1.000 loss=0.674 content_acc=0.401 fill_rate=0.690 entropy=0.640 distinct=82
[eval @ 138000] iter32  WER=0.523 CER=0.192 SER=0.910 (mask-predict decode, n=200 clips)
   Full: ಸ ಾ ಂ ಸ ್ ಕ ೃ ಿ ಿ ಕ | ನ ಗ ರ ಿ | ಮ ೈ ಸ ೂ ರ ಿ ನ ಲ ್ ಲ ಿ | ಕ ೊ ರ ರ ನ ಾ ಾ | ೋ ಂ ಕ ು | ಹ ೆ ೆ ಚ ಚ ಚ ತ ್ ತ ಿ ಿ ು ು ವ | ಹ ಿ ನ ನ ನ ೆ ೆ ಯ ಲ ಲ ್ ಲ ಿ | 
   Hyp : ಸಸಾಂಸ್ಕೃಿಿಕ ನಗರಿ ಮೈಸೂರಿನಲ್ಲಿ ಕೊರರನಾಾ ೋಂಕು ಹೆೆಚಚಚತ್ತಿಿುುವ ಹಿನನನೆೆಯಲಲ್ಲಿ ಇಂದಿನಿಂದ 
   Ref : ಸಾಂಸ್ಕೃತಿಕ ನಗರಿ ಮೈಸೂರಿನಲ್ಲಿ ಕೊರೋನಾ ಸೋಂಕು ಹೆಚ್ಚುತ್ತಿರುವ ಹಿನ್ನೆಲೆಯಲ್ಲಿ ಇಂದಿನಿಂದ ಐದ
DEBUG:urllib3.connectionpool:Resetting dropped connection: api.wandb.ai
DEBUG:urllib3.connectionpool:https://api.wandb.ai:443 "POST /graphql HTTP/1.1" 200 60
ep74 step138025/140100 loss=0.8206 acc=0.931 lr=2.00e-06 gnorm=2.29 160 smp/s
ep74 step138050/140100 loss=1.0226 acc=0.884 lr=2.00e-06 gnorm=2.53 160 smp/s
ep74 step138075/140100 loss=1.1192 acc=0.912 lr=2.00e-06 gnorm=1.83 160 smp/s
ep74 step138100/140100 loss=0.6826 acc=0.913 lr=2.00e-06 gnorm=3.02 160 smp/s
ep74 step138125/140100 loss=0.8789 acc=0.928 lr=2.00e-06 gnorm=2.10 160 smp/s
ep74 step138150/140100 loss=0.6398 acc=0.947 lr=2.00e-06 gnorm=1.99 160 smp/s
ep74 step138175/140100 loss=1.1479 acc=0.862 lr=2.00e-06 gnorm=3.20 160 smp/s
ep74 step138200/140100 loss=0.6991 acc=0.947 lr=2.00e-06 gnorm=1.79 160 smp/s
ep74 step138225/140100 loss=0.7665 acc=0.966 lr=2.00e-06 gnorm=4.73 160 smp/s
ep75 step138250/140100 loss=0.7640 acc=0.962 lr=2.00e-06 gnorm=2.34 160 smp/s
ep75 step138275/140100 loss=0.7952 acc=0.875 lr=2.00e-06 gnorm=1.90 160 smp/s
ep75 step138300/140100 loss=0.8202 acc=0.913 lr=2.00e-06 gnorm=4.38 160 smp/s
ep75 step138325/140100 loss=0.9257 acc=0.908 lr=2.00e-06 gnorm=2.69 160 smp/s
ep75 step138350/140100 loss=0.8714 acc=0.877 lr=2.00e-06 gnorm=5.65 160 smp/s
ep75 step138375/140100 loss=1.1808 acc=0.868 lr=2.00e-06 gnorm=2.32 160 smp/s
ep75 step138400/140100 loss=0.8662 acc=0.898 lr=2.00e-06 gnorm=4.83 160 smp/s
ep75 step138425/140100 loss=1.1613 acc=0.888 lr=2.00e-06 gnorm=2.66 160 smp/s
ep75 step138450/140100 loss=0.7723 acc=0.900 lr=2.00e-06 gnorm=2.92 160 smp/s
ep75 step138475/140100 loss=0.5764 acc=0.943 lr=2.00e-06 gnorm=3.14 160 smp/s
ep75 step138500/140100 loss=0.9399 acc=0.952 lr=2.00e-06 gnorm=3.49 160 smp/s
ep75 step138525/140100 loss=0.9130 acc=0.914 lr=2.00e-06 gnorm=6.91 160 smp/s
ep75 step138550/140100 loss=1.0010 acc=0.900 lr=2.00e-06 gnorm=1.83 160 smp/s
ep75 step138575/140100 loss=0.9008 acc=0.955 lr=2.00e-06 gnorm=1.89 160 smp/s
ep75 step138600/140100 loss=0.6977 acc=0.898 lr=2.00e-06 gnorm=2.03 160 smp/s
ep75 step138625/140100 loss=0.7682 acc=0.923 lr=2.00e-06 gnorm=4.12 160 smp/s
ep75 step138650/140100 loss=0.9599 acc=0.915 lr=2.00e-06 gnorm=2.23 160 smp/s
ep75 step138675/140100 loss=1.0599 acc=0.933 lr=2.00e-06 gnorm=1.34 160 smp/s
ep75 step138700/140100 loss=0.9138 acc=0.912 lr=2.00e-06 gnorm=4.36 160 smp/s
ep75 step138725/140100 loss=0.7340 acc=0.917 lr=2.00e-06 gnorm=3.66 160 smp/s
ep75 step138750/140100 loss=0.6298 acc=0.908 lr=2.00e-06 gnorm=2.62 160 smp/s
ep75 step138775/140100 loss=1.0148 acc=0.918 lr=2.00e-06 gnorm=2.59 160 smp/s
ep75 step138800/140100 loss=0.8478 acc=0.911 lr=2.00e-06 gnorm=3.78 160 smp/s
ep75 step138825/140100 loss=0.8590 acc=0.878 lr=2.00e-06 gnorm=3.66 160 smp/s
ep75 step138850/140100 loss=1.1237 acc=0.873 lr=2.00e-06 gnorm=2.36 160 smp/s
ep75 step138875/140100 loss=0.9015 acc=0.914 lr=2.00e-06 gnorm=2.82 160 smp/s
ep75 step138900/140100 loss=0.8106 acc=0.906 lr=2.00e-06 gnorm=3.56 160 smp/s
ep75 step138925/140100 loss=1.0763 acc=0.874 lr=2.00e-06 gnorm=5.63 160 smp/s
ep75 step138950/140100 loss=0.8045 acc=0.935 lr=2.00e-06 gnorm=2.61 160 smp/s
ep75 step138975/140100 loss=0.8717 acc=0.906 lr=2.00e-06 gnorm=2.98 160 smp/s
ep75 step139000/140100 loss=0.7390 acc=0.945 lr=2.00e-06 gnorm=2.01 160 smp/s
ep75 step139025/140100 loss=0.8534 acc=0.943 lr=2.00e-06 gnorm=2.95 160 smp/s
ep75 step139050/140100 loss=0.6500 acc=0.918 lr=2.00e-06 gnorm=2.92 160 smp/s
ep75 step139075/140100 loss=0.6765 acc=0.922 lr=2.00e-06 gnorm=2.32 160 smp/s
ep75 step139100/140100 loss=0.9534 acc=0.940 lr=2.00e-06 gnorm=2.89 160 smp/s
ep75 step139125/140100 loss=0.6230 acc=0.961 lr=2.00e-06 gnorm=1.63 160 smp/s
ep75 step139150/140100 loss=0.6245 acc=0.913 lr=2.00e-06 gnorm=1.88 160 smp/s
ep75 step139175/140100 loss=0.7912 acc=0.925 lr=2.00e-06 gnorm=3.28 160 smp/s
ep75 step139200/140100 loss=0.9143 acc=0.879 lr=2.00e-06 gnorm=2.08 160 smp/s
ep75 step139225/140100 loss=0.5727 acc=0.952 lr=2.00e-06 gnorm=3.14 160 smp/s
ep75 step139250/140100 loss=0.9314 acc=0.907 lr=2.00e-06 gnorm=2.58 160 smp/s
ep75 step139275/140100 loss=1.0008 acc=0.887 lr=2.00e-06 gnorm=2.59 160 smp/s
ep75 step139300/140100 loss=0.8949 acc=0.911 lr=2.00e-06 gnorm=2.56 160 smp/s
ep75 step139325/140100 loss=0.9712 acc=0.937 lr=2.00e-06 gnorm=2.28 160 smp/s
ep75 step139350/140100 loss=0.5717 acc=0.879 lr=2.00e-06 gnorm=1.93 160 smp/s
ep75 step139375/140100 loss=0.9806 acc=0.917 lr=2.00e-06 gnorm=3.86 160 smp/s
ep75 step139400/140100 loss=0.6732 acc=0.896 lr=2.00e-06 gnorm=2.33 160 smp/s
ep75 step139425/140100 loss=0.7908 acc=0.916 lr=2.00e-06 gnorm=2.46 160 smp/s
ep75 step139450/140100 loss=1.1703 acc=0.869 lr=2.00e-06 gnorm=2.81 160 smp/s
ep75 step139475/140100 loss=0.6986 acc=0.895 lr=2.00e-06 gnorm=3.33 160 smp/s
ep75 step139500/140100 loss=0.8552 acc=0.952 lr=2.00e-06 gnorm=3.45 160 smp/s
ep75 step139525/140100 loss=1.3010 acc=0.879 lr=2.00e-06 gnorm=1.95 160 smp/s
ep75 step139550/140100 loss=0.7713 acc=0.941 lr=2.00e-06 gnorm=1.96 160 smp/s
ep75 step139575/140100 loss=0.8749 acc=0.890 lr=2.00e-06 gnorm=2.53 160 smp/s
ep75 step139600/140100 loss=0.6985 acc=0.939 lr=2.00e-06 gnorm=2.50 160 smp/s
ep75 step139625/140100 loss=0.7162 acc=0.856 lr=2.00e-06 gnorm=1.73 160 smp/s
ep75 step139650/140100 loss=0.8146 acc=0.898 lr=2.00e-06 gnorm=2.86 160 smp/s
ep75 step139675/140100 loss=0.9935 acc=0.866 lr=2.00e-06 gnorm=2.26 160 smp/s
ep75 step139700/140100 loss=0.8104 acc=0.875 lr=2.00e-06 gnorm=3.71 160 smp/s
ep75 step139725/140100 loss=0.9204 acc=0.941 lr=2.00e-06 gnorm=3.50 160 smp/s
ep75 step139750/140100 loss=1.2577 acc=0.837 lr=2.00e-06 gnorm=2.70 160 smp/s
ep75 step139775/140100 loss=1.2572 acc=0.879 lr=2.00e-06 gnorm=3.76 160 smp/s
ep75 step139800/140100 loss=1.0189 acc=0.912 lr=2.00e-06 gnorm=2.98 160 smp/s
ep75 step139825/140100 loss=0.6449 acc=0.899 lr=2.00e-06 gnorm=3.11 160 smp/s
ep75 step139850/140100 loss=0.9165 acc=0.926 lr=2.00e-06 gnorm=2.47 160 smp/s
ep75 step139875/140100 loss=0.7815 acc=0.909 lr=2.00e-06 gnorm=3.21 160 smp/s
ep75 step139900/140100 loss=0.7940 acc=0.961 lr=2.00e-06 gnorm=3.22 160 smp/s
ep75 step139925/140100 loss=0.9250 acc=0.926 lr=2.00e-06 gnorm=2.21 160 smp/s
ep75 step139950/140100 loss=0.7693 acc=0.928 lr=2.00e-06 gnorm=1.85 160 smp/s
ep75 step139975/140100 loss=0.8616 acc=0.912 lr=2.00e-06 gnorm=2.69 160 smp/s
ep75 step140000/140100 loss=0.7013 acc=0.934 lr=2.00e-06 gnorm=4.57 160 smp/s
[eval @ 140000] WER=0.777 CER=0.380 SER=1.000 loss=0.731 content_acc=0.372 fill_rate=0.687 entropy=0.645 distinct=82
[eval @ 140000] iter32  WER=0.534 CER=0.199 SER=0.915 (mask-predict decode, n=200 clips)
   Full: ಸ ಾ ಂ ಸ ್ ಕ ೃ ಿ ಿ ಕ | ನ ಗ ರ ಿ | ಮ ೈ ಸ ೂ ರ ಿ ನ ಲ ್ ಲ ಿ | ಕ ೊ ರ ರ ನ ಾ ಾ ಸ ೋ ಂ ಕ ು | ಹ ೆ ಚ ್ ಚ ು ತ ್ ತ ಿ ರ ು ವ ವ ಹ ಿ ನ ್ ನ ನ ೆ ೆ ಯ ಲ ್ ಲ ಿ ಿ | 
   Hyp : ಸಸಾಂಸ್ಕೃಿಿಕ ನಗರಿ ಮೈಸೂರಿನಲ್ಲಿ ಕೊರರನಾಾಸೋಂಕು ಹೆಚ್ಚುತ್ತಿರುವವಹಿನ್ನನೆೆಯಲ್ಲಿಿ ಇಂಿಿನಿಂದಐ
   Ref : ಸಾಂಸ್ಕೃತಿಕ ನಗರಿ ಮೈಸೂರಿನಲ್ಲಿ ಕೊರೋನಾ ಸೋಂಕು ಹೆಚ್ಚುತ್ತಿರುವ ಹಿನ್ನೆಲೆಯಲ್ಲಿ ಇಂದಿನಿಂದ ಐದ
DEBUG:urllib3.connectionpool:Resetting dropped connection: api.wandb.ai
DEBUG:urllib3.connectionpool:https://api.wandb.ai:443 "POST /graphql HTTP/1.1" 200 60
ep75 step140025/140100 loss=1.0613 acc=0.936 lr=2.00e-06 gnorm=2.47 160 smp/s
ep75 step140050/140100 loss=1.1090 acc=0.888 lr=2.00e-06 gnorm=4.19 160 smp/s
ep75 step140075/140100 loss=1.0206 acc=0.882 lr=2.00e-06 gnorm=3.21 160 smp/s
ep75 step140100/140100 loss=0.9203 acc=0.891 lr=2.00e-06 gnorm=4.01 160 smp/s
[eval @ 140100] WER=0.780 CER=0.380 SER=1.000 loss=0.747 content_acc=0.364 fill_rate=0.686 entropy=0.662 distinct=82
[eval @ 140100] iter32  WER=0.544 CER=0.201 SER=0.905 (mask-predict decode, n=200 clips)
   Full: ಸ ಾ ಂ ಸ ್ ಕ ೃ ಿ ಿ ಕ | ನ ಗ ರ ಿ | ಮ ೈ ಸ ೂ ರ ಿ ನ ಲ ್ ಲ ಿ | ಕ ೊ ರ ರ ನ ಾ ಾ | ೋ ಂ ಕ ು | ಹ ೆ ೆ ಚ ಚ ಚ ತ ್ ತ ಿ ರ ು ವ ವ ಹ ಿ ನ ್ ನ ನ ೆ ೆ ಯ ಲ ಲ ಲ ಿ ಿ | 
   Hyp : ಸಸಾಂಸ್ಕೃಿಿಕ ನಗರಿ ಮೈಸೂರಿನಲ್ಲಿ ಕೊರರನಾಾ ೋಂಕು ಹೆೆಚಚಚತ್ತಿರುವವಹಿನ್ನನೆೆಯಲಲಲಿಿ ಇಂಿಿನಿಂದಐ
   Ref : ಸಾಂಸ್ಕೃತಿಕ ನಗರಿ ಮೈಸೂರಿನಲ್ಲಿ ಕೊರೋನಾ ಸೋಂಕು ಹೆಚ್ಚುತ್ತಿರುವ ಹಿನ್ನೆಲೆಯಲ್ಲಿ ಇಂದಿನಿಂದ ಐದ
DEBUG:urllib3.connectionpool:https://api.wandb.ai:443 "POST /graphql HTTP/1.1" 200 60
wandb: uploading artifact run-06tgvd3w-samples; updating run metadata
wandb: uploading artifact run-06tgvd3w-samples
wandb: uploading output.log; uploading wandb-summary.json; uploading config.yaml; uploading media/table/samples_140100_5a0ef290003919d030f6.table.json
wandb: uploading output.log
wandb: uploading history steps 5605-5605, summary, console lines 5309-5314
wandb: 
wandb: Run history:
wandb:                        epoch ▁▁▁▂▂▂▂▂▂▃▃▃▃▃▄▄▄▄▄▄▅▅▅▅▅▆▆▆▆▆▇▇▇▇▇█████
wandb:                     eval/CER █▆▇▆▆▅▆▅▅▅▆▅▅▅▅▅▅▄▅▄▅▃▄▄▃▂▄▃▄▄▂▃▁▂▃▂▂▂▁▁
wandb:                     eval/SER ▁▁▁▁▁▁▁▁▁▁▁▁▁▁▁▁▁▁▁▁▁▁▁▁▁▁▁▁▁▁▁▁▁▁▁▁▁▁▁▁
wandb:                     eval/WER ▇▇█▆█▆▇▆▆▆▅▆▅▅▆▅▆▅▄▄▅▄▄▄▃▄▃▄▅▅▃▂▂▄▁▂▂▂▁▂
wandb:       eval/content_frame_acc ▃▂▆▁▄▅▅▆▃▅▆▄▅▃▁▇▄▄▂▄▂▃▃▄▅▄▆▄▂▁▆▃▆▅▂▃▅▄█▅
wandb: eval/distinct_nonfill_tokens ▁▁▁▁▁▁▁▁▁▁▁▁▁▁█▁▁▁████▁▁█▁██▁█▁█▁██████▁
wandb:          eval/fill_frame_acc ▄▃▁▅▄▃▂▅▄▃▄▁▃▂▂▄▂▆▂▄▃▃▃▁▅▇▄▃▇▄▅█▃▅▂▄▅▄▅▃
wandb:          eval/fill_pred_rate ▄▃▂▅▅▃▂▆▂▄▄▄▄▁▃▂▄▂▆▂▄▃▃▁▄▆▆▄▃▇▂▅▇▃▅▂▅▄█▃
wandb:        eval/graded_frame_acc ▄▃▂▆▂▄▅▂▅▃▅▃▄▅▃▂▂▇▃▄▄▃▂▄▅▄▅▄▂▁▆▃▆▅▂▃▄▄█▅
wandb:                eval/iter_CER ▇▇▆▅▆▆▇▅▆▆▅▅▆▆▆█▅▆▆▄▅▄▅▅▄▃▂▃▃▃▃▁▃▁▃▃▂▃▁▂
wandb:                          +11 ...
wandb: 
wandb: Run summary:
wandb:                        epoch 75
wandb:                     eval/CER 0.37968
wandb:                     eval/SER 1
wandb:                     eval/WER 0.77969
wandb:       eval/content_frame_acc 0.36433
wandb: eval/distinct_nonfill_tokens 82
wandb:          eval/fill_frame_acc 0.96319
wandb:          eval/fill_pred_rate 0.68627
wandb:        eval/graded_frame_acc 0.78996
wandb:                eval/iter_CER 0.20125
wandb:                          +11 ...
wandb: 
wandb: 🚀 View run kn_en_d2vaqcKN_sa8_ACMLM_alibi_fps50_fw003_exp at: https://wandb.ai/abhisingh964800-iit-madras-foundation/indic_nar_kn_en/runs/06tgvd3w
wandb: ⭐️ View project at: https://wandb.ai/abhisingh964800-iit-madras-foundation/indic_nar_kn_en
wandb: Synced 5 W&B file(s), 57 media file(s), 114 artifact file(s) and 0 other file(s)
wandb: Find logs at: ./wandb/run-20260917_152645-06tgvd3w/logs
wandb: updating run metadata
wandb: uploading output.log; uploading wandb-summary.json; uploading config.yaml
wandb: uploading output.log
wandb: uploading history steps 4483-4483, summary, console lines 5298-5339
wandb: 
wandb: Run history:
wandb:                        epoch ▁▁▁▂▂▂▂▃▃▃▃▃▃▃▃▄▄▄▄▄▅▅▅▅▅▆▆▆▆▆▇▇▇▇██████
wandb:                     eval/CER ▇██▇▇▆▆▆▅▅▅▅▅▅▅▅▅▅▅▅▄▃▄▃▄▂▂▄▃▃▃▃▂▁▁▂▂▂▁▁
wandb:                     eval/SER ▁▁▁▁▁▁▁▁▁▁▁▁▁▁▁▁▁▁▁▁▁▁▁▁▁▁▁▁▁▁▁▁▁▁▁▁▁▁▁▁
wandb:                     eval/WER ▇██▇▆▅▇▅▆▅▅▅▅▅▄▄▅▅▄▄▅▄▃▄▃▁▃▃▃▄▃▂▃▁▂▂▂▁▂▁
wandb:       eval/content_frame_acc ▄▁▅▄▃▆▁▄▃▅▆▃▅▆▄▅▃▅▁▂▄▄▂▄▄▃▄▅▆▂▃▃▆▅▂▃▅▄█▅
wandb: eval/distinct_nonfill_tokens ▁▁▁▁▁▁▁▁▁▁▁▁▁▁▁▁▁▁█▁▁▁███▁█▁███▁██████▁▁
wandb:          eval/fill_frame_acc ▅▆▃▅▃▅▃▂▅▄▅▄▄▁▃▂▄▂▂▄▃▃▃▁▄▇▇▄▃▇▅█▃▅▄▄▅▄▅▅
wandb:          eval/fill_pred_rate ▅▆▅▄▃▅▅▃▃▂▂▄▃▄▁▂▂▃▄▂▂▃▃▁▄▆▆▄▃▇▅▇▃▅▄▅▄▄█▃
wandb:        eval/graded_frame_acc ▄▄▁▅▄▆▁▄▃▄▅▄▅▃▄▂▄▂▁▇▃▂▄▃▃▅▄▅▄▂▃▃▆▅▂▂▃▄█▅
wandb:                eval/iter_CER ▇▆█▆▇▆▆▇▆▇▆▆▅▆▆█▆▆▆▆▅▅▅▅▅▄▃▄▃▄▄▄▂▂▄▄▃▂▁▄
wandb:                          +11 ...
wandb: 
wandb: Run summary:
wandb:                        epoch 75
wandb:                     eval/CER 0.37968
wandb:                     eval/SER 1
wandb:                     eval/WER 0.77969
wandb:       eval/content_frame_acc 0.36433
wandb: eval/distinct_nonfill_tokens 82
wandb:          eval/fill_frame_acc 0.96319
wandb:          eval/fill_pred_rate 0.68627
wandb:        eval/graded_frame_acc 0.78996
wandb:                eval/iter_CER 0.20125
wandb:                          +11 ...
wandb: 
wandb: 🚀 View run kn_en_ep15resume_constlr2e6_75ep_LIVE at: https://wandb.ai/abhisingh964800-iit-madras-foundation/indic_nar_kn_en/runs/lwi6nrah
wandb: ⭐️ View project at: https://wandb.ai/abhisingh964800-iit-madras-foundation/indic_nar_kn_en
wandb: Synced 5 W&B file(s), 0 media file(s), 0 artifact file(s) and 0 other file(s)
wandb: Find logs at: ./wandb/run-20260917_152648-lwi6nrah/logs
DONE
DEBUG:filelock:Attempting to acquire lock 133320054409344 on /speech/abhishek/.triton/autotune/Fp16Matmul_2d_kernel.pickle.lock
DEBUG:filelock:Lock 133320054409344 acquired on /speech/abhishek/.triton/autotune/Fp16Matmul_2d_kernel.pickle.lock
DEBUG:filelock:Attempting to release lock 133320054409344 on /speech/abhishek/.triton/autotune/Fp16Matmul_2d_kernel.pickle.lock
DEBUG:filelock:Lock 133320054409344 released on /speech/abhishek/.triton/autotune/Fp16Matmul_2d_kernel.pickle.lock
DEBUG:filelock:Attempting to acquire lock 133320054407376 on /speech/abhishek/.triton/autotune/Fp16Matmul_4d_kernel.pickle.lock
DEBUG:filelock:Lock 133320054407376 acquired on /speech/abhishek/.triton/autotune/Fp16Matmul_4d_kernel.pickle.lock
DEBUG:filelock:Attempting to release lock 133320054407376 on /speech/abhishek/.triton/autotune/Fp16Matmul_4d_kernel.pickle.lock
DEBUG:filelock:Lock 133320054407376 released on /speech/abhishek/.triton/autotune/Fp16Matmul_4d_kernel.pickle.lock
DEBUG:filelock:Attempting to acquire lock 139243302946848 on /speech/abhishek/.triton/autotune/Fp16Matmul_2d_kernel.pickle.lock
DEBUG:filelock:Lock 139243302946848 acquired on /speech/abhishek/.triton/autotune/Fp16Matmul_2d_kernel.pickle.lock
DEBUG:filelock:Attempting to release lock 139243302946848 on /speech/abhishek/.triton/autotune/Fp16Matmul_2d_kernel.pickle.lock
DEBUG:filelock:Lock 139243302946848 released on /speech/abhishek/.triton/autotune/Fp16Matmul_2d_kernel.pickle.lock
DEBUG:filelock:Attempting to acquire lock 139243302953424 on /speech/abhishek/.triton/autotune/Fp16Matmul_4d_kernel.pickle.lock
DEBUG:filelock:Lock 139243302953424 acquired on /speech/abhishek/.triton/autotune/Fp16Matmul_4d_kernel.pickle.lock
DEBUG:filelock:Attempting to release lock 139243302953424 on /speech/abhishek/.triton/autotune/Fp16Matmul_4d_kernel.pickle.lock
DEBUG:filelock:Lock 139243302953424 released on /speech/abhishek/.triton/autotune/Fp16Matmul_4d_kernel.pickle.lock
DEBUG:filelock:Attempting to acquire lock 128931029846192 on /speech/abhishek/.triton/autotune/Fp16Matmul_2d_kernel.pickle.lock
DEBUG:filelock:Lock 128931029846192 acquired on /speech/abhishek/.triton/autotune/Fp16Matmul_2d_kernel.pickle.lock
DEBUG:filelock:Attempting to release lock 128931029846192 on /speech/abhishek/.triton/autotune/Fp16Matmul_2d_kernel.pickle.lock
DEBUG:filelock:Lock 128931029846192 released on /speech/abhishek/.triton/autotune/Fp16Matmul_2d_kernel.pickle.lock
DEBUG:filelock:Attempting to acquire lock 128931029844224 on /speech/abhishek/.triton/autotune/Fp16Matmul_4d_kernel.pickle.lock
DEBUG:filelock:Lock 128931029844224 acquired on /speech/abhishek/.triton/autotune/Fp16Matmul_4d_kernel.pickle.lock
DEBUG:filelock:Attempting to release lock 128931029844224 on /speech/abhishek/.triton/autotune/Fp16Matmul_4d_kernel.pickle.lock
DEBUG:filelock:Lock 128931029844224 released on /speech/abhishek/.triton/autotune/Fp16Matmul_4d_kernel.pickle.lock
DEBUG:filelock:Attempting to acquire lock 129648647850112 on /speech/abhishek/.triton/autotune/Fp16Matmul_2d_kernel.pickle.lock
DEBUG:filelock:Lock 129648647850112 acquired on /speech/abhishek/.triton/autotune/Fp16Matmul_2d_kernel.pickle.lock
DEBUG:filelock:Attempting to release lock 129648647850112 on /speech/abhishek/.triton/autotune/Fp16Matmul_2d_kernel.pickle.lock
DEBUG:filelock:Lock 129648647850112 released on /speech/abhishek/.triton/autotune/Fp16Matmul_2d_kernel.pickle.lock
DEBUG:filelock:Attempting to acquire lock 129648647848144 on /speech/abhishek/.triton/autotune/Fp16Matmul_4d_kernel.pickle.lock
DEBUG:filelock:Lock 129648647848144 acquired on /speech/abhishek/.triton/autotune/Fp16Matmul_4d_kernel.pickle.lock
DEBUG:filelock:Attempting to release lock 129648647848144 on /speech/abhishek/.triton/autotune/Fp16Matmul_4d_kernel.pickle.lock
DEBUG:filelock:Lock 129648647848144 released on /speech/abhishek/.triton/autotune/Fp16Matmul_4d_kernel.pickle.lock
